date,smallcap_close,nifty50_close,ratio,relative_100
2016-10-04,5098.94,8769.15,0.58146342576,100
2016-10-05,5137.94,8743.95,0.587599425889,101.055268458
2016-10-06,5105.42,8709.55,0.586186427542,100.812261197
2016-10-07,5111.9,8697.6,0.587736846946,101.078902113
2016-10-10,5117.85,8708.8,0.587664201727,101.066408598
2016-10-13,5029.99,8573.35,0.586700647938,100.90069675
2016-10-14,5067.61,8583.4,0.590396579444,101.536322542
2016-10-17,5042.54,8520.4,0.591819632881,101.781059077
2016-10-18,5104.68,8677.9,0.588239090102,101.165277822
2016-10-19,5128.13,8659.1,0.592224365119,101.850664871
2016-10-20,5164.79,8699.4,0.593694967469,102.103578861
2016-10-21,5178.46,8693.05,0.595701163573,102.448604191
2016-10-24,5206.44,8708.95,0.597826374018,102.814097591
2016-10-25,5203.17,8691.3,0.598664181423,102.958183594
2016-10-26,5166.44,8615.25,0.599685441514,103.133819763
2016-10-27,5126.29,8615.25,0.595025100839,102.332335015
2016-10-28,5160.38,8638,0.597404491781,102.741542342
2016-10-30,5201.36,8625.7,0.603007292162,103.705111181
2016-11-01,5197.45,8626.25,0.602515577453,103.620546153
2016-11-02,5100.04,8514,0.599018087855,103.019048373
2016-11-03,5044.02,8484.95,0.594466673345,102.236296732
2016-11-04,4931.03,8433.75,0.58467822736,100.552881137
2016-11-07,4998.12,8497.05,0.588218263986,101.161696149
2016-11-08,5002.52,8543.55,0.585531775433,100.699674217
2016-11-09,4867.43,8432,0.577256878558,99.2765585907
2016-11-10,4953.71,8525.75,0.581029234965,99.9253279268
2016-11-11,4778.87,8296.3,0.576024251775,99.0645716061
2016-11-15,4540.62,8108.45,0.559986187249,96.3063474745
2016-11-16,4553.34,8111.6,0.56133685093,96.5386344285
2016-11-17,4524.98,8079.95,0.560025742734,96.3131502213
2016-11-18,4547.2,8074.1,0.563183512713,96.8562230682
2016-11-21,4383.5,7929.1,0.552837018073,95.0768343427
2016-11-22,4422.38,8002.3,0.552638616398,95.0427132499
2016-11-23,4502.4,8033.3,0.56046705588,96.3890471955
2016-11-24,4503.01,7965.5,0.565314167347,97.222652759
2016-11-25,4587.85,8114.3,0.565403053868,97.2379394507
2016-11-28,4620.77,8126.9,0.568577194256,97.7838276781
2016-11-29,4652.51,8142.15,0.571410499684,98.2710991559
2016-11-30,4714.26,8224.5,0.573197154842,98.5783678644
2016-12-01,4681.38,8192.9,0.57139474423,98.2683895351
2016-12-02,4621.1,8086.8,0.571437404165,98.2757261849
2016-12-05,4622.97,8128.75,0.568718437644,97.8081186966
2016-12-06,4649.55,8143.15,0.570976833289,98.1965172691
2016-12-07,4622.74,8102.05,0.570564239915,98.1255595172
2016-12-08,4679.24,8246.85,0.567397248646,97.5809007944
2016-12-09,4705.57,8261.75,0.569560928375,97.9530101366
2016-12-12,4666.16,8170.8,0.571077495472,98.2138291373
2016-12-13,4673.34,8221.8,0.568408377728,97.7547946348
2016-12-14,4634.75,8182.45,0.566425703793,97.4138146441
2016-12-15,4648.16,8153.6,0.570074568289,98.0413458584
2016-12-16,4636.23,8139.45,0.569599911542,97.9597144563
2016-12-19,4608.87,8104.35,0.568690888227,97.8033807516
2016-12-20,4566.66,8082.4,0.565012867465,97.1708352468
2016-12-21,4574.59,8061.3,0.567475469217,97.5943531574
2016-12-22,4512.54,7979.1,0.565544986277,97.2623489668
2016-12-23,4506.36,7985.75,0.564300159659,97.0482638564
2016-12-26,4408.88,7908.25,0.557503872538,95.8794393319
2016-12-27,4471.76,8032.85,0.556684115849,95.7384576892
2016-12-28,4503.1,8034.85,0.560446056865,96.3854357877
2016-12-29,4550.09,8103.6,0.561489955082,96.5649652595
2016-12-30,4599.77,8185.8,0.561920643065,96.6390349196
2017-01-02,4669.83,8179.5,0.570918760315,98.186529887
2017-01-03,4725.86,8192.25,0.576869602368,99.2099548849
2017-01-04,4748.42,8190.5,0.579747268177,99.7048554549
2017-01-05,4793.38,8273.8,0.579344436655,99.6355765453
2017-01-06,4773.26,8243.8,0.579012106068,99.5784223765
2017-01-09,4801.38,8236.05,0.582971205857,100.259307814
2017-01-10,4841.79,8288.6,0.584150519991,100.462126096
2017-01-11,4889.53,8380.65,0.583430879466,100.338362418
2017-01-12,4874.94,8407.2,0.579852983157,99.7230363027
2017-01-13,4880.51,8400.35,0.580988887368,99.9183889526
2017-01-16,4915.13,8412.8,0.584244246862,100.478245231
2017-01-17,4926.56,8398,0.586634913075,100.889391677
2017-01-18,4953.85,8417,0.588552928597,101.219251723
2017-01-19,4961.63,8435.1,0.588212350772,101.160679196
2017-01-20,4887.94,8349.35,0.585427608137,100.68175954
2017-01-23,4917.97,8391.5,0.586065661681,100.791491901
2017-01-24,4945.08,8475.8,0.583435191958,100.33910408
2017-01-25,4996.65,8602.75,0.5808200866,99.8893586198
2017-01-27,5031.55,8641.25,0.582271083466,100.138900861
2017-01-30,5024.27,8632.75,0.58200110046,100.092469221
2017-01-31,4968.62,8561.3,0.580358123182,99.8099102147
2017-02-01,5062.78,8716.4,0.58083383048,99.8917222905
2017-02-02,5117.46,8734.25,0.585907204396,100.764240439
2017-02-03,5187.25,8740.95,0.593442360384,102.060135529
2017-02-06,5240.93,8801.05,0.595489174587,102.412146355
2017-02-07,5235.88,8768.3,0.597137415463,102.695610594
2017-02-08,5259.71,8769.05,0.599803855606,103.154184603
2017-02-09,5269.29,8778.4,0.600256310945,103.23199781
2017-02-10,5268.9,8793.55,0.59917780646,103.046516757
2017-02-13,5222.24,8805.05,0.593096007405,102.000569792
2017-02-14,5183.12,8792.3,0.589506727477,101.383285923
2017-02-15,5093.74,8724.7,0.583829816498,100.406971554
2017-02-16,5153.66,8778,0.587110959216,100.971262027
2017-02-17,5188.13,8821.7,0.588110001474,101.143077177
2017-02-20,5239.18,8879.2,0.590050905487,101.476873583
2017-02-21,5266.69,8907.85,0.591241433118,101.681620361
2017-02-22,5237.61,8926.9,0.586722154387,100.904395426
2017-02-23,5241.44,8939.5,0.586323619889,100.835855518
2017-02-27,5249.15,8896.7,0.590010902919,101.469993946
2017-02-28,5291.75,8879.6,0.595944637146,102.490476743
2017-03-01,5326.74,8945.8,0.595445907577,102.4047053
2017-03-02,5261.81,8899.75,0.59123121436,101.67986294
2017-03-03,5280.13,8897.55,0.593436395412,102.059109674
2017-03-06,5305.08,8963.45,0.591856930088,101.787473445
2017-03-07,5309.95,8946.9,0.593496071265,102.069372719
2017-03-08,5283.64,8924.3,0.592050917159,101.820835315
2017-03-09,5281.02,8927,0.591578357791,101.73956462
2017-03-10,5273.58,8934.55,0.590245731458,101.510379726
2017-03-14,5339.38,9087,0.587584461318,101.052694854
2017-03-15,5387.2,9084.8,0.592990489609,101.982422856
2017-03-16,5442.16,9153.7,0.594531173187,102.247389405
2017-03-17,5430.76,9160.05,0.592874493043,101.962473782
2017-03-20,5438.85,9126.85,0.595917540006,102.48581658
2017-03-21,5433.64,9121.5,0.595695883353,102.4476961
2017-03-22,5383.92,9030.45,0.596196202847,102.533740977
2017-03-23,5432.83,9086.3,0.597914442622,102.829243618
2017-03-24,5461.7,9108,0.599659639877,103.129382402
2017-03-27,5455.99,9045.2,0.603191748109,103.73683389
2017-03-28,5477.58,9100.8,0.601878955696,103.511060031
2017-03-29,5506.72,9143.8,0.602235394475,103.572360323
2017-03-30,5545.24,9173.75,0.604468183676,103.956355103
2017-03-31,5596.81,9173.75,0.610089657992,104.923135483
2017-04-03,5671.1,9237.85,0.613898255546,105.578137566
2017-04-05,5741.33,9265.15,0.619669406324,106.570659283
2017-04-06,5721.31,9261.95,0.617721969996,106.235739451
2017-04-07,5675.65,9198.3,0.617032495135,106.11716366
2017-04-10,5715.99,9181.45,0.622558528337,107.06753009
2017-04-11,5785.81,9237,0.626373281368,107.723590792
2017-04-12,5758.29,9203.45,0.625666462033,107.6020321
2017-04-13,5770.23,9150.8,0.630571097609,108.445530651
2017-04-17,5802.96,9139.3,0.634945783594,109.197888546
2017-04-18,5748.07,9105.15,0.631298770476,108.570675731
2017-04-19,5802.67,9103.5,0.637410885923,109.621836505
2017-04-20,5890.4,9136.4,0.644717831969,110.878484081
2017-04-21,5926.06,9119.4,0.649830032678,111.757679656
2017-04-24,5979.51,9217.95,0.648681105886,111.560087384
2017-04-25,6015.56,9306.6,0.64637569037,111.163602341
2017-04-26,5954.05,9351.85,0.636670819143,109.494559922
2017-04-27,5957.93,9342.15,0.63774719952,109.679675671
2017-04-28,5996.6,9304.05,0.644515023028,110.843605027
2017-05-02,6015.11,9313.8,0.645827696536,111.069358437
2017-05-03,6029.19,9311.95,0.647468038381,111.351464202
2017-05-04,6049.19,9359.9,0.646287887691,111.148502048
2017-05-05,5981.71,9285.3,0.644212895652,110.791645203
2017-05-08,6035.2,9314.05,0.647967318191,111.437330275
2017-05-09,6071.29,9316.85,0.651646210897,112.070025737
2017-05-10,6120.79,9407.3,0.650642586077,111.897422478
2017-05-11,6113.34,9422.4,0.648809220581,111.582120532
2017-05-12,6070.66,9400.9,0.645753066196,111.056523521
2017-05-15,6119.53,9445.4,0.647884684608,111.423118963
2017-05-16,6167.35,9512.25,0.648358695367,111.504639268
2017-05-17,6157.74,9525.75,0.646430989686,111.17311271
2017-05-18,6031.11,9429.45,0.639603582393,109.998936143
2017-05-19,5980.8,9427.9,0.634372447735,109.099286323
2017-05-22,5901.66,9438.25,0.625291764893,107.537591737
2017-05-23,5775.07,9386.15,0.615275698769,105.815030062
2017-05-24,5671.68,9360.55,0.60591311408,104.204854035
2017-05-25,5804.07,9509.75,0.610328347223,104.964185224
2017-05-26,5912.07,9595.1,0.616155120843,105.96627295
2017-05-29,5811.58,9604.9,0.605064081875,104.058837593
2017-05-30,5836,9624.55,0.606366011917,104.282743343
2017-05-31,5903.2,9621.25,0.613558529297,105.519711493
2017-06-01,5956.79,9616.1,0.619460072171,106.534658025
2017-06-02,5994.81,9653.5,0.620998601543,106.799254094
2017-06-05,6023.54,9675.1,0.622581678742,107.071511493
2017-06-06,5975.61,9637.15,0.620059872473,106.637811598
2017-06-07,6008.09,9663.9,0.621704487836,106.920652322
2017-06-08,6024.14,9647.25,0.624441161989,107.391305167
2017-06-09,6056.76,9668.25,0.626458769684,107.73829306
2017-06-12,6022.33,9616.4,0.626256187347,107.703452978
2017-06-13,6044.45,9606.9,0.629177986655,108.205943621
2017-06-14,6066.82,9618.15,0.63076787116,108.47937174
2017-06-15,6092.01,9578.05,0.636038650874,109.38583971
2017-06-16,6120.79,9588.05,0.638376937959,109.787978001
2017-06-19,6118.89,9657.55,0.63358615798,108.964060319
2017-06-20,6125.12,9653.5,0.634497332574,109.120764001
2017-06-21,6127.59,9633.6,0.636064399601,109.390267973
2017-06-22,6085.9,9630,0.631973001038,108.68662981
2017-06-23,5997.33,9574.95,0.626356273401,107.720665764
2017-06-27,5892.29,9511.4,0.619497655445,106.541121591
2017-06-28,5902.48,9491.25,0.621886474384,106.951950344
2017-06-29,5961.11,9504.1,0.627214570554,107.86827559
2017-06-30,5982.5,9520.9,0.628354462288,108.064314014
2017-07-03,6053.5,9615,0.629589183567,108.27666121
2017-07-04,6048.46,9613.3,0.62917624541,108.205644162
2017-07-05,6116.7,9637.6,0.634670457375,109.15053798
2017-07-06,6139.21,9674.55,0.634573184282,109.133808967
2017-07-07,6157.69,9665.8,0.637059529475,109.561410271
2017-07-10,6181.8,9771.05,0.632664862016,108.805615966
2017-07-11,6133.88,9786.05,0.626798350714,107.796694159
2017-07-12,6185.01,9816.1,0.630088324284,108.362503361
2017-07-13,6209.84,9891.7,0.627782888684,107.966014864
2017-07-14,6183.78,9886.35,0.625486655844,107.571109056
2017-07-17,6189.29,9915.95,0.624175192493,107.345563769
2017-07-18,6144.93,9827.15,0.62530133355,107.539237353
2017-07-19,6211.48,9899.6,0.627447573639,107.908347429
2017-07-20,6217.98,9873.3,0.629777278114,108.309009684
2017-07-21,6234.62,9915.25,0.628791003757,108.139390356
2017-07-24,6243.99,9966.4,0.62650405362,107.746080986
2017-07-25,6246.32,9964.55,0.626854198132,107.806298791
2017-07-26,6268.15,10020.65,0.625523294397,107.577410149
2017-07-27,6219.51,10020.55,0.620675511823,106.743689169
2017-07-28,6239.18,10014.5,0.623014628788,107.145970183
2017-07-31,6237.8,10077.1,0.619007452541,106.456816563
2017-08-01,6231.29,10114.65,0.616065805539,105.950912516
2017-08-02,6217.76,10081.5,0.616749491643,106.068492758
2017-08-03,6150,10013.65,0.614161669321,105.623439431
2017-08-04,6149.54,10066.4,0.610897639673,105.062092061
2017-08-07,6212.91,10057.4,0.61774514288,106.239724721
2017-08-08,6112.05,9978.55,0.61251885294,105.340908096
2017-08-09,6009.78,9908.05,0.606555275761,104.315292913
2017-08-10,5779.11,9820.25,0.588489091418,101.208273014
2017-08-11,5775.77,9710.8,0.594777979157,102.289835062
2017-08-14,5916.79,9794.15,0.604114701123,103.895563222
2017-08-16,5995.48,9897.3,0.6057692502,104.180112345
2017-08-17,6032.68,9904.15,0.60910628373,104.754014912
2017-08-18,5995.8,9837.4,0.609490312481,104.820060124
2017-08-21,5920.51,9754.35,0.606960996889,104.385068776
2017-08-22,5881.43,9765.55,0.60226305738,103.577117786
2017-08-23,5959.79,9852.5,0.604901294088,104.030841372
2017-08-24,5992.73,9857.05,0.607963843138,104.557538136
2017-08-28,6072.89,9912.8,0.612631143572,105.360219823
2017-08-29,5996.75,9796.05,0.612160003267,105.279193178
2017-08-30,6084.46,9884.4,0.615561895512,105.864250139
2017-08-31,6131.44,9917.9,0.618219582775,106.321318829
2017-09-01,6189.42,9974.4,0.620530558229,106.71876007
2017-09-04,6138.6,9912.85,0.619256823214,106.499703297
2017-09-05,6201.32,9952.2,0.623110468037,107.162452604
2017-09-06,6228.08,9916.2,0.628071236966,108.015604962
2017-09-07,6267.63,9929.9,0.631187625253,108.551560991
2017-09-08,6256.23,9934.8,0.629728831985,108.300677925
2017-09-11,6280.2,10006.05,0.627640277632,107.941488635
2017-09-12,6336.82,10093.05,0.627839949272,107.975828136
2017-09-13,6296.86,10079.3,0.624731876222,107.44130216
2017-09-14,6320.12,10086.6,0.626585767256,107.760134085
2017-09-15,6326.22,10085.4,0.627265155571,107.876975194
2017-09-18,6382.69,10153.1,0.628644453418,108.114186648
2017-09-19,6415.97,10147.55,0.632267887323,108.737344313
2017-09-20,6405.43,10141.15,0.631627576754,108.62722379
2017-09-21,6360.62,10121.9,0.628401782274,108.072452098
2017-09-22,6165.65,9964.4,0.618767813416,106.415603459
2017-09-25,6036.11,9872.6,0.611400239045,105.148529032
2017-09-26,6086.54,9871.5,0.616577014638,106.038830187
2017-09-27,5962.91,9735.75,0.612475669568,105.333481425
2017-09-28,6006.39,9768.95,0.614844993577,105.740957443
2017-09-29,6093.86,9788.6,0.622546635883,107.065484827
2017-10-03,6117.78,9859.5,0.620495968355,106.712811308
2017-10-04,6164.89,9914.9,0.621780350785,106.933699222
2017-10-05,6214.99,9888.7,0.628494139776,108.088335729
2017-10-06,6289.57,9979.7,0.630236379851,108.387965937
2017-10-09,6325.72,9988.75,0.633284445001,108.912171763
2017-10-10,6375.86,10016.95,0.636507120431,109.46640704
2017-10-11,6306.45,9984.8,0.63160503966,108.623347863
2017-10-12,6376.06,10096.4,0.63151816489,108.608407152
2017-10-13,6401.11,10167.45,0.629568869284,108.273167562
2017-10-16,6404.67,10230.85,0.626015433713,107.662048201
2017-10-17,6453.64,10234.45,0.630580050711,108.447070405
2017-10-18,6453.95,10210.85,0.632067849395,108.702941818
2017-10-19,6459.94,10146.55,0.636663693571,109.493334467
2017-10-23,6480.49,10184.85,0.636287230543,109.428590407
2017-10-24,6525.37,10207.7,0.639259578553,109.939774409
2017-10-25,6538.12,10295.35,0.635055631911,109.216780244
2017-10-26,6573.39,10343.8,0.635490825422,109.291624764
2017-10-27,6593.01,10323.05,0.638668804278,109.838173131
2017-10-30,6667.26,10363.65,0.643331258775,110.640021414
2017-10-31,6697.75,10335.3,0.648046017048,111.450864893
2017-11-01,6734.39,10440.5,0.645025621378,110.931417662
2017-11-02,6758.41,10423.8,0.648363360771,111.505441623
2017-11-03,6799.84,10452.5,0.650546759149,111.880942176
2017-11-06,6828.74,10451.8,0.653355402897,112.363972342
2017-11-07,6735.88,10350.15,0.650800229948,111.924534049
2017-11-08,6676.48,10303.15,0.648003765839,111.443598536
2017-11-09,6712.01,10308.95,0.65108570708,111.973630367
2017-11-10,6715.27,10321.75,0.650594133747,111.889089653
2017-11-13,6667.62,10224.95,0.65209316427,112.146892716
2017-11-14,6654.32,10186.6,0.653242495043,112.344554464
2017-11-15,6547.16,10118.05,0.647077253028,111.28425699
2017-11-16,6615.66,10214.75,0.647657554027,111.384057077
2017-11-17,6669.76,10283.6,0.648582208565,111.543079037
2017-11-20,6728.79,10298.75,0.653359873771,112.364741242
2017-11-21,6753.67,10326.9,0.653988128093,112.472788334
2017-11-22,6770.95,10342.3,0.654685128066,112.592658293
2017-11-23,6811.25,10348.75,0.658171276724,113.19220566
2017-11-24,6831.56,10389.7,0.657531978787,113.082259289
2017-11-27,6884.38,10399.55,0.661988259107,113.848649765
2017-11-28,6902.18,10370.25,0.665575082568,114.465511171
2017-11-29,6896.13,10361.3,0.665566096918,114.46396582
2017-11-30,6911.72,10226.55,0.675860383023,116.234375729
2017-12-01,6814.12,10121.8,0.673212274497,115.778954389
2017-12-04,6762.79,10127.75,0.66774851275,114.839297395
2017-12-05,6752.48,10118.25,0.667356509278,114.771880692
2017-12-06,6718.97,10044.1,0.668946943977,115.045403432
2017-12-07,6809.25,10166.7,0.669760099147,115.185249747
2017-12-08,6877.56,10265.65,0.66995855109,115.219379485
2017-12-11,6878.51,10322.25,0.666377001138,114.603425016
2017-12-12,6816.29,10240.15,0.665643569674,114.477289574
2017-12-13,6760.47,10192.95,0.663249598988,114.065574825
2017-12-14,6742.61,10252.1,0.657680865384,113.107864785
2017-12-15,6834.44,10333.25,0.661402753248,113.747954548
2017-12-18,6854.54,10388.75,0.659804115028,113.473020967
2017-12-19,6978.61,10463.2,0.666967084639,114.704907496
2017-12-20,7035.98,10444.2,0.673673426399,115.858263229
2017-12-21,7111.42,10440.3,0.681150924782,117.144242373
2017-12-22,7154.32,10493,0.681818355094,117.259026946
2017-12-26,7206.92,10531.5,0.684320372217,117.689323507
2017-12-27,7169.32,10490.75,0.683394418893,117.530078182
2017-12-28,7193.21,10477.9,0.686512564541,118.066336441
2017-12-29,7234.34,10530.7,0.686976174423,118.146068005
2018-01-01,7273,10435.55,0.696944578867,119.860432831
2018-01-02,7221.62,10442.2,0.691580318324,118.93788804
2018-01-03,7283.95,10443.2,0.697482572392,119.952956883
2018-01-04,7367.41,10504.8,0.701337483817,120.61592402
2018-01-05,7435.66,10558.85,0.704211159359,121.110138344
2018-01-08,7503.61,10623.6,0.70631518506,121.471988395
2018-01-09,7509.98,10637,0.706024254959,121.421954276
2018-01-10,7514.62,10632.2,0.706779405955,121.551825041
2018-01-11,7554.46,10651.2,0.709259050623,121.97827399
2018-01-12,7551.09,10681.25,0.706948156817,121.580846791
2018-01-15,7568.3,10741.55,0.704581740996,121.173870923
2018-01-16,7386.27,10700.45,0.690276577153,118.713670813
2018-01-17,7424.39,10788.55,0.688173109454,118.351916727
2018-01-18,7264.85,10817,0.671614125913,115.504105015
2018-01-19,7334.45,10894.7,0.673212663038,115.77902121
2018-01-22,7382.47,10966.2,0.673202203133,115.777222317
2018-01-23,7413.55,11083.7,0.668869601306,115.032102051
2018-01-24,7348.85,11086,0.662894641891,114.004529352
2018-01-25,7287.21,11069.65,0.658305366475,113.215266397
2018-01-29,7188.17,11130.4,0.645814166607,111.067031561
2018-01-30,7085.53,11049.65,0.641244745309,110.281183115
2018-01-31,7021.49,11027.7,0.636713911332,109.501970911
2018-02-01,7023.74,11016.9,0.637542321343,109.64444075
2018-02-02,6670.31,10760.6,0.619882720294,106.607344991
2018-02-05,6669.77,10666.55,0.625297776694,107.538625646
2018-02-06,6522.04,10498.25,0.621250208368,106.842525402
2018-02-07,6647.8,10476.7,0.63453186595,109.126703046
2018-02-08,6803.87,10576.85,0.643279426294,110.631107271
2018-02-09,6828.03,10454.95,0.653090641275,112.318438674
2018-02-12,6941.88,10539.75,0.658638013236,113.272474941
2018-02-14,6937.48,10500.9,0.660655753316,113.619485603
2018-02-15,6851.92,10545.5,0.649748233844,111.743611904
2018-02-16,6760.21,10452.3,0.646767697062,111.231019598
2018-02-19,6688.99,10378.4,0.644510714561,110.842864058
2018-02-20,6682.25,10360.4,0.644979923555,110.923558556
2018-02-21,6666.34,10397.45,0.641151436169,110.265135822
2018-02-22,6631.74,10382.7,0.638729810165,109.848664915
2018-02-23,6741.12,10491.05,0.642559133738,110.507231456
2018-02-26,6813.21,10582.6,0.643812484645,110.722782573
2018-02-27,6773.07,10554.3,0.641735595918,110.365599535
2018-02-28,6770.97,10492.85,0.645293699996,110.977521785
2018-03-01,6744.61,10458.35,0.644901920475,110.910143597
2018-03-05,6669.78,10358.85,0.643872630649,110.733126474
2018-03-06,6576.86,10249.25,0.64169183111,110.35807287
2018-03-07,6426.67,10154.2,0.632907565342,108.847356051
2018-03-08,6459.4,10242.65,0.630637579142,108.456964136
2018-03-09,6435.18,10226.85,0.629243608736,108.217229298
2018-03-12,6463.34,10421.4,0.620198821655,106.661708059
2018-03-13,6544.97,10426.85,0.627703477081,107.952357667
2018-03-14,6541.14,10410.9,0.628297265366,108.054477295
2018-03-15,6605.73,10360.15,0.637609494071,109.655993107
2018-03-16,6521.12,10195.15,0.639629627813,110.00341543
2018-03-19,6379.46,10094.25,0.631989498972,108.689467123
2018-03-20,6378.88,10124.35,0.630053287372,108.356477718
2018-03-21,6404.18,10155.25,0.630627507939,108.455232092
2018-03-22,6323.74,10114.75,0.625199831929,107.521781118
2018-03-23,6220.84,9998.05,0.622205330039,107.006787095
2018-03-26,6262.95,10130.65,0.618217982064,106.321043539
2018-03-27,6352.5,10184.15,0.623763397043,107.274743244
2018-03-28,6270.82,10113.7,0.620032233505,106.633058252
2018-04-02,6393.98,10211.8,0.626136430404,107.682857195
2018-04-03,6477.67,10245,0.632276232308,108.738779483
2018-04-04,6413.61,10128.4,0.633230322657,108.90286381
2018-04-05,6539.27,10325.15,0.633334140424,108.920718375
2018-04-06,6579.58,10331.6,0.636840373224,109.52371981
2018-04-09,6592.17,10379.35,0.635123586737,109.228467106
2018-04-10,6591.12,10402.25,0.633624456247,108.97064685
2018-04-11,6591.83,10417.15,0.632786318715,108.826504073
2018-04-12,6573.36,10458.65,0.628509415651,108.090962872
2018-04-13,6588.47,10480.6,0.628634810984,108.112528344
2018-04-16,6612.01,10528.35,0.628019585215,108.006721901
2018-04-17,6625.48,10548.7,0.628084977296,108.017968022
2018-04-18,6603,10526.2,0.627291900211,107.881574734
2018-04-19,6660.14,10565.3,0.630378692512,108.412440849
2018-04-20,6665.34,10564.05,0.630945518054,108.509923428
2018-04-23,6686.73,10584.7,0.631735429441,108.64577228
2018-04-24,6672.57,10614.35,0.628636704085,108.112853919
2018-04-25,6597.22,10570.55,0.62411322022,107.334905786
2018-04-26,6607.97,10617.8,0.622348320744,107.031378617
2018-04-27,6636.64,10692.3,0.620693396182,106.746764918
2018-04-30,6704.78,10739.35,0.624318976474,107.370291718
2018-05-02,6631.98,10718.05,0.618767406385,106.415533458
2018-05-03,6569.59,10679.65,0.615150309233,105.793465587
2018-05-04,6553.1,10618.25,0.617154427519,106.138133574
2018-05-07,6592.43,10715.5,0.615223741309,105.806094426
2018-05-08,6622.15,10717.8,0.61786467372,106.260281618
2018-05-09,6607.24,10741.7,0.615101892624,105.785138905
2018-05-10,6503.69,10716.55,0.606882812099,104.371622567
2018-05-11,6486.52,10806.5,0.600242446676,103.229613435
2018-05-14,6414.26,10806.6,0.593550237818,102.078688276
2018-05-15,6355.87,10801.85,0.588405689766,101.193929609
2018-05-16,6362.74,10741.1,0.59237322062,101.87626502
2018-05-17,6410.11,10682.7,0.600045868554,103.195805956
2018-05-18,6286.06,10596.4,0.593226001283,102.022926121
2018-05-21,6133.1,10516.7,0.583177232402,100.294740231
2018-05-22,6203.6,10536.7,0.588761187089,101.25506799
2018-05-23,6185.4,10430.35,0.593019409703,101.987396529
2018-05-24,6186.86,10513.85,0.588448570219,101.201304184
2018-05-25,6268.68,10605.15,0.59109772139,101.656904838
2018-05-28,6362.52,10688.65,0.595259457462,102.372639635
2018-05-29,6350.67,10633.3,0.597243565027,102.713866181
2018-05-30,6337.23,10614.35,0.597043624904,102.679480506
2018-05-31,6289.76,10736.15,0.585848744662,100.754186542
2018-06-01,6191.24,10696.2,0.578826125166,99.5464374066
2018-06-04,6038.55,10628.5,0.568146963353,97.7098366266
2018-06-05,5875.74,10593.15,0.554673539032,95.3926789647
2018-06-06,5968.35,10684.65,0.55859106288,96.0664141773
2018-06-07,6095.95,10768.35,0.566098798795,97.3575935675
2018-06-08,6141.79,10767.65,0.570392796943,98.0960747785
2018-06-11,6166.84,10786.95,0.571694501226,98.3199417021
2018-06-12,6205.63,10842.85,0.57232461945,98.4283093476
2018-06-13,6190.95,10856.7,0.570242338832,98.0701990133
2018-06-14,6182.18,10808.05,0.571997723919,98.3720898991
2018-06-15,6143.89,10817.7,0.567947900201,97.675601773
2018-06-18,6097.26,10799.85,0.564568952347,97.0944907857
2018-06-19,6014.86,10710.45,0.561587981831,96.5818238864
2018-06-20,6026.11,10772.05,0.559420908741,96.2091309543
2018-06-21,5973.29,10741.1,0.556115295454,95.6406320359
2018-06-22,5973.61,10821.85,0.551995268831,94.9320704239
2018-06-25,5925.99,10762.45,0.550617192182,94.6950689913
2018-06-26,5877.61,10769.15,0.545782164795,93.8635416461
2018-06-27,5758.93,10671.4,0.53966021328,92.8106892665
2018-06-28,5667.96,10589.1,0.535263620138,92.0545637825
2018-06-29,5786.49,10714.3,0.540071679904,92.88145324
2018-07-02,5733.78,10657.3,0.538014318824,92.5276285642
2018-07-03,5759.89,10699.9,0.538312507594,92.5789110279
2018-07-04,5785.91,10769.9,0.537229686441,92.3926875949
2018-07-05,5753.69,10749.75,0.535239424173,92.0504025637
2018-07-06,5783.81,10772.65,0.536897606439,92.3355765218
2018-07-09,5877.02,10852.9,0.541516092473,93.1298631149
2018-07-10,5939.26,10947.25,0.542534426454,93.3049960529
2018-07-11,5915.62,10948.3,0.540323155193,92.9247019255
2018-07-12,5916.75,11023.2,0.536754300022,92.3109307039
2018-07-13,5808.18,11018.9,0.52711069163,90.6524242589
2018-07-16,5654.24,10936.85,0.51698980968,88.911836373
2018-07-17,5716.64,11008.05,0.51931450166,89.31163658
2018-07-18,5661.03,10980.45,0.515555373414,88.6651422211
2018-07-19,5612.2,10957.1,0.512197570525,88.0876677421
2018-07-20,5632.22,11010.2,0.511545657663,87.9755518577
2018-07-23,5678.83,11084.75,0.512310155845,88.1070301499
2018-07-24,5808.2,11134.3,0.521649317874,89.7131779513
2018-07-25,5825.54,11132,0.523314768236,89.9996018756
2018-07-26,5848.33,11167.3,0.523701342312,90.066084832
2018-07-27,5907.71,11278.35,0.523809777139,90.0847334388
2018-07-30,5933.52,11319.55,0.524183381848,90.1489859252
2018-07-31,5943.02,11356.5,0.523314401444,89.9995387948
2018-08-01,5948.77,11346.2,0.524296240151,90.1683952806
2018-08-02,5944.01,11244.7,0.528605476358,90.9094971308
2018-08-03,6028.64,11360.8,0.530652770932,91.2615905701
2018-08-06,6050.03,11387.1,0.531305600197,91.3738640573
2018-08-07,6021.72,11389.45,0.528710341588,90.9275318387
2018-08-08,6039.17,11450,0.527438427948,90.7087883057
2018-08-09,6069.26,11470.7,0.52910981893,90.996233897
2018-08-10,6006.91,11429.5,0.525561923094,90.386067259
2018-08-13,5951.14,11355.75,0.52406402043,90.1284581649
2018-08-14,5969.77,11435.1,0.522056650139,89.7832308982
2018-08-16,5950.45,11385.05,0.522654709465,89.886085059
2018-08-17,6007.85,11470.75,0.523753895778,90.07512297
2018-08-20,6020.8,11551.75,0.521202415218,89.6363196942
2018-08-21,6047.59,11570.9,0.522655108937,89.8861537601
2018-08-23,6036.24,11582.75,0.521140489089,89.625669647
2018-08-24,6021.91,11557.1,0.521057185626,89.6113431288
2018-08-27,6060.92,11691.95,0.518384016353,89.1516118449
2018-08-28,6073.5,11738.5,0.517400008519,88.9823823129
2018-08-29,6088.14,11691.9,0.520714340697,89.5523807051
2018-08-30,6125.79,11676.8,0.524612051247,90.2227084294
2018-08-31,6160.43,11680.5,0.527411497795,90.7041568619
2018-09-03,6152.57,11582.35,0.531202217167,91.356084258
2018-09-04,6024.29,11520.3,0.522928222355,89.9331237682
2018-09-05,6008.53,11476.95,0.523530206196,90.0366528663
2018-09-06,6042.68,11536.9,0.523769816849,90.0778610734
2018-09-07,6069.48,11589.1,0.523723153653,90.0698359435
2018-09-10,5999.73,11438.1,0.524539040575,90.2101520641
2018-09-11,5917.13,11287.5,0.524219712071,90.1552339919
2018-09-12,5899.47,11369.9,0.518867360311,89.2347372723
2018-09-14,5977.76,11515.2,0.519119077393,89.2780275415
2018-09-17,5985.88,11377.75,0.526104018809,90.4792968055
2018-09-18,5884.93,11278.9,0.521764533775,89.7329927663
2018-09-19,5834.77,11234.35,0.519368721822,89.320961356
2018-09-21,5649.71,11143.1,0.507014206101,87.1962334412
2018-09-24,5507.92,10967.4,0.502208362967,86.3697251999
2018-09-25,5460.51,11067.45,0.493384655002,84.8522251176
2018-09-26,5457.14,11053.8,0.49368904811,84.9045746025
2018-09-27,5340.62,10977.55,0.486503819158,83.6688599154
2018-09-28,5130.04,10930.45,0.469334748341,80.7161254773
2018-10-01,5134.1,11008.3,0.466384455365,80.2087344971
2018-10-03,5158.8,10858.25,0.475104183455,81.7083521348
2018-10-04,5049.34,10599.25,0.476386536783,81.9288910839
2018-10-05,4942.38,10316.45,0.479077589675,82.3916979901
2018-10-08,4851.17,10348.05,0.468800402008,80.6242286685
2018-10-09,4827.47,10301.05,0.468638633926,80.5964078159
2018-10-10,5004.09,10460.1,0.478397912066,82.2748071284
2018-10-11,4916.38,10234.65,0.480366206954,82.6133142125
2018-10-12,5040.82,10472.5,0.48133874433,82.7805710568
2018-10-15,5103.27,10512.5,0.485447800238,83.4872459267
2018-10-16,5181.97,10584.75,0.489569427714,84.1960828533
2018-10-17,5059.86,10453.05,0.484055849728,83.2478584695
2018-10-19,5004.75,10303.55,0.485730646234,83.5358897422
2018-10-22,4918.32,10245.25,0.480058563725,82.5604057723
2018-10-23,4853.5,10146.8,0.478328142863,82.2628082304
2018-10-24,4888.62,10224.75,0.478116335363,82.2263816057
2018-10-25,4842.14,10124.9,0.478240772748,82.2477823302
2018-10-26,4831.37,10030,0.481691924227,82.8413108869
2018-10-29,4938.41,10250.85,0.481756147051,82.8523559194
2018-10-30,4995.3,10198.4,0.489812127393,84.2378223106
2018-10-31,5056.8,10386.6,0.486858067125,83.729783432
2018-11-01,5118.9,10380.45,0.493128910596,84.8082422299
2018-11-02,5175.72,10553,0.490450108974,84.3475422952
2018-11-05,5154.61,10524,0.489795705055,84.2349979993
2018-11-06,5150.83,10530,0.489157644824,84.1252644885
2018-11-07,5208.54,10598.4,0.491445878623,84.5187946226
2018-11-09,5244.03,10585.2,0.495411517968,85.2008047318
2018-11-12,5198.53,10482.2,0.495938829635,85.2914917197
2018-11-13,5205.33,10582.5,0.491880935507,84.5936156456
2018-11-14,5197.7,10576.3,0.491447859838,84.5191353516
2018-11-15,5198.38,10616.7,0.489641790764,84.2085278406
2018-11-16,5183.77,10682.2,0.485271760499,83.4569706366
2018-11-19,5203.67,10763.4,0.483459687459,83.1453305645
2018-11-20,5141.76,10656.2,0.482513466339,82.9825995863
2018-11-21,5149.63,10600.05,0.485811859378,83.5498567676
2018-11-22,5130.38,10526.75,0.487365996153,83.8171369964
2018-11-26,5113.37,10628.6,0.481095346518,82.7387115345
2018-11-27,5134.07,10685.6,0.480466234933,82.6305170106
2018-11-28,5104.6,10728.85,0.475782586204,81.8250237464
2018-11-29,5108.43,10858.7,0.470445817639,80.9072070225
2018-11-30,5125.73,10876.75,0.471255660009,81.0464836018
2018-12-03,5156.19,10883.75,0.473751234639,81.4756721835
2018-12-04,5165.19,10869.5,0.475200331202,81.7248876111
2018-12-05,5095.57,10782.9,0.472560257445,81.2708480894
2018-12-06,5029.58,10601.15,0.474437207284,81.5936456647
2018-12-07,5031.43,10693.7,0.470504128599,80.9172353333
2018-12-10,4939,10488.45,0.470898941216,80.9851351529
2018-12-11,5005.34,10549.15,0.474478038515,81.6006678142
2018-12-12,5138.7,10737.6,0.478570630308,82.304511188
2018-12-13,5177.38,10791.55,0.479762406698,82.5094727276
2018-12-14,5184.64,10805.45,0.479817129319,82.5188839164
2018-12-17,5203.46,10888.35,0.477892426309,82.1878737574
2018-12-18,5235.89,10908.7,0.479973782394,82.5458250907
2018-12-19,5295.49,10967.3,0.48284354399,83.0393662953
2018-12-20,5303.93,10951.7,0.484301980514,83.2901880083
2018-12-21,5252.7,10754,0.488441510136,84.0021037433
2018-12-24,5203.16,10663.5,0.487941107516,83.9160445696
2018-12-26,5196.96,10729.85,0.484346006701,83.2977596258
2018-12-27,5206.63,10779.8,0.482998756934,83.0660597962
2018-12-28,5253.95,10859.9,0.48379358926,83.2027549502
2018-12-31,5295.48,10862.55,0.48749879172,83.8399751598
2019-01-01,5314.26,10910.1,0.487095443671,83.7706074178
2019-01-02,5275.18,10792.5,0.488782024554,84.0606653661
2019-01-03,5244.91,10672.25,0.491453067535,84.5200309706
2019-01-04,5253.02,10727.35,0.489684777694,84.215920727
2019-01-07,5256.9,10771.8,0.488024285635,83.930349531
2019-01-08,5264.29,10802.15,0.487337243049,83.8121920415
2019-01-09,5257.59,10855.15,0.48434061252,83.2968319353
2019-01-10,5271.36,10821.6,0.48711465957,83.7739121654
2019-01-11,5260.24,10794.95,0.487287111103,83.8035703563
2019-01-14,5236.8,10737.6,0.487706750112,83.8757398154
2019-01-15,5284.65,10886.8,0.485418121027,83.4821417002
2019-01-16,5295.55,10890.3,0.486263004692,83.6274446767
2019-01-17,5278.2,10905.2,0.484007629388,83.239565542
2019-01-18,5229.4,10906.95,0.47945575986,82.4567356465
2019-01-21,5189.15,10961.85,0.473382686317,81.4122892937
2019-01-22,5157.7,10922.75,0.472197935502,81.2085360115
2019-01-23,5150.3,10831.5,0.475492775701,81.7751821758
2019-01-24,5130.5,10849.8,0.472865859279,81.3234054508
2019-01-25,5057.65,10780.55,0.469145822801,80.683634089
2019-01-28,4964.75,10661.55,0.465668687949,80.0856369152
2019-01-29,4971.6,10652.2,0.466720489664,80.2665256296
2019-01-30,4993.9,10651.8,0.468831558985,80.6295870412
2019-01-31,5021.6,10830.95,0.46363430724,79.7357644007
2019-02-01,5024.7,10893.65,0.461250361449,79.3257737314
2019-02-04,4951.3,10912.25,0.45373777177,78.0337595916
2019-02-05,4906.45,10934.35,0.448718945342,77.1706225126
2019-02-06,4918.9,11062.45,0.444648337394,76.4705599175
2019-02-07,4950.95,11069.4,0.44726453105,76.9204925426
2019-02-08,4895.45,10943.6,0.44733451515,76.9325283987
2019-02-11,4817.85,10888.8,0.442459224157,76.0940765241
2019-02-12,4803.6,10831.4,0.443488376387,76.2710699831
2019-02-13,4777.8,10793.65,0.442649150195,76.1267399779
2019-02-14,4775.25,10746.05,0.444372583414,76.423135786
2019-02-15,4736.15,10724.4,0.441623773824,75.9503958907
2019-02-18,4695.1,10640.95,0.44122940151,75.8825717944
2019-02-19,4711.85,10604.35,0.44433180723,76.4161231035
2019-02-20,4758.3,10735.45,0.443232468131,76.2270589164
2019-02-21,4809,10789.85,0.445696650092,76.6508485912
2019-02-22,4847.15,10791.65,0.449157450436,77.2460365584
2019-02-25,4885.2,10880.1,0.449003226073,77.2195130737
2019-02-26,4856.6,10835.3,0.448220169262,77.0848430709
2019-02-27,4865.9,10806.65,0.4502690473,77.4372088341
2019-02-28,4907.55,10792.5,0.454718554552,78.2024344795
2019-03-01,5022.65,10863.5,0.462341786717,79.5134768989
2019-03-05,5207.25,10987.45,0.47392707134,81.5059125553
2019-03-06,5261.95,11053,0.476065321632,81.8736485464
2019-03-07,5258.15,11058.2,0.475497820622,81.7760498007
2019-03-08,5253.8,11035.4,0.476086050347,81.8772134679
2019-03-11,5352.65,11168.05,0.479282417253,82.4269242088
2019-03-12,5410.25,11301.2,0.478732347007,82.3323232036
2019-03-13,5390.65,11341.7,0.475294708906,81.7411186757
2019-03-14,5388.15,11343.25,0.475009366804,81.6920455803
2019-03-15,5360.25,11426.85,0.469092532063,80.6744691551
2019-03-18,5351.35,11462.2,0.466869361903,80.2921286567
2019-03-19,5374.95,11532.4,0.466073844126,80.1553156189
2019-03-20,5356.85,11521.05,0.464961960932,79.9640941001
2019-03-22,5328.6,11456.9,0.465099634282,79.9877711438
2019-03-25,5268.2,11354.25,0.463984851487,79.7960509522
2019-03-26,5311.4,11483.25,0.462534561209,79.5466302295
2019-03-27,5365.05,11445.05,0.468765973063,80.6183075832
2019-03-28,5406.15,11570,0.467255834054,80.3585940841
2019-03-29,5438.8,11623.9,0.467898037664,80.4690401727
2019-04-01,5490.6,11669.15,0.470522703025,80.9204297605
2019-04-02,5485.8,11713.2,0.468343407438,80.5456348051
2019-04-03,5433.4,11643.95,0.466628592531,80.2507211733
2019-04-04,5408.1,11598,0.466295913088,80.1935070085
2019-04-05,5457,11665.95,0.467771591683,80.4472940103
2019-04-08,5439.95,11604.5,0.468779352837,80.620608635
2019-04-09,5433.75,11671.95,0.465539177258,80.0633636845
2019-04-10,5442.65,11584.3,0.469829855926,80.8012740117
2019-04-11,5447.15,11596.7,0.469715522519,80.7816109682
2019-04-12,5480.15,11643.45,0.470663763747,80.9446893641
2019-04-15,5510.65,11690.35,0.471384518,81.0686445814
2019-04-16,5527.45,11787.15,0.468938632324,80.6480014992
2019-04-18,5461.85,11752.8,0.464727554285,79.9237808772
2019-04-22,5380,11594.45,0.464015110678,79.8012549236
2019-04-23,5363.95,11575.95,0.463370176962,79.6903393118
2019-04-24,5396.3,11726.15,0.460193669704,79.1440440304
2019-04-25,5395.95,11641.8,0.463497912694,79.7123072854
2019-04-26,5389.6,11754.65,0.458507909636,78.8541272457
2019-04-30,5328.25,11748.15,0.453539493452,77.9996597137
2019-05-02,5320.4,11724.75,0.453775133798,78.040185108
2019-05-03,5311.6,11712.25,0.453508079148,77.994257086
2019-05-06,5269.6,11598.25,0.454344405406,78.1380883608
2019-05-07,5228.2,11497.9,0.454709120796,78.2008120634
2019-05-08,5158.35,11359.45,0.45410209121,78.0964151988
2019-05-09,5142.6,11301.8,0.455024863296,78.2551134152
2019-05-10,5158,11278.9,0.457314099779,78.6488159908
2019-05-13,5041.25,11148.2,0.452203046232,77.7698177045
2019-05-14,5067.6,11222.05,0.451575246947,77.6618488698
2019-05-15,5035.1,11157,0.451295151026,77.6136780119
2019-05-16,5042.9,11257.1,0.447975055743,77.0426884816
2019-05-17,5059.15,11407.15,0.443506923289,76.2742596768
2019-05-20,5264.15,11828.25,0.44504892947,76.5394536876
2019-05-21,5231.15,11709.1,0.446759358106,76.8336129693
2019-05-22,5252.4,11737.9,0.447473568526,76.9564427791
2019-05-23,5244.55,11657.05,0.449903706341,77.3743775463
2019-05-24,5374.4,11844.1,0.45376178857,78.0378899975
2019-05-27,5464.95,11924.75,0.45828633724,78.8160212555
2019-05-28,5479.15,11928.75,0.459323064026,78.9943173856
2019-05-29,5444.3,11861.1,0.459004645438,78.9395558006
2019-05-30,5451.5,11945.9,0.456349040256,78.4828451867
2019-05-31,5412.9,11922.8,0.453995705707,78.0781190345
2019-06-03,5416.2,12088.55,0.448043810052,77.0545128382
2019-06-04,5412.9,12021.65,0.450262651134,77.4361088224
2019-06-06,5325.7,11843.75,0.449663324538,77.3330367169
2019-06-07,5320.05,11870.65,0.448168381681,77.0759366499
2019-06-10,5284.7,11922.7,0.443246915548,76.2295435811
2019-06-11,5293.55,11965.6,0.442397372468,76.0834392791
2019-06-12,5273.05,11906.2,0.44288269977,76.1669058017
2019-06-13,5244.9,11914.05,0.44022813401,75.7103739474
2019-06-14,5212.3,11823.3,0.440849847335,75.8172961196
2019-06-17,5137.15,11672.15,0.440120286323,75.691826317
2019-06-18,5111.95,11691.5,0.437236453834,75.1958652021
2019-06-19,5041.8,11691.45,0.43123821254,74.1642884893
2019-06-20,5093.2,11831.75,0.430468865552,74.0319763002
2019-06-21,5092.15,11724.1,0.434331846368,74.6963312095
2019-06-24,5080.1,11699.65,0.434209570372,74.6753022006
2019-06-25,5101.45,11796.45,0.432456374587,74.3737878306
2019-06-26,5127.45,11847.55,0.432785681428,74.4304219758
2019-06-27,5141.35,11841.55,0.434178802606,74.6700107645
2019-06-28,5138.55,11788.85,0.435882210733,74.9629626599
2019-07-01,5163.45,11865.6,0.435161306634,74.8389816721
2019-07-02,5156.4,11910.3,0.432936198081,74.4563078091
2019-07-03,5170.55,11916.75,0.433889273502,74.6202175889
2019-07-04,5186.75,11946.75,0.434155732731,74.6660432105
2019-07-05,5120.25,11811.15,0.433509861444,74.5549663555
2019-07-08,5009.3,11558.6,0.43338293565,74.5331376747
2019-07-09,5014.7,11555.9,0.433951487984,74.6309172271
2019-07-10,4979,11498.9,0.432997938933,74.4669259924
2019-07-11,4996.95,11582.9,0.431407505892,74.1934035367
2019-07-12,5015.85,11552.5,0.434178749188,74.6700015777
2019-07-15,4975.8,11588.35,0.429379506142,73.8446284185
2019-07-16,4975.8,11662.6,0.426645859414,73.3744962302
2019-07-17,4975.8,11687.5,0.425736898396,73.2181732393
2019-07-18,4924.45,11596.9,0.424635031776,73.0286743695
2019-07-19,4841.05,11419.25,0.423937649145,72.9087386006
2019-07-22,4772.4,11346.2,0.420616594102,72.337584011
2019-07-23,4797.5,11331.05,0.423394124993,72.8152633916
2019-07-24,4737.8,11271.3,0.42034193039,72.2903473835
2019-07-25,4724.4,11252.15,0.419866425528,72.2085701227
2019-07-26,4726.45,11284.3,0.418851856119,72.0340846153
2019-07-29,4678,11189.2,0.41808172166,71.901636997
2019-07-30,4567.55,11085.4,0.412032944233,70.8613690869
2019-07-31,4581.6,11118,0.412088505127,70.8709244418
2019-08-01,4523.55,10980,0.411980874317,70.8524141099
2019-08-02,4496.85,10997.35,0.408903053918,70.3230909809
2019-08-05,4405.5,10862.6,0.40556588662,69.749165408
2019-08-06,4478.85,10948.25,0.409092777385,70.3557195966
2019-08-07,4471.55,10855.5,0.411915618811,70.8411914769
2019-08-08,4506.65,11032.45,0.408490407842,70.2521241656
2019-08-09,4546.45,11109.65,0.409234314312,70.380061098
2019-08-13,4480.6,10925.85,0.410091663349,70.5275078674
2019-08-14,4495.65,11029.4,0.40760603478,70.1000298079
2019-08-16,4502.25,11047.8,0.407524575029,70.0860203711
2019-08-19,4526.05,11053.9,0.409452772325,70.417631477
2019-08-20,4493.45,11017,0.407865117546,70.1445868264
2019-08-21,4412.5,10918.7,0.40412320148,69.501052616
2019-08-22,4316.45,10741.35,0.401853584512,69.110724202
2019-08-23,4343.75,10829.35,0.401109023164,68.9826746437
2019-08-26,4433.5,11057.85,0.400936890987,68.9530713756
2019-08-27,4500.25,11105.35,0.40523261311,69.6918490755
2019-08-28,4476.55,11046.1,0.40526068024,69.6966760567
2019-08-29,4438.85,10948.3,0.405437373839,69.7270637976
2019-08-30,4479,11023.25,0.406322999116,69.8793735108
2019-09-03,4416.2,10797.9,0.408986932644,70.3375164328
2019-09-04,4426.25,10844.65,0.40815056272,70.1936776482
2019-09-05,4456.3,10847.9,0.410798403378,70.6490529204
2019-09-06,4505.05,10946.2,0.411562916811,70.7805338356
2019-09-09,4537.45,11003.05,0.41238111251,70.9212470193
2019-09-11,4608.35,11035.7,0.417585653833,71.8163233203
2019-09-12,4618.6,10982.8,0.420530283716,72.3227403627
2019-09-13,4646.1,11075.9,0.419478326818,72.14182496
2019-09-16,4664.15,11003.5,0.423878765847,72.8986118591
2019-09-17,4571.2,10817.6,0.422570625647,72.6736380874
2019-09-18,4577.8,10840.65,0.422280951788,72.6238200169
2019-09-19,4512.65,10704.8,0.421553882371,72.4987787185
2019-09-20,4668.95,11274.2,0.414126944706,71.2214950002
2019-09-23,4819.9,11600.2,0.415501456871,71.4578834135
2019-09-24,4820.85,11588.2,0.416013703595,71.5459795346
2019-09-25,4742.85,11440.2,0.414577542351,71.2989887213
2019-09-26,4766.5,11571.2,0.411927889934,70.843301863
2019-09-27,4730.8,11512.4,0.410930822418,70.6718263287
2019-09-30,4677.4,11474.45,0.407636095848,70.1051997063
2019-10-01,4598.05,11359.9,0.404761485576,69.6108246271
2019-10-03,4576.85,11314,0.404529786106,69.570976984
2019-10-04,4535.9,11174.75,0.405906172398,69.8076877092
2019-10-07,4488.4,11126.4,0.403400920334,69.3768348038
2019-10-09,4515.85,11313.3,0.399162932124,68.6479861743
2019-10-10,4492.55,11234.55,0.399886955864,68.7725036775
2019-10-11,4506.85,11305.05,0.398658121813,68.5611689664
2019-10-14,4507.55,11341.15,0.397450875793,68.3535469619
2019-10-15,4504.8,11428.3,0.39417936176,67.7909124284
2019-10-16,4513.8,11464,0.393736915562,67.7148205921
2019-10-17,4557.7,11586.35,0.393368058103,67.651384537
2019-10-18,4643.2,11661.85,0.398152951719,68.4742898831
2019-10-22,4681.85,11588.35,0.404013513572,69.4821885046
2019-10-23,4687.4,11604.1,0.403943433786,69.4701361928
2019-10-24,4664.75,11582.6,0.402737727281,69.2627789537
2019-10-25,4645.8,11583.9,0.401056638956,68.9736656148
2019-10-27,4698.15,11627.15,0.404067204775,69.4914223104
2019-10-29,4726.8,11786.85,0.40102317413,68.9679103387
2019-10-30,4756.85,11844.1,0.401621904577,69.0708799186
2019-10-31,4789.75,11877.45,0.403264168656,69.353316269
2019-11-01,4817.6,11890.6,0.405160378787,69.6794262266
2019-11-04,4839,11941.3,0.405232261144,69.6917885445
2019-11-05,4794.3,11917.2,0.402300876045,69.1876493382
2019-11-06,4772.15,11966.05,0.398807459437,68.5868520305
2019-11-07,4796.4,12012.05,0.399299037217,68.6713935094
2019-11-08,4774.25,11908.15,0.400922897343,68.9506647507
2019-11-11,4778.35,11913.45,0.401088685477,68.9791769712
2019-11-13,4739.65,11840.45,0.400293063186,68.8423459589
2019-11-14,4739.5,11872.1,0.399213281559,68.6566452632
2019-11-15,4733.65,11895.45,0.397937867,68.4372996427
2019-11-18,4742.3,11884.5,0.399032353065,68.6255292057
2019-11-19,4755.05,11940.1,0.398242058274,68.4896144162
2019-11-20,4757.8,11999.1,0.396513071814,68.1922635625
2019-11-21,4743.55,11968.4,0.396339527422,68.1624174219
2019-11-22,4744.35,11914.4,0.398203014839,68.4828997317
2019-11-25,4785.45,12073.75,0.396351589191,68.1644918034
2019-11-26,4764.5,12037.7,0.395798200653,68.0693201186
2019-11-27,4767.6,12100.7,0.3939937359,67.7589885185
2019-11-28,4797.05,12151.15,0.394781563885,67.894479067
2019-11-29,4831.05,12056.05,0.400715823176,68.9150521638
2019-12-02,4795.85,12048.2,0.398055311167,68.4574976744
2019-12-03,4757.75,11994.2,0.396670890931,68.2194052726
2019-12-04,4775,12043.2,0.396489305168,68.1881761781
2019-12-05,4781.35,12018.4,0.397835818412,68.4197493406
2019-12-06,4732,11921.5,0.396929916537,68.2639524608
2019-12-09,4699.4,11937.5,0.393667015707,67.7027992246
2019-12-10,4655.95,11856.8,0.392681836583,67.5333682545
2019-12-11,4642.9,11910.15,0.389827164225,67.0424220949
2019-12-12,4668.2,11971.8,0.389933009238,67.0606253057
2019-12-13,4707.25,12086.7,0.389457006462,66.9787624136
2019-12-16,4704.15,12053.95,0.390257965231,67.1165111927
2019-12-17,4736.85,12165,0.389383477189,66.9661168594
2019-12-18,4738.05,12221.65,0.387676786686,66.6726004614
2019-12-19,4737.85,12259.7,0.386457254256,66.4628654418
2019-12-20,4741.1,12271.8,0.386341042064,66.442879285
2019-12-23,4741.45,12262.75,0.386654706326,66.4968232217
2019-12-24,4743.4,12214.55,0.38834013533,66.7866830701
2019-12-26,4756.15,12126.55,0.392209655673,67.4521626464
2019-12-27,4795.3,12245.8,0.391587319734,67.3451333973
2019-12-30,4834.3,12255.85,0.394448365474,67.8371756502
2019-12-31,4857.4,12168.45,0.399179846242,68.6508950619
2020-01-01,4892.7,12182.5,0.401617073671,69.0700491001
2020-01-02,4971.55,12282.2,0.404776831512,69.6134638191
2020-01-03,4983.1,12226.65,0.407560533752,70.0922045475
2020-01-06,4887.9,11993.05,0.407561045772,70.0922926046
2020-01-07,4946.35,12052.95,0.410385009479,70.5779574946
2020-01-08,4945.65,12025.35,0.411268694882,70.7299335886
2020-01-09,5037.25,12215.9,0.412351934774,70.9162290362
2020-01-10,5071.2,12256.8,0.413745839044,71.155952501
2020-01-13,5119.65,12329.55,0.415234132633,71.4119090277
2020-01-14,5147.55,12362.3,0.416390962847,71.6108605288
2020-01-15,5195.9,12343.3,0.420949016876,72.3947540339
2020-01-16,5233.95,12355.5,0.423612965886,72.8528996183
2020-01-17,5253.75,12352.35,0.425323926216,73.1471503407
2020-01-20,5226.3,12224.55,0.427524939568,73.5256803143
2020-01-21,5226.3,12169.85,0.429446542069,73.8561572481
2020-01-22,5218.75,12106.9,0.431055844188,74.1329248052
2020-01-23,5252.25,12180.35,0.431206820822,74.1588897459
2020-01-24,5280,12248.25,0.431081991305,74.1374215827
2020-01-27,5276.1,12119,0.435357702781,74.8727578544
2020-01-28,5263.95,12055.8,0.436632160454,75.0919389097
2020-01-29,5266.55,12129.5,0.434193495198,74.6725375943
2020-01-30,5203.95,12035.8,0.432372588444,74.3593783013
2020-01-31,5200.75,11962.1,0.434768978691,74.7715091664
2020-02-01,5069.95,11661.85,0.434746631109,74.7676658323
2020-02-03,5066.05,11707.9,0.432703559135,74.4162985952
2020-02-04,5157.95,11979.65,0.430559323519,74.0475332489
2020-02-05,5198.4,12089.15,0.430005418082,73.9522726678
2020-02-06,5239.75,12137.95,0.431683274359,74.2408301596
2020-02-07,5259.25,12098.35,0.434708038699,74.761028715
2020-02-10,5224.55,12031.5,0.434239288534,74.6804131261
2020-02-11,5228.4,12107.9,0.431817243287,74.2638701176
2020-02-12,5217.5,12201.2,0.427621873258,73.5423509569
2020-02-13,5210.9,12174.65,0.428012304255,73.6094972261
2020-02-14,5197.65,12113.45,0.42908089768,73.7932737763
2020-02-17,5139.9,12045.8,0.426696441913,73.3831954015
2020-02-18,5113.8,11992.5,0.426416510319,73.3350528044
2020-02-19,5183.2,12125.9,0.427448684221,73.5125659302
2020-02-20,5203.65,12080.85,0.430735420107,74.0778183158
2020-02-24,5116.25,11829.4,0.432502916462,74.3817920959
2020-02-25,5102.35,11797.9,0.432479509065,74.377766495
2020-02-26,5072.25,11678.5,0.434323757332,74.6949400583
2020-02-27,5022.55,11633.3,0.431739059424,74.2504240676
2020-02-28,4831.05,11201.75,0.431276363068,74.1708496119
2020-03-02,4774.9,11132.75,0.428905706137,73.7631443589
2020-03-03,4830.2,11303.3,0.427326532959,73.4915583729
2020-03-04,4754.95,11251,0.422624655586,72.6829301489
2020-03-05,4775.95,11269,0.423813115627,72.8873213433
2020-03-06,4665.95,10989.45,0.42458448785,73.0199818321
2020-03-09,4448.45,10451.45,0.425629936516,73.1997779499
2020-03-11,4436.1,10458.4,0.424166220454,72.9480482629
2020-03-12,4043.4,9590.15,0.42162009979,72.5101667812
2020-03-13,4070.9,9955.2,0.408921970428,70.3263442397
2020-03-16,3849.9,9197.4,0.418585687259,71.9883089315
2020-03-17,3760.2,8967.05,0.41933523288,72.1172156843
2020-03-18,3531.15,8468.8,0.416959899868,71.7087062394
2020-03-19,3345.9,8263.45,0.404903520926,69.6352518471
2020-03-20,3421,8745.45,0.391174839488,67.2741951013
2020-03-23,2996.4,7610.25,0.393732137578,67.713998875
2020-03-24,2967.45,7801.05,0.380391101198,65.4196092731
2020-03-25,3041.55,8317.85,0.365665406325,62.8870862939
2020-03-26,3147.2,8641.45,0.364198138044,62.6347456967
2020-03-27,3174.85,8660.25,0.366600271355,63.0478642532
2020-03-30,3101.1,8281.1,0.37447923585,64.4028874836
2020-03-31,3201.6,8597.75,0.37237649385,64.0412582036
2020-04-01,3170.3,8253.8,0.38410186823,66.057786477
2020-04-03,3135.4,8083.8,0.387862144041,66.7044781939
2020-04-07,3244.5,8792.2,0.369020267965,63.4640549374
2020-04-08,3299.6,8748.75,0.377151021575,64.862380825
2020-04-09,3412.7,9111.9,0.374532205138,64.4119971345
2020-04-13,3398.4,8993.85,0.377858203105,64.9840018075
2020-04-15,3434.65,8925.3,0.384821798707,66.1816000214
2020-04-16,3504.25,8992.8,0.389672849391,67.0158830509
2020-04-17,3609.65,9266.75,0.389527072598,66.9908123782
2020-04-20,3633.45,9261.85,0.392302833667,67.4681873851
2020-04-21,3506.75,8981.45,0.390443636607,67.1484429303
2020-04-22,3523.5,9187.3,0.383518552785,65.9574679669
2020-04-23,3570.75,9313.9,0.383378606169,65.9333999672
2020-04-24,3504.3,9154.4,0.382799528096,65.8338101998
2020-04-27,3533,9282.3,0.380616872973,65.458437472
2020-04-28,3558.7,9380.9,0.379355925338,65.241579871
2020-04-29,3590.55,9553.35,0.375841982132,64.6372524017
2020-04-30,3615.75,9859.9,0.366712644144,63.0671901101
2020-05-04,3502,9293.5,0.376822510357,64.805883511
2020-05-05,3459.05,9205.6,0.375754975232,64.6222889671
2020-05-06,3472.65,9270.9,0.374575283953,64.4194058231
2020-05-07,3479.5,9199.05,0.378245579707,65.0506227821
2020-05-08,3453.4,9251.5,0.373280008647,64.1966445541
2020-05-11,3440.3,9239.2,0.372359078708,64.0382631499
2020-05-12,3412.6,9196.55,0.371073935334,63.8172443692
2020-05-13,3490.8,9383.55,0.372012724395,63.9786971828
2020-05-14,3458.8,9142.75,0.378310683328,65.061819294
2020-05-15,3461.15,9136.85,0.378812172685,65.1480653646
2020-05-18,3352.5,8823.25,0.379962032131,65.345818034
2020-05-19,3352.5,8879.1,0.377572051221,64.9347894458
2020-05-20,3394,9066.55,0.374343052208,64.3794666396
2020-05-21,3416.35,9106.25,0.375165408373,64.5208953398
2020-05-22,3402.05,9039.25,0.376364189507,64.7270615542
2020-05-26,3422.7,9029.05,0.379076425538,65.1935115338
2020-05-27,3440.75,9314.95,0.369379331075,63.5258065617
2020-05-28,3498.4,9490.1,0.368636789918,63.3981044356
2020-05-29,3538.75,9580.3,0.369377785664,63.5255407822
2020-06-01,3651.95,9826.15,0.371656243798,63.9173896987
2020-06-02,3733.15,9979.1,0.374096862443,64.3371269575
2020-06-03,3781.45,10061.55,0.375831755545,64.6354936346
2020-06-04,3781.4,10029.1,0.377042805436,64.8437698284
2020-06-05,3887.7,10142.15,0.383321090696,65.923508464
2020-06-08,3931.3,10167.45,0.386655454416,66.496951878
2020-06-09,3888.85,10046.65,0.387079275181,66.569840515
2020-06-10,3920.9,10116.15,0.387588163481,66.6573590548
2020-06-11,3876.85,9902,0.391521914765,67.3338850596
2020-06-12,3871.3,9972.9,0.388181973147,66.7594823595
2020-06-15,3884.65,9813.7,0.395839489693,68.076421002
2020-06-16,3881.7,9914,0.391537220093,67.3365172678
2020-06-17,3904.8,9881.15,0.39517667478,67.9624301844
2020-06-18,3959.9,10091.65,0.392393711633,67.4838165651
2020-06-19,4026.8,10244.4,0.393073288821,67.6006901565
2020-06-22,4105.4,10311.2,0.398149584917,68.473710861
2020-06-23,4169.05,10471,0.398152038965,68.4741329078
2020-06-24,4110.3,10305.3,0.398853017379,68.5946870791
2020-06-25,4125.55,10288.9,0.400970949275,68.9589287154
2020-06-26,4148.5,10383,0.399547336993,68.7140960708
2020-06-29,4097.85,10312.4,0.397371126023,68.3398316075
2020-06-30,4067.25,10302.1,0.39479814795,67.8973311924
2020-07-01,4095.45,10430.05,0.392658712087,67.5293913067
2020-07-02,4130.8,10551.7,0.391481941299,67.3270104284
2020-07-03,4142.15,10607.35,0.390498098017,67.1578091961
2020-07-06,4207.45,10763.65,0.390894352752,67.225957031
2020-07-07,4236.5,10799.65,0.392281231336,67.4644722192
2020-07-08,4224.95,10705.75,0.394643065642,67.8706601583
2020-07-09,4260.1,10813.45,0.393963073765,67.7537152487
2020-07-10,4246.2,10768.05,0.394333235823,67.8173756686
2020-07-13,4245.9,10802.7,0.393040628732,67.5950732788
2020-07-14,4190.5,10607.35,0.395056258161,67.9417209508
2020-07-15,4187.75,10618.2,0.394393588367,67.8277550909
2020-07-16,4184.8,10739.95,0.389647996499,67.011608854
2020-07-17,4239.95,10901.7,0.388925580414,66.887367835
2020-07-20,4279.4,11022.2,0.388252798897,66.7716629622
2020-07-21,4294.9,11162.25,0.384770095635,66.1727081342
2020-07-22,4287.15,11132.6,0.385098719077,66.2292247486
2020-07-23,4318.4,11215.45,0.385040279258,66.2191742765
2020-07-24,4306.1,11194.15,0.384674137831,66.1562053242
2020-07-27,4269,11131.8,0.383495930577,65.9535774028
2020-07-28,4312.6,11300.55,0.381627442912,65.6322351511
2020-07-29,4316.75,11202.85,0.385326055423,66.2683220221
2020-07-30,4287.65,11102.15,0.386199970276,66.4186177783
2020-07-31,4320.4,11073.45,0.390158442039,67.0993952078
2020-08-03,4367.9,10891.6,0.401033824232,68.9697419417
2020-08-04,4433.25,11095.25,0.399562876005,68.716768468
2020-08-05,4475.8,11101.65,0.403165295249,69.3363120341
2020-08-06,4505.7,11200.15,0.402289255055,69.185650762
2020-08-07,4542.8,11214.05,0.405098960679,69.6688635488
2020-08-10,4614.3,11270.15,0.40942667134,70.4131426332
2020-08-11,4628.75,11322.5,0.408809891808,70.3070689742
2020-08-12,4644.55,11308.4,0.410716812281,70.6350208948
2020-08-13,4687.15,11300.45,0.414775517789,71.3330365099
2020-08-14,4650.85,11178.4,0.416056859658,71.5534015083
2020-08-17,4697.75,11247.1,0.417685447804,71.8334858738
2020-08-18,4758.75,11385.35,0.417971340363,71.8826536367
2020-08-19,4821.15,11408.4,0.422596507836,72.6780893027
2020-08-20,4844.8,11312.2,0.428280970987,73.6557024937
2020-08-21,4915.95,11371.6,0.432300643709,74.3470052556
2020-08-24,4990.55,11466.45,0.435230607555,74.8509000349
2020-08-25,5009.3,11472.25,0.436644947591,75.0941380398
2020-08-26,5059.35,11549.6,0.438054131745,75.3364893368
2020-08-27,5072.05,11559.25,0.438787118541,75.4625483053
2020-08-28,5061.35,11647.6,0.43454016278,74.7321574375
2020-08-31,4833.8,11387.5,0.42448298573,73.0025255115
2020-09-01,4843.5,11470.25,0.422266297596,72.621299791
2020-09-02,4918.65,11535,0.426410923277,73.3340919457
2020-09-03,4949.1,11527.45,0.429331725577,73.8364111235
2020-09-04,4896.15,11333.85,0.431993541471,74.2941898549
2020-09-07,4901.7,11355.05,0.431675774215,74.239540286
2020-09-08,4856.1,11317.35,0.429084547178,73.7939014164
2020-09-09,4787.7,11278,0.42451675829,73.0083337118
2020-09-10,4852.2,11449.25,0.423800685634,72.8851836349
2020-09-11,4861.2,11464.45,0.424023830188,72.9235600045
2020-09-14,5107.9,11440.05,0.44649280379,76.7877709947
2020-09-15,5174.05,11521.8,0.449066118141,77.2303292429
2020-09-16,5193.1,11604.55,0.447505504307,76.9619350902
2020-09-17,5163.35,11516.1,0.448359253567,77.1087627706
2020-09-18,5151.5,11504.95,0.44776378863,77.0063547927
2020-09-21,4956.8,11250.55,0.440582904836,75.7713873852
2020-09-22,4865.5,11153.65,0.436224912921,75.021900535
2020-09-23,4865.8,11131.85,0.437106141387,75.1734540855
2020-09-24,4751.65,10805.55,0.439741614263,75.6267023482
2020-09-25,4873.9,11050.25,0.441066944187,75.8546324063
2020-09-28,5016.95,11227.55,0.446842810765,76.847965146
2020-09-29,5004.75,11222.4,0.445960757057,76.6962696707
2020-09-30,5000.7,11247.55,0.444603491427,76.4628473143
2020-10-01,5039.55,11416.95,0.441409483268,75.9135422304
2020-10-05,5065.25,11503.35,0.440328252205,75.7275922608
2020-10-06,5092.35,11662.4,0.436646830841,75.0944619209
2020-10-07,5068.4,11738.85,0.431762906929,74.2545253581
2020-10-08,5053.4,11834.6,0.427002180048,73.4357762039
2020-10-09,5037.45,11914.2,0.42281059576,72.7149081144
2020-10-12,5003.15,11930.95,0.41934213118,72.1184020529
2020-10-13,4996.6,11934.5,0.418668565922,72.0025623925
2020-10-14,5000.4,11971.05,0.417707719874,71.8373162213
2020-10-15,4922.2,11680.35,0.42140860505,72.473793945
2020-10-16,4987.9,11762.45,0.424052812127,72.9285443143
2020-10-19,5016.35,11873.05,0.422498852443,72.6612945416
2020-10-20,5029.25,11896.8,0.42273972833,72.7027203436
2020-10-21,5029.15,11937.65,0.421284758726,72.4524948711
2020-10-22,5068.15,11896.45,0.426022048594,73.2672133312
2020-10-23,5103.95,11930.35,0.427812260328,73.5750936989
2020-10-26,5048.95,11767.75,0.429049733381,73.7879141446
2020-10-27,5058.85,11889.4,0.425492455465,73.1761339776
2020-10-28,5017.1,11729.6,0.42772984586,73.5609200701
2020-10-29,4975.45,11670.8,0.426316105151,73.3177851375
2020-10-30,4976.7,11642.4,0.427463409606,73.5150983998
2020-11-02,4912.75,11669.15,0.421003243595,72.4040799377
2020-11-03,4925.1,11813.5,0.416904389046,71.699159496
2020-11-04,4926.15,11908.5,0.413666708653,71.1423436673
2020-11-05,5006.85,12120.3,0.41309621049,71.0442294716
2020-11-06,5031.55,12263.55,0.410284950116,70.5607492991
2020-11-09,5052.25,12461.05,0.405443361514,69.7280935572
2020-11-10,5043.05,12631.1,0.399256596813,68.6640946146
2020-11-11,5070.95,12749.15,0.397748085166,68.4046609891
2020-11-12,5129.85,12690.8,0.404218016201,69.5173588386
2020-11-13,5178.2,12719.95,0.407092795176,70.0117629315
2020-11-14,5225.7,12780.25,0.408888715009,70.3206249775
2020-11-17,5251.85,12874.2,0.407936027093,70.1567818406
2020-11-18,5282.45,12938.25,0.408281645508,70.2162212482
2020-11-19,5281.95,12771.7,0.413566713907,71.1251465845
2020-11-20,5338.35,12859.05,0.415143420393,71.3963083491
2020-11-23,5427.4,12926.45,0.419867790461,72.2088048637
2020-11-24,5475.85,13055.15,0.419439837918,72.1352056443
2020-11-25,5424.2,12858.4,0.421840975549,72.5481529639
2020-11-26,5466.05,12987,0.420886270886,72.3839629873
2020-11-27,5604.3,12968.95,0.432132130974,74.3180244587
2020-12-01,5669.5,13109.05,0.432487480023,74.3791373393
2020-12-02,5686.3,13113.75,0.433613573539,74.5728027473
2020-12-03,5736.05,13133.9,0.436736232193,75.1098371531
2020-12-04,5764.9,13258.55,0.434806219383,74.7779138155
2020-12-07,5844,13355.75,0.437564344945,75.2522558703
2020-12-08,5828.6,13392.95,0.435199115953,74.8454841135
2020-12-09,5872.95,13529.1,0.434097611815,74.6560475833
2020-12-10,5835.55,13478.3,0.432958904313,74.4602128237
2020-12-11,5865.25,13513.85,0.434017692959,74.6423031496
2020-12-14,5912.6,13558.15,0.436091944697,74.9990326782
2020-12-15,5925.1,13567.85,0.436701467071,75.1038582522
2020-12-16,5981.8,13682.7,0.437179796385,75.1861212619
2020-12-17,5980,13740.7,0.435203446695,74.8462289139
2020-12-18,5957.85,13760.55,0.432965978831,74.4614294984
2020-12-21,5665.45,13328.4,0.425066024429,73.1027964267
2020-12-22,5718.9,13466.3,0.424682355213,73.0368130477
2020-12-23,5881.8,13601.1,0.432450316519,74.3727459648
2020-12-24,5926.55,13749.25,0.431045329745,74.1311165328
2020-12-28,6027.05,13873.2,0.434438341551,74.7146462364
2020-12-29,6027.05,13932.6,0.432586164822,74.3961091374
2020-12-30,6062.65,13981.95,0.433605469909,74.5714090861
2020-12-31,6076.2,13981.75,0.434580792819,74.739144986
2021-01-01,6146.15,14018.5,0.438431358562,75.4013647529
2021-01-04,6226.5,14132.9,0.440567753257,75.7687816187
2021-01-05,6264.5,14199.5,0.44117750625,75.8736468547
2021-01-06,6248.7,14146.25,0.441721304233,75.9671691569
2021-01-07,6319.45,14137.35,0.447003858573,76.875662126
2021-01-08,6364.05,14347.25,0.44357281012,76.2855908849
2021-01-11,6359.15,14484.75,0.439023800894,75.5032529037
2021-01-12,6377.4,14563.45,0.437904480051,75.3107522591
2021-01-13,6360.45,14564.85,0.436698627174,75.1033698472
2021-01-14,6388.4,14595.6,0.437693551481,75.2744767927
2021-01-15,6320.55,14433.7,0.437902270381,75.3103722404
2021-01-18,6203.9,14281.3,0.434407231835,74.7092959918
2021-01-19,6307.75,14521.15,0.434383640414,74.7052387425
2021-01-20,6333.55,14644.7,0.432480692674,74.3779700518
2021-01-21,6306.45,14590.35,0.432234319259,74.3355987858
2021-01-22,6262.7,14371.9,0.435760059561,74.9419551181
2021-01-25,6199.7,14238.9,0.435405824888,74.8810338878
2021-01-27,6186.15,13967.5,0.442896008591,76.169194651
2021-01-28,6160.05,13817.55,0.44581347634,76.6709403532
2021-01-29,6139.65,13634.6,0.450299238702,77.4424011473
2021-02-01,6262.4,14281.2,0.438506568076,75.4142992747
2021-02-02,6339.95,14647.85,0.432824612486,74.4371173338
2021-02-03,6429.75,14789.95,0.434737778018,74.766143279
2021-02-04,6518.15,14895.65,0.437587483594,75.256235252
2021-02-05,6533.75,14924.25,0.437794194013,75.2917852815
2021-02-08,6633.1,15115.8,0.438818984109,75.4680285413
2021-02-09,6604,15109.3,0.437081797304,75.1692673933
2021-02-10,6631.2,15106.5,0.438963360143,75.4928583117
2021-02-11,6723.3,15173.3,0.443100709799,76.2043991366
2021-02-12,6713.8,15163.3,0.442766416281,76.1469073834
2021-02-15,6732.8,15314.7,0.439629898072,75.607489413
2021-02-16,6748.15,15313.45,0.440668170791,75.7860514125
2021-02-17,6773.9,15208.9,0.445390527915,76.5982017412
2021-02-18,6832.25,15118.95,0.451899768172,77.7176599855
2021-02-19,6775.65,14981.75,0.452260249971,77.7796555957
2021-02-22,6709.55,14675.7,0.457187732101,78.6270832949
2021-02-23,6769.1,14707.8,0.460238784862,79.1518029292
2021-02-24,6855.8,14982,0.457602456281,78.6984075023
2021-02-25,6967.3,15097.35,0.461491586272,79.3672595433
2021-02-26,6892.75,14529.15,0.474408344604,81.5886818649
2021-03-01,7017.45,14761.55,0.475387069786,81.7570028872
2021-03-02,7102.85,14919.1,0.476091051069,81.8780734913
2021-03-03,7169.15,15245.6,0.470243873642,80.8724767216
2021-03-04,7238.95,15080.75,0.480012598843,82.5525007383
2021-03-05,7128.95,14938.1,0.477232713665,82.0744164677
2021-03-08,7173.05,14956.2,0.47960377636,82.4821915039
2021-03-09,7112.4,15098.4,0.471069782229,81.0145163667
2021-03-10,7187.95,15174.8,0.473676753565,81.4628629387
2021-03-12,7212.8,15030.95,0.479863215565,82.5268098227
2021-03-15,7159.7,14929.5,0.479567299642,82.4759182429
2021-03-16,7178.65,14910.45,0.481450928711,82.7998645112
2021-03-17,7018.6,14721.3,0.476764959616,81.9939721907
2021-03-18,6918.35,14557.85,0.475231576091,81.7302611029
2021-03-19,6948.8,14744,0.471296798698,81.0535586279
2021-03-22,6966.45,14736.4,0.472737574984,81.3013431355
2021-03-23,7014.6,14814.75,0.473487571508,81.4303274345
2021-03-24,6881.35,14549.4,0.472964520874,81.3403732584
2021-03-25,6749.85,14324.9,0.471197006611,81.0363963985
2021-03-26,6828.5,14507.3,0.470694064368,80.9499004607
2021-03-30,6916,14845.1,0.465877629656,80.1215706812
2021-03-31,6952.55,14690.7,0.473261995684,81.3915329354
2021-04-01,7089.2,14867.35,0.476830100859,82.0051751726
2021-04-05,6976.85,14637.8,0.47663241744,81.9711776054
2021-04-06,7051.85,14683.5,0.480256750775,82.5944899539
2021-04-07,7149.35,14819.05,0.482443206548,82.9705163172
2021-04-08,7225.2,14873.8,0.485766919012,83.5421279296
2021-04-09,7264,14834.85,0.489657799034,84.2112809407
2021-04-12,6872.25,14310.8,0.480214243788,82.5871796082
2021-04-13,6987.55,14504.8,0.481740527274,82.8496696322
2021-04-15,6965.35,14581.45,0.477685689695,82.152319223
2021-04-16,7024.75,14617.85,0.480559726636,82.6465957008
2021-04-19,6883.9,14359.45,0.479398584208,82.4469025857
2021-04-20,6936.2,14296.4,0.485171092023,83.439657686
2021-04-22,6987.25,14406.15,0.485018551105,83.4134237199
2021-04-23,7015.95,14341.35,0.489211266722,84.1344863751
2021-04-26,7092.45,14485,0.489641007939,84.2083932106
2021-04-27,7213.55,14653.05,0.492290001058,84.6639666828
2021-04-28,7270.8,14864.55,0.489136906264,84.1216978737
2021-04-29,7293.05,14894.9,0.489634035811,84.2071941449
2021-04-30,7271.15,14631.1,0.496965368291,85.4680356966
2021-05-03,7364.85,14634.15,0.503264624184,86.5513808588
2021-05-04,7317.65,14496.5,0.504787362467,86.8132611793
2021-05-05,7365.75,14617.85,0.503887370578,86.658480698
2021-05-06,7422,14724.8,0.504047593176,86.6860357584
2021-05-07,7474.2,14823.15,0.504224810516,86.7165135722
2021-05-10,7588,14942.35,0.507818381981,87.3345354986
2021-05-11,7650.3,14850.75,0.515145699712,88.5946865943
2021-05-12,7597.4,14696.5,0.516953016024,88.9055086051
2021-05-14,7523.1,14677.8,0.512549564649,88.1482036431
2021-05-17,7620.3,14923.15,0.510636159256,87.8191364468
2021-05-18,7715.7,15108.1,0.510699558515,87.8300398426
2021-05-19,7760.25,15030.15,0.516312212453,88.795303295
2021-05-20,7775.3,14906.05,0.521620415871,89.708207389
2021-05-21,7834.1,15175.3,0.516240206124,88.7829196566
2021-05-24,7894.5,15197.7,0.519453601532,89.3355589568
2021-05-25,7906.6,15208.45,0.519882039261,89.4092416186
2021-05-26,7959.55,15301.45,0.520182727781,89.4609539888
2021-05-27,8012.8,15337.85,0.522420026275,89.8457242762
2021-05-28,7971.9,15435.65,0.516460272162,88.8207665835
2021-05-31,8004.75,15582.8,0.513691377673,88.34457249
2021-06-01,7951.3,15574.85,0.510521770675,87.7994639144
2021-06-02,8048.6,15576.2,0.516724233125,88.8661625535
2021-06-03,8138.8,15690.35,0.518713731689,89.2083162429
2021-06-04,8181,15670.25,0.522072079258,89.7858843962
2021-06-07,8300.7,15751.65,0.526973364695,90.6288067915
2021-06-08,8343.05,15740.1,0.530050635002,91.1580353158
2021-06-09,8240.05,15635.35,0.527014105856,90.6358134508
2021-06-10,8373.1,15737.75,0.532039205096,91.500029327
2021-06-11,8402.9,15799.35,0.53185099387,91.4676607863
2021-06-14,8362.8,15811.85,0.528894468389,90.9591979407
2021-06-15,8404.45,15869.25,0.529605999023,91.0815668813
2021-06-16,8352.75,15767.55,0.529743048222,91.1051365837
2021-06-17,8300.9,15691.4,0.529009521139,90.9789846967
2021-06-18,8241.25,15683.35,0.525477656241,90.3715750572
2021-06-21,8305.35,15746.5,0.527441018639,90.7092338525
2021-06-22,8379.4,15772.75,0.531258024124,91.3656819309
2021-06-23,8350.4,15686.95,0.532315077182,91.5474737704
2021-06-24,8332.95,15790.45,0.52772086926,90.7573625237
2021-06-25,8363.1,15860.35,0.527296055888,90.6843031785
2021-06-28,8406.5,15814.7,0.531562407128,91.418029678
2021-06-29,8398.05,15748.45,0.533262003562,91.7103260391
2021-06-30,8452.25,15721.5,0.537623636421,92.4604390584
2021-07-01,8502.1,15680,0.542225765306,93.2519125511
2021-07-02,8580.75,15722.2,0.545772856216,93.861940758
2021-07-05,8677.3,15834.35,0.548004812323,94.2457922623
2021-07-06,8631.65,15818.25,0.545676670934,93.8453988264
2021-07-07,8688.85,15879.65,0.547168860775,94.10202543
2021-07-08,8684.75,15727.9,0.552187513908,94.9651327058
2021-07-09,8732.4,15689.8,0.556565411924,95.7180430044
2021-07-12,8826.85,15692.6,0.562484865478,96.7360698127
2021-07-13,8901.45,15812.35,0.562942889577,96.8148407342
2021-07-14,8917.1,15853.95,0.562452890289,96.7305707241
2021-07-15,8979.1,15924.2,0.563865060725,96.9734356015
2021-07-16,9057.05,15923.4,0.568788700906,97.8202025626
2021-07-19,9054.5,15752.4,0.574801300119,98.8542485486
2021-07-20,8904.6,15632.1,0.569635557603,97.9658448609
2021-07-22,9046.45,15824.05,0.571689927673,98.3191551432
2021-07-23,9026.25,15856.05,0.569262205909,97.9016358879
2021-07-26,9059.2,15824.45,0.572481192079,98.4552366869
2021-07-27,9052.45,15746.45,0.574888308158,98.8692121791
2021-07-28,9005.95,15709.4,0.573284148344,98.5933289949
2021-07-29,9087.2,15778.45,0.575924758135,99.0474607036
2021-07-30,9131.3,15763.05,0.579285100282,99.6253718839
2021-08-02,9206.2,15885.15,0.579547564864,99.6705105066
2021-08-03,9183.55,16130.75,0.569319467477,97.9114837245
2021-08-04,9081.3,16258.8,0.558546756218,96.0587943237
2021-08-05,9032.05,16294.6,0.55429712911,95.3279440381
2021-08-06,9044.2,16238.2,0.55697060019,95.7877272267
2021-08-09,8949.55,16258.25,0.550462073101,94.6683916331
2021-08-10,8718,16280.1,0.535500396189,92.0952844953
2021-08-11,8671.25,16282.25,0.532558460901,91.5893308689
2021-08-12,8868.65,16364.4,0.54194776466,93.2041020382
2021-08-13,8862.5,16529.1,0.536175593347,92.2114048097
2021-08-16,8786.1,16563.05,0.530463894029,91.2291075464
2021-08-17,8761.75,16614.6,0.527352449051,90.6940016669
2021-08-18,8725.35,16568.85,0.526611683973,90.5666049907
2021-08-20,8518.7,16450.5,0.517838363576,89.0577705552
2021-08-23,8350.15,16496.45,0.506178602063,87.0525263737
2021-08-24,8522.7,16624.6,0.512655943602,88.1664986808
2021-08-25,8587.7,16634.65,0.516253723403,88.7852443562
2021-08-26,8606.75,16636.9,0.517328949504,88.9701615932
2021-08-27,8673.8,16705.2,0.519227545914,89.2966819427
2021-08-30,8794.55,16931.05,0.519433230662,89.3320555774
2021-08-31,8854.85,17132.2,0.516854227712,88.8885190047
2021-09-01,8872.75,17076.25,0.51959593002,89.3600365906
2021-09-02,8958.15,17234.15,0.519790648219,89.3935241997
2021-09-03,9006.75,17323.6,0.519912142973,89.4144188507
2021-09-06,9079,17377.8,0.522448181013,89.8505663241
2021-09-07,9057,17362.1,0.521653486617,89.7138948913
2021-09-08,9113.25,17353.5,0.525153427263,90.3158142021
2021-09-09,9184.55,17369.25,0.528782186911,90.9398877874
2021-09-13,9252.85,17355.3,0.533142613496,91.6897933519
2021-09-14,9299.4,17380,0.535063291139,92.0201112289
2021-09-15,9362.45,17519.45,0.534403191881,91.9065874492
2021-09-16,9360.05,17629.5,0.530931109788,91.3094592483
2021-09-17,9293.3,17585.15,0.528474309289,90.8869390364
2021-09-20,9113.15,17396.9,0.523837580259,90.0895150154
2021-09-21,9116.75,17562,0.519117982007,89.277839157
2021-09-22,9232.3,17546.65,0.526157414663,90.4884798173
2021-09-23,9311.3,17822.95,0.522433155005,89.8479821534
2021-09-24,9305.1,17853.2,0.52120068111,89.6360214625
2021-09-27,9320.2,17855.1,0.521990915761,89.771925909
2021-09-28,9276.3,17748.6,0.522649673777,89.885219022
2021-09-29,9301.25,17711.3,0.525159079232,90.3167862271
2021-09-30,9364.5,17618.15,0.53152572773,91.4117215602
2021-10-01,9391.6,17532.05,0.5356817942,92.1264813002
2021-10-04,9525.8,17691.25,0.538446972373,92.6020362622
2021-10-05,9578.15,17822.3,0.537425023706,92.426281671
2021-10-06,9496.1,17646,0.538144622011,92.5500380884
2021-10-07,9607.8,17790.35,0.540056828562,92.8788991081
2021-10-08,9684.95,17895.2,0.54120378649,93.0761527749
2021-10-11,9789.3,17945.95,0.545487979182,93.8129476449
2021-10-12,9851.35,17991.95,0.547542095215,94.1662142377
2021-10-13,9878.55,18161.75,0.543920602365,93.5433903954
2021-10-14,9931.15,18338.55,0.541544996742,93.1348340671
2021-10-18,10013.65,18477.05,0.541950690181,93.2046051688
2021-10-19,9828.9,18418.75,0.533635561588,91.774570497
2021-10-20,9627.35,18266.6,0.527046631557,90.6414072164
2021-10-21,9560.9,18178.1,0.525957058218,90.4540225434
2021-10-22,9456.9,18114.9,0.522050908368,89.7822434294
2021-10-25,9284,18125.4,0.512209385724,88.0896997184
2021-10-26,9508.5,18268.4,0.520488931707,89.513614898
2021-10-27,9558.3,18210.95,0.524865534198,90.2663023925
2021-10-28,9408.25,17857.25,0.526858838847,90.6091106519
2021-10-29,9376.85,17671.65,0.530615420745,91.2551670901
2021-11-01,9474.95,17929.65,0.528451475628,90.8830121066
2021-11-02,9588.3,17888.95,0.535990094444,92.1795027337
2021-11-03,9556.2,17829.2,0.535985910753,92.1787832232
2021-11-04,9683.85,17916.8,0.540489931238,92.9533840467
2021-11-08,9760.35,18068.55,0.540184464166,92.9008498617
2021-11-09,9800.35,18044.25,0.543128697508,93.4071987069
2021-11-10,9795.95,18017.2,0.543699908976,93.5054355767
2021-11-11,9745.55,17873.6,0.545248299167,93.7717275089
2021-11-12,9778.6,18102.75,0.540172073304,92.898718883
2021-11-15,9756.25,18109.45,0.538738062172,92.6520978457
2021-11-16,9784.4,17999.2,0.543601937864,93.4885865184
2021-11-17,9776.35,17898.65,0.546205998776,93.936432556
2021-11-18,9620.55,17764.8,0.541551269927,93.1359129286
2021-11-22,9362.65,17416.55,0.537572022014,92.4515624196
2021-11-23,9541.85,17503.35,0.54514421525,93.7538271712
2021-11-24,9588.15,17415.05,0.550566894726,94.6864188417
2021-11-25,9670.2,17536.25,0.551440587355,94.8366763798
2021-11-26,9390.65,17026.45,0.551533055922,94.8525791113
2021-11-29,9154.2,17053.95,0.536778869411,92.3151561442
2021-11-30,9336.2,16983.2,0.549731499364,94.5427476622
2021-12-01,9363.95,17166.9,0.545465401441,93.8090647281
2021-12-02,9465.85,17401.65,0.543962785138,93.550644983
2021-12-03,9519.3,17196.7,0.553553879523,95.2001200764
2021-12-06,9400.75,16912.25,0.555854484176,95.5957777481
2021-12-07,9516.95,17176.7,0.554061606711,95.2874389284
2021-12-08,9658.85,17469.75,0.552889995564,95.0859454043
2021-12-09,9747.35,17516.85,0.556455641283,95.6991646647
2021-12-10,9835.9,17511.3,0.561688738129,96.5991519407
2021-12-13,9837.9,17368.25,0.566430123933,97.4145748192
2021-12-14,9867.7,17324.9,0.569567501111,97.9541405149
2021-12-15,9833.55,17221.4,0.571007583588,98.2018057012
2021-12-16,9737.8,17248.4,0.564562510146,97.0933828569
2021-12-17,9515.75,16985.2,0.560237736382,96.3496088598
2021-12-20,9185.1,16614.2,0.552846360342,95.0784410249
2021-12-21,9299.65,16770.85,0.554512740857,95.3650249167
2021-12-22,9453.55,16955.45,0.557552291446,95.887766409
2021-12-23,9528.15,17072.6,0.558096013495,95.9812756522
2021-12-24,9466.4,17003.75,0.556724252003,95.7453602995
2021-12-27,9502.55,17086.25,0.556151876509,95.6469232407
2021-12-28,9643.8,17233.25,0.559604253405,96.2406625446
2021-12-29,9712.35,17213.6,0.564225379932,97.0354032491
2021-12-30,9726.6,17203.95,0.565370162085,97.2322827263
2021-12-31,9840,17354.05,0.567014616185,97.5150957163
2022-01-03,9966.35,17625.7,0.565444209308,97.2450173576
2022-01-04,10018.45,17805.25,0.562668314121,96.767619285
2022-01-05,10024.3,17925.25,0.559227904771,96.1759381582
2022-01-06,10034.95,17745.9,0.56547991367,97.2511577889
2022-01-07,10076.6,17812.7,0.565697507958,97.2885796246
2022-01-10,10218.3,18003.3,0.567579277133,97.6122060284
2022-01-11,10228.8,18055.75,0.566512052947,97.4286649598
2022-01-12,10292.35,18212.35,0.565130255019,97.1910235422
2022-01-13,10352.6,18257.8,0.567023409173,97.5166079332
2022-01-14,10424,18255.75,0.570998178656,98.2001882423
2022-01-17,10471.85,18308.1,0.571979069374,98.368881693
2022-01-18,10257.8,18113.05,0.566320967479,97.3958021073
2022-01-19,10281.15,17938.4,0.573136400125,98.5679192765
2022-01-20,10269.25,17757,0.578321225432,99.4596048198
2022-01-21,10076.85,17617.15,0.571990929293,98.3709213604
2022-01-24,9611.5,17149.1,0.560466730032,96.3889911563
2022-01-25,9713.45,17277.95,0.562187643789,96.6849536674
2022-01-27,9668.55,17110.15,0.565076869577,97.1818423212
2022-01-28,9719.7,17101.95,0.568338698219,97.7428111624
2022-01-31,9813.1,17339.85,0.565927617598,97.3281538488
2022-02-01,9886.6,17576.85,0.562478487329,96.7349728994
2022-02-02,10051.3,17780,0.56531496063,97.2227891877
2022-02-03,10050.15,17560.2,0.572325486042,98.4284583841
2022-02-04,9991.3,17516.3,0.570400141582,98.0973379086
2022-02-07,9882.3,17213.6,0.574098387322,98.7333617023
2022-02-08,9732.9,17266.75,0.563678746724,96.9413933452
2022-02-09,9766.05,17463.8,0.559216779853,96.1740248963
2022-02-10,9781.05,17605.85,0.555556817762,95.5445851193
2022-02-11,9596.15,17374.75,0.552304349703,94.9852261097
2022-02-14,9187.6,16842.8,0.545491248486,93.8135098993
2022-02-15,9370.05,17352.45,0.539984267351,92.8664200411
2022-02-16,9440.8,17322.2,0.545011603607,93.731020639
2022-02-17,9370.3,17304.6,0.541491857656,93.1256952144
2022-02-18,9293.55,17276.3,0.537936363689,92.5142218509
2022-02-21,9052.95,17206.65,0.526130885443,90.4839173255
2022-02-22,8877.55,17092.2,0.519391886358,89.3249451896
2022-02-23,8982.9,17063.25,0.526447189135,90.538315191
2022-02-24,8454.95,16247.95,0.520370262095,89.4932061143
2022-02-25,8815.2,16658.4,0.529174470537,91.0073526716
2022-02-28,8887.65,16793.9,0.529218942592,91.0150009695
2022-03-02,8911.1,16605.95,0.536620909975,92.2879903021
2022-03-03,8945.3,16498.05,0.542203472532,93.2480786428
2022-03-04,8804.1,16245.35,0.54194584912,93.2037726039
2022-03-07,8599.35,15863.15,0.542095989762,93.229593771
2022-03-08,8717.05,16013.45,0.544358024036,93.6186181143
2022-03-09,8899.85,16345.35,0.544488187772,93.6410036557
2022-03-10,9025.4,16594.9,0.543865886507,93.5339803698
2022-03-11,9105.9,16630.45,0.547543812705,94.1665096115
2022-03-14,9143.55,16871.3,0.541958829492,93.2060049664
2022-03-15,9067.95,16663,0.544196723279,93.5908776323
2022-03-16,9168.55,16975.35,0.540109629551,92.887979815
2022-03-17,9276.95,17287.05,0.536641590092,92.2915468657
2022-03-21,9301.5,17117.6,0.543388091789,93.4518092997
2022-03-22,9330.35,17315.5,0.538843810459,92.6702844216
2022-03-23,9316.45,17245.65,0.540220287435,92.9070107426
2022-03-24,9347.7,17222.75,0.542753044665,93.3425939827
2022-03-25,9311.1,17153,0.542826327756,93.3551971987
2022-03-28,9256.45,17222,0.537478225525,92.4354313125
2022-03-29,9312.05,17325.3,0.537482756431,92.4362105371
2022-03-30,9396.5,17498.25,0.536996556799,92.3525939911
2022-03-31,9441.45,17464.75,0.540600352138,92.972374218
2022-04-01,9620.15,17670.45,0.544420204352,93.6293118765
2022-04-04,9766.85,18053.4,0.540997817586,93.040730271
2022-04-05,9860.05,17957.4,0.549080044995,94.4307106295
2022-04-06,9902,17807.65,0.55605315693,95.629945461
2022-04-07,9859.2,17639.55,0.558925822938,96.123986166
2022-04-08,9934.75,17784.35,0.558623171496,96.0719362128
2022-04-11,9966.55,17674.95,0.563879954399,96.9759970134
2022-04-12,9825.2,17530.3,0.560469586944,96.3894824875
2022-04-13,9857.95,17475.65,0.56409632832,97.0132089706
2022-04-18,9770.8,17173.65,0.568941372393,97.8464589841
2022-04-19,9620.7,16958.65,0.567303411533,97.5647627006
2022-04-20,9622.75,17136.55,0.561533680933,96.5724852255
2022-04-21,9744.85,17392.6,0.560287133609,96.358104188
2022-04-22,9720.3,17171.95,0.566056854347,97.3503799671
2022-04-25,9526.05,16953.95,0.561877910457,96.6316857717
2022-04-26,9623.75,17200.8,0.559494325845,96.2217572179
2022-04-27,9568.55,17038.4,0.56158735562,96.5817161908
2022-04-28,9593.75,17245.05,0.556319059672,95.6756753781
2022-04-29,9493.3,17102.55,0.555080967458,95.4627484494
2022-05-02,9397.75,17069.1,0.550570914694,94.6871101952
2022-05-04,9183.4,16677.6,0.550642778337,94.6994692947
2022-05-05,9126.7,16682.65,0.547077352819,94.0862879043
2022-05-06,8919.45,16411.25,0.543496077386,93.4703806479
2022-05-09,8748.95,16301.85,0.53668448673,92.2989242236
2022-05-10,8569.1,16240.05,0.527652316341,90.7455728023
2022-05-11,8340.65,16167.1,0.515902666526,88.7248696429
2022-05-12,8202.15,15808,0.518860703441,89.2335924247
2022-05-13,8286.2,15782.15,0.525036195956,90.2956527781
2022-05-16,8396.8,15842.3,0.530024049538,91.1534631513
2022-05-17,8638.1,16259.3,0.531271333944,91.3679709519
2022-05-18,8667.2,16240.3,0.533684722573,91.7830251964
2022-05-19,8473.6,15809.4,0.535984920364,92.1786128962
2022-05-20,8654.55,16266.15,0.532058907609,91.5034177625
2022-05-23,8594.1,16214.7,0.530019056782,91.1526044978
2022-05-24,8488.6,16125.15,0.526419909272,90.533623604
2022-05-25,8233.7,16025.8,0.513777783324,88.359432522
2022-05-26,8311.8,16170.15,0.51402120574,88.4012962756
2022-05-27,8397.35,16352.45,0.513522438534,88.31551836
2022-05-30,8585.5,16661.4,0.515292832535,88.6199904769
2022-05-31,8673.1,16584.55,0.522962636912,89.939042379
2022-06-01,8730.65,16522.75,0.528401749104,90.8744601457
2022-06-02,8772.9,16628,0.527598027424,90.7362362017
2022-06-03,8696.35,16584.3,0.524372448641,90.1815016063
2022-06-06,8640.9,16569.55,0.521492738185,89.6862493981
2022-06-07,8592.5,16416.35,0.523411111483,90.0161709741
2022-06-08,8577.6,16356.25,0.524423385556,90.1902617299
2022-06-09,8582.15,16478.1,0.520821575303,89.5708228979
2022-06-10,8506.9,16201.8,0.525058944068,90.2995649953
2022-06-13,8205.65,15774.4,0.520187772594,89.4618215951
2022-06-14,8172.05,15732.1,0.519450677278,89.335056044
2022-06-15,8217.8,15692.15,0.52368859589,90.0638927042
2022-06-16,7965.9,15360.6,0.51859302371,89.1875569014
2022-06-17,7902.75,15293.5,0.516739137542,88.8687258132
2022-06-20,7657.25,15350.15,0.498838773562,85.7902236776
2022-06-21,7893.4,15638.8,0.504731820856,86.8037091407
2022-06-22,7810.9,15413.3,0.506763639195,87.1531409792
2022-06-23,7899.9,15556.65,0.507814985874,87.3339514365
2022-06-24,8036.8,15699.25,0.511922544071,88.0403687303
2022-06-27,8165.6,15832.05,0.515763909285,88.7010061917
2022-06-28,8159.2,15850.2,0.514769529722,88.5299929311
2022-06-29,8114.6,15799.1,0.513611534834,88.3308411296
2022-06-30,8088.6,15780.25,0.512577430649,88.152996034
2022-07-01,8105.5,15752.05,0.514567945125,88.4953244398
2022-07-04,8145.7,15835.35,0.514399744875,88.4663973839
2022-07-05,8166.8,15810.85,0.516531369281,88.8329938562
2022-07-06,8210.1,15989.8,0.513458579845,88.3045359515
2022-07-07,8317.45,16132.9,0.515558269127,88.6656402255
2022-07-08,8336.8,16220.6,0.51396372514,88.3914107699
2022-07-11,8423.3,16216,0.51944375925,89.3338662826
2022-07-12,8392.4,16058.3,0.522620700821,89.8802362571
2022-07-13,8410.35,15966.65,0.526744808711,90.5894997648
2022-07-14,8349.6,15938.65,0.52385867059,90.0931421277
2022-07-15,8389.35,16049.2,0.522726989507,89.8985157707
2022-07-18,8511.7,16278.5,0.522879872224,89.9248085193
2022-07-19,8583.3,16340.55,0.525276076999,90.3369074869
2022-07-20,8635.05,16520.85,0.522675891374,89.8897279207
2022-07-21,8703.65,16605.25,0.524150494572,90.143329976
2022-07-22,8727.65,16719.45,0.522005807607,89.7744870067
2022-07-25,8691.85,16631,0.522629426974,89.8817369796
2022-07-26,8602.75,16483.85,0.5218896071,89.7545028595
2022-07-27,8602.25,16641.8,0.516906224086,88.8974613341
2022-07-28,8667.5,16929.6,0.511973112182,88.0490654272
2022-07-29,8790.55,17158.25,0.512322060816,88.1090775653
2022-08-01,8935.05,17340.05,0.515283981303,88.6184682433
2022-08-02,8990.15,17345.45,0.518300188234,89.1371950964
2022-08-03,8954.55,17388.15,0.514980029503,88.5661946545
2022-08-04,8930.45,17382,0.513775745024,88.3590819753
2022-08-05,8922.2,17397.5,0.512843799396,88.1988060946
2022-08-08,8944.25,17525.1,0.510367986488,87.773016131
2022-08-10,8919.05,17534.75,0.508649966495,87.4775512889
2022-08-11,8973.05,17659,0.508128999377,87.3879554356
2022-08-12,8992.65,17698.15,0.50811242983,87.3851058072
2022-08-16,9071.45,17825.25,0.508910113463,87.5222913286
2022-08-17,9115.05,17944.25,0.507964946989,87.3597417284
2022-08-18,9139.55,17956.5,0.508982819592,87.5347953187
2022-08-19,9041.75,17758.45,0.50915198117,87.5638877036
2022-08-22,8960.3,17490.7,0.512289388075,88.1034585117
2022-08-23,9050.85,17577.5,0.514911107951,88.5543415354
2022-08-24,9129.9,17604.95,0.518598462364,89.1884922404
2022-08-25,9160.6,17522.45,0.522792189448,89.9097288476
2022-08-26,9227.05,17558.9,0.525491346269,90.3739294664
2022-08-29,9172.2,17312.9,0.529789925431,91.1131985196
2022-08-30,9285.8,17759.3,0.522869707702,89.9230604263
2022-09-01,9313.85,17542.8,0.53092151766,91.3078095954
2022-09-02,9333.95,17539.45,0.532168910656,91.5223360713
2022-09-05,9427.45,17665.8,0.533655424606,91.7779865361
2022-09-06,9457.25,17655.6,0.53565157797,92.1212847171
2022-09-07,9533.55,17624.4,0.540929052904,93.0289041305
2022-09-08,9600.7,17798.75,0.539403047967,92.7664620113
2022-09-09,9581.65,17833.35,0.537288282908,92.4027650073
2022-09-12,9672.35,17936.35,0.539259659853,92.7418021431
2022-09-13,9683,18070.05,0.535859059604,92.15696738
2022-09-14,9692.1,18003.75,0.538337846282,92.583268772
2022-09-15,9690.05,17877.4,0.542027923524,93.2178877486
2022-09-16,9467.85,17530.85,0.540067937379,92.880809601
2022-09-19,9398.3,17622.25,0.533320092497,91.7203161661
2022-09-20,9506.25,17816.25,0.533571879604,91.7636184782
2022-09-21,9446.7,17718.35,0.533159125991,91.6926331685
2022-09-22,9500.4,17629.8,0.538883027601,92.6770289803
2022-09-23,9312.45,17327.35,0.5374422517,92.429244539
2022-09-26,9001,17016.3,0.528963405676,90.9710537657
2022-09-27,9048.95,17007.4,0.532059574068,91.50353238
2022-09-28,9009.05,16858.6,0.534388976546,91.9041426979
2022-09-29,9060.15,16818.1,0.538714242394,92.6480013235
2022-09-30,9198.75,17094.35,0.538116395183,92.5451836425
2022-10-03,9163.95,16887.35,0.542651748202,93.325173031
2022-10-04,9285.3,17274.3,0.537521057293,92.442797514
2022-10-06,9387.2,17331.8,0.541617143055,93.1472417801
2022-10-07,9417.4,17314.65,0.54389779753,93.539468423
2022-10-10,9365.75,17241,0.54322545096,93.4238383524
2022-10-11,9221.15,16983.55,0.542945968305,93.3757729638
2022-10-12,9261.45,17123.6,0.540858814735,93.0168245799
2022-10-13,9212.05,17014.35,0.541428264965,93.1147585521
2022-10-14,9215.7,17185.7,0.536242341016,92.2228840646
2022-10-17,9239.25,17311.8,0.533696669324,91.785079797
2022-10-18,9313.65,17486.95,0.53260574314,91.5974624619
2022-10-19,9316.4,17512.25,0.531993318962,91.4921378361
2022-10-20,9327,17563.95,0.531030889976,91.3266194314
2022-10-21,9287.35,17576.3,0.52840188208,90.8744830149
2022-10-24,9374.3,17730.75,0.528702959548,90.9262622764
2022-10-25,9357.25,17656.35,0.52996514002,91.1433319006
2022-10-27,9394.45,17736.95,0.529654196466,91.0898558708
2022-10-28,9337,17786.8,0.52493984303,90.2790820152
2022-10-31,9372,18012.2,0.520314009394,89.4835317826
2022-11-01,9385.3,18145.4,0.517227506696,88.9527154731
2022-11-02,9386.9,18082.85,0.519105118939,89.2756269684
2022-11-03,9398.75,18052.7,0.520628493245,89.537616672
2022-11-04,9442.1,18117.15,0.52116916844,89.6306019177
2022-11-07,9512.8,18202.8,0.52260091854,89.8768341031
2022-11-09,9475.85,18157,0.521884121826,89.7535595028
2022-11-10,9359.5,18028.2,0.519158873321,89.2848716396
2022-11-11,9391.1,18349.7,0.511784933814,88.0167025372
2022-11-14,9433.7,18329.15,0.514682895824,88.5150936453
2022-11-15,9439,18403.4,0.512894356478,88.2075008944
2022-11-16,9407.6,18409.65,0.511014603754,87.8842212795
2022-11-17,9395.75,18343.9,0.512200240952,88.0881270018
2022-11-18,9353.5,18307.65,0.510906642851,87.8656541783
2022-11-21,9363.65,18159.95,0.515620913053,88.6764137193
2022-11-22,9355.35,18244.2,0.512784885059,88.188674015
2022-11-23,9410,18267.25,0.515129535097,88.591906606
2022-11-24,9461.3,18484.1,0.511861545869,88.029878268
2022-11-25,9534.55,18512.75,0.51502613064,88.5741231217
2022-11-28,9636.6,18562.75,0.519136442607,89.2810140085
2022-11-29,9602.2,18618.05,0.51574681559,88.6980664203
2022-11-30,9651.05,18758.35,0.514493545541,88.4825292096
2022-12-01,9693.85,18812.5,0.515287707641,88.6191090984
2022-12-02,9758.15,18696.1,0.521935055974,89.7623191506
2022-12-05,9790.5,18701.05,0.523526753845,90.0360591316
2022-12-06,9767.5,18642.75,0.523930214158,90.1054461807
2022-12-07,9729.65,18560.5,0.524212709787,90.1540297401
2022-12-08,9783.2,18609.35,0.525714224301,90.4122599997
2022-12-09,9681.8,18496.6,0.523436739725,90.0205785155
2022-12-12,9733.25,18497.15,0.526202685279,90.4962654515
2022-12-13,9788.7,18608,0.526047936371,90.4696517557
2022-12-14,9852.65,18660.3,0.528000621641,90.8054742997
2022-12-15,9810.2,18414.9,0.532731646656,91.6191153312
2022-12-16,9732.3,18269,0.532722097542,91.617473076
2022-12-19,9761.45,18420.45,0.52992462182,91.136363586
2022-12-20,9741.25,18385.3,0.529839056203,91.1216480229
2022-12-21,9540,18199.1,0.52420174624,90.1521442308
2022-12-22,9373.85,18127.35,0.517110884934,88.9326588784
2022-12-23,8962.5,17806.8,0.503318956803,86.5607249752
2022-12-26,9262.7,18014.6,0.514177389451,88.4281567287
2022-12-27,9377.05,18132.3,0.517146197669,88.9387319579
2022-12-28,9397.05,18122.5,0.518529452338,89.1766239056
2022-12-29,9408.35,18191,0.517198064977,88.9476520903
2022-12-30,9481.25,18105.3,0.523672626248,90.0611462472
2023-01-02,9552.8,18197.45,0.52495267194,90.2812883294
2023-01-03,9566.55,18232.55,0.524696216382,90.2371831378
2023-01-04,9480.9,18042.95,0.525462853912,90.3690293549
2023-01-05,9479.5,17992.15,0.526868662167,90.6108000651
2023-01-06,9406.75,17859.45,0.526709949075,90.5835046093
2023-01-09,9444.15,18101.2,0.521741652487,89.7290576455
2023-01-10,9398,17914.15,0.524613224741,90.2229102468
2023-01-11,9403.2,17895.7,0.52544465989,90.3659003494
2023-01-12,9409.4,17858.2,0.526895207804,90.6153653801
2023-01-13,9436.25,17956.6,0.525503157613,90.3759607798
2023-01-16,9431.25,17894.85,0.527037108442,90.6397694323
2023-01-17,9417.95,18053.3,0.521674707671,89.7175444852
2023-01-18,9424.05,18165.35,0.51879264644,89.2218879909
2023-01-19,9396.9,18107.85,0.518940680423,89.2473468551
2023-01-20,9344.95,18027.65,0.51836761863,89.1487917668
2023-01-23,9331.9,18118.55,0.515046733872,88.5776664627
2023-01-24,9294.45,18118.3,0.512986869629,88.2234112935
2023-01-25,9211.9,17891.95,0.514862829373,88.5460385923
2023-01-27,9043.65,17604.35,0.513716780228,88.3489412178
2023-01-30,9024.75,17648.95,0.511347700571,87.9415072244
2023-01-31,9261.7,17662.15,0.524381233315,90.1830123933
2023-02-01,9155.6,17616.3,0.51972321089,89.3819263371
2023-02-02,9195.6,17610.4,0.522168718485,89.802504397
2023-02-03,9161.55,17854.05,0.513135675099,88.2490028377
2023-02-06,9185.15,17764.6,0.517047949292,88.9218352155
2023-02-07,9151.35,17721.5,0.516398160427,88.8100846157
2023-02-08,9222.15,17871.7,0.516019740707,88.7450040445
2023-02-09,9198.85,17893.45,0.514090351497,88.4131879534
2023-02-10,9243.6,17856.5,0.517660235768,89.0271361595
2023-02-13,9133.7,17770.9,0.513969466938,88.3923982435
2023-02-14,9085.45,17929.85,0.50672203058,87.1459851354
2023-02-15,9121.45,18015.85,0.506301395715,87.0736444092
2023-02-16,9194.35,18035.85,0.509781906592,87.672222191
2023-02-17,9162.4,17944.2,0.510605098026,87.8137945407
2023-02-20,9133.15,17844.6,0.511815899488,88.0220280096
2023-02-21,9101.25,17826.7,0.510540369221,87.8026624898
2023-02-22,8998.4,17554.3,0.512603749509,88.1575223479
2023-02-23,9014.8,17511.25,0.514800485402,88.5353166847
2023-02-24,8999.1,17465.8,0.515241214259,88.6111131729
2023-02-27,8893.3,17392.7,0.511323716272,87.9373824078
2023-02-28,8924.15,17303.95,0.515729067641,88.6950141304
2023-03-01,9035.05,17450.9,0.517741205325,89.0410612926
2023-03-02,9027.1,17321.9,0.521137981399,89.6252383748
2023-03-03,9090.65,17594.35,0.516680070591,88.858567487
2023-03-06,9184.1,17711.45,0.518540266325,89.1784836935
2023-03-08,9208.75,17754.4,0.518674244131,89.2015251782
2023-03-09,9178.2,17589.6,0.521796970937,89.7385713049
2023-03-10,9112.4,17412.9,0.523313175864,89.9993280197
2023-03-13,8922.8,17154.3,0.520149466898,89.4552337867
2023-03-14,8843,17043.3,0.518854916595,89.2325972037
2023-03-15,8859.2,16972.15,0.52198454527,89.7708303128
2023-03-16,8797.3,16985.6,0.517926949887,89.0730056169
2023-03-17,8855.6,17100.05,0.51786983079,89.0631822824
2023-03-20,8779.8,16988.4,0.516811471357,88.8811657727
2023-03-21,8820.25,17107.5,0.515577962882,88.6690271548
2023-03-22,8869.45,17151.9,0.517111806855,88.9328174304
2023-03-23,8842.3,17076.9,0.517793042063,89.0499761677
2023-03-24,8707.95,16945.05,0.513893437907,88.3793227812
2023-03-27,8577.75,16985.7,0.504998322118,86.8495419911
2023-03-28,8509.9,16951.7,0.5020086481,86.3353782647
2023-03-29,8654.9,17080.7,0.506706399621,87.1432969251
2023-03-31,8787.9,17359.75,0.506222727862,87.0601151226
2023-04-03,8857.3,17398.05,0.509097283891,87.5544808731
2023-04-05,8916.9,17557.05,0.507881449332,87.3453818129
2023-04-06,8983.15,17599.15,0.510430901492,87.7838362448
2023-04-10,8998.7,17624.05,0.510592060281,87.8115523112
2023-04-11,9040.05,17722.3,0.510094626544,87.7260037254
2023-04-12,9074.5,17812.4,0.509448474097,87.6148785164
2023-04-13,9102.5,17828,0.510573255553,87.8083182766
2023-04-17,9116.8,17706.85,0.514874187108,88.547991894
2023-04-18,9123.35,17660.15,0.516606597339,88.8459315673
2023-04-19,9123.4,17618.75,0.517823341611,89.0551870797
2023-04-20,9148.3,17624.45,0.519068680157,89.2693602318
2023-04-21,9130.8,17624.05,0.518087499752,89.1006169605
2023-04-24,9174.1,17743.4,0.517042956818,88.9209766104
2023-04-25,9205.05,17769.25,0.518032556242,89.0911677833
2023-04-26,9255.55,17813.6,0.519577738357,89.356907991
2023-04-27,9300.85,17915.05,0.519164054803,89.2857627502
2023-04-28,9392.6,18065,0.519933573208,89.4181044197
2023-05-02,9452.85,18147.65,0.520885624309,89.5818380372
2023-05-03,9465.75,18089.85,0.523263045299,89.990706572
2023-05-04,9546.9,18255.8,0.522951609899,89.9371459548
2023-05-05,9494.25,18069,0.525444130832,90.365809362
2023-05-08,9564.4,18264.4,0.523663520291,90.0595802061
2023-05-09,9524,18265.95,0.521407317988,89.6715588443
2023-05-10,9572.35,18315.1,0.52264797899,89.8849275528
2023-05-11,9640.65,18297,0.526897852107,90.615820147
2023-05-12,9603.3,18314.8,0.524346430209,90.1770269599
2023-05-15,9673.25,18398.85,0.525752968256,90.4189231798
2023-05-16,9676.95,18286.5,0.529185464687,91.0092434439
2023-05-17,9718.3,18181.75,0.534508504407,91.9246990829
2023-05-18,9678.55,18129.95,0.533843171106,91.8102751534
2023-05-19,9674.85,18203.4,0.531485876265,91.4048679107
2023-05-22,9713.55,18314.4,0.530377735552,91.2142900234
2023-05-23,9725.45,18348,0.530055046872,91.1587940685
2023-05-24,9729.5,18285.4,0.532091176567,91.5089673735
2023-05-25,9759.15,18321.15,0.53267125699,91.6087295248
2023-05-26,9804.15,18499.35,0.529972674716,91.1446277164
2023-05-29,9831.8,18598.65,0.528629766139,90.9136744841
2023-05-30,9836.9,18633.85,0.527904861314,90.789005452
2023-05-31,9913.4,18534.4,0.534864899862,91.9859919243
2023-06-01,9995.35,18487.75,0.540647185298,92.9804285785
2023-06-02,10043.45,18534.1,0.541890353457,93.1942284674
2023-06-05,10071.25,18593.85,0.541644145779,93.1518857049
2023-06-06,10125.7,18599,0.544421743104,93.6295765109
2023-06-07,10239.2,18726.4,0.546778879016,94.0349564208
2023-06-08,10170.75,18634.55,0.5458006767,93.866725321
2023-06-09,10164.25,18563.4,0.547542476055,94.1662797346
2023-06-12,10229.85,18601.5,0.549947584872,94.5799100182
2023-06-13,10304.9,18716.15,0.550588662732,94.6901625004
2023-06-14,10334.45,18755.9,0.550997286187,94.760437506
2023-06-15,10366.7,18688.1,0.554721988859,95.4010113593
2023-06-16,10450.1,18826,0.555088707107,95.4640795132
2023-06-19,10482.5,18755.45,0.558904211842,96.1202694928
2023-06-20,10524.9,18816.7,0.559338247408,96.1949148697
2023-06-21,10531.85,18856.85,0.55851587089,96.0534826693
2023-06-22,10454.45,18771.25,0.556939468602,95.7823732206
2023-06-23,10345.25,18665.5,0.554244461707,95.3188863054
2023-06-26,10415.8,18691.2,0.557256890943,95.8369634711
2023-06-27,10473.8,18817.4,0.556601868483,95.7243127986
2023-06-28,10493.3,18972.1,0.55309111801,95.120534415
2023-06-30,10544.2,19189.05,0.549490464614,94.501294539
2023-07-03,10637.9,19322.55,0.550543277155,94.6823570952
2023-07-04,10652.4,19389,0.549404301408,94.4864762027
2023-07-05,10718.9,19398.5,0.552563342526,95.0297676599
2023-07-06,10808.9,19497.3,0.554379324317,95.3420799584
2023-07-07,10777.35,19331.8,0.557493352921,95.8776301696
2023-07-10,10742.35,19355.9,0.554990984661,95.4472732203
2023-07-11,10843.95,19439.4,0.55783357511,95.9361415349
2023-07-12,10897.45,19384.3,0.562179186249,96.6834991409
2023-07-13,10820.35,19413.75,0.557354967484,95.8538306612
2023-07-14,10962.95,19564.5,0.560349101689,96.36876145
2023-07-17,11048.9,19711.45,0.560532076534,96.4002294387
2023-07-18,10969.35,19749.25,0.555431218907,95.5229846454
2023-07-19,11049.25,19833.15,0.557110191775,95.8117341683
2023-07-20,11079.2,19979.15,0.554538105975,95.3693872063
2023-07-21,11110.55,19745,0.562701949861,96.773403955
2023-07-24,11136.85,19672.35,0.566116910283,97.3607083787
2023-07-25,11141.85,19680.6,0.566133654462,97.3635880403
2023-07-26,11178.75,19778.3,0.565202772736,97.2034951291
2023-07-27,11193.8,19659.9,0.569372173816,97.9205481535
2023-07-28,11239.1,19646.05,0.572079374734,98.3861321952
2023-07-31,11355,19753.8,0.574826109407,98.8585152464
2023-08-01,11377.65,19733.55,0.576563770837,99.1573580202
2023-08-02,11232.1,19526.55,0.575221941408,98.9265903795
2023-08-03,11247.5,19381.65,0.580316949279,99.8028291326
2023-08-04,11317.75,19517,0.579891889122,99.7297273452
2023-08-07,11353.1,19597.3,0.579319600149,99.6313051663
2023-08-08,11371.55,19570.85,0.581045279076,99.9280871908
2023-08-09,11435.95,19632.55,0.582499471541,100.178179011
2023-08-10,11406.8,19543.1,0.583674033291,100.380179979
2023-08-11,11376.5,19428.3,0.585563327723,100.705100576
2023-08-14,11302.85,19434.55,0.581585372442,100.020972374
2023-08-16,11350.2,19465,0.58310814282,100.282858214
2023-08-17,11370.95,19365.25,0.587183227689,100.983690749
2023-08-18,11338.05,19310.15,0.587154941831,100.978826151
2023-08-21,11432.65,19393.6,0.589506331986,101.383217907
2023-08-22,11509.7,19396.45,0.59339208979,102.051489999
2023-08-23,11591.55,19444,0.59615048344,102.52587816
2023-08-24,11576.95,19386.7,0.59715939278,102.69939025
2023-08-25,11548.9,19265.8,0.599450840349,103.093473088
2023-08-28,11627.3,19306.05,0.602261985233,103.576933398
2023-08-29,11705.25,19342.65,0.605152344689,104.07401702
2023-08-30,11807.9,19347.45,0.610307818343,104.96065467
2023-08-31,11931.2,19253.8,0.619680270908,106.572527773
2023-09-01,12017.15,19435.3,0.618315642156,106.337839108
2023-09-04,12139.85,19528.8,0.621638298308,106.909269056
2023-09-05,12216.25,19574.9,0.624077262208,107.328721732
2023-09-06,12223.3,19611.05,0.623286361516,107.19270274
2023-09-07,12291.95,19727.05,0.623101274646,107.160871525
2023-09-08,12367,19819.95,0.623967265306,107.30980448
2023-09-11,12487.55,19996.35,0.624491469693,107.399957079
2023-09-12,12003,19993.2,0.600354120401,103.248819067
2023-09-13,12121.2,20070,0.603946188341,103.866582417
2023-09-14,12269.6,20103.1,0.610333729624,104.965110888
2023-09-15,12301.65,20192.35,0.609223294961,104.774138488
2023-09-18,12241.25,20133.3,0.6080101126,104.565495552
2023-09-20,12171.7,19901.4,0.611600188931,105.182916386
2023-09-21,12036.7,19742.35,0.6096893227,104.854285874
2023-09-22,12038.45,19674.25,0.611888636161,105.232523501
2023-09-25,12048.95,19674.55,0.612412990386,105.322701868
2023-09-26,12100.75,19664.7,0.615353908272,105.828480522
2023-09-27,12188.45,19716.45,0.618186843981,106.315688415
2023-09-28,12150.25,19523.55,0.622338150592,107.029629556
2023-09-29,12230.4,19638.3,0.622783031118,107.106140047
2023-10-03,12307.95,19528.75,0.630247711707,108.389914788
2023-10-04,12168.7,19436.1,0.626087538138,107.67444871
2023-10-05,12238.55,19545.75,0.626148907051,107.685002927
2023-10-06,12316.75,19653.5,0.626694990714,107.778918321
2023-10-09,12116.45,19512.35,0.620963133605,106.793154323
2023-10-10,12252.25,19689.85,0.622262231556,107.01657301
2023-10-11,12336.85,19811.35,0.622716271228,107.094658691
2023-10-12,12425.2,19794,0.627725573406,107.95615779
2023-10-13,12407.45,19751.05,0.628191918911,108.036359826
2023-10-16,12446.75,19731.75,0.630798079238,108.484566921
2023-10-17,12530.4,19811.5,0.632481134694,108.774018567
2023-10-18,12482.35,19671.1,0.634552719472,109.130289432
2023-10-19,12500.6,19624.7,0.636982985727,109.548246288
2023-10-20,12400.3,19542.65,0.634525000448,109.125522318
2023-10-23,11930.4,19281.75,0.618740518884,106.410909349
2023-10-25,11853.7,19122.15,0.619893683503,106.609230442
2023-10-26,11797.15,18857.25,0.625602884832,107.591098101
2023-10-27,12024.9,19047.25,0.631319481815,108.574237664
2023-10-30,12033.85,19140.9,0.62869823258,108.123435581
2023-10-31,12023.75,19079.6,0.630188788025,108.379781102
2023-11-01,12000.5,18989.15,0.63196614909,108.685451413
2023-11-02,12130.3,19133.25,0.633990566161,109.033610383
2023-11-03,12253.6,19230.6,0.637192807297,109.584331373
2023-11-06,12384.35,19411.75,0.637982149986,109.72008242
2023-11-07,12456.05,19406.7,0.641842765643,110.38403057
2023-11-08,12530.65,19443.5,0.644464731144,110.834955836
2023-11-09,12494.35,19395.3,0.644194727589,110.788520662
2023-11-10,12547.05,19425.35,0.645911141884,111.083709356
2023-11-12,12705.5,19525.55,0.650711503645,111.909274912
2023-11-13,12736.75,19443.55,0.65506299004,112.657642944
2023-11-15,12878,19675.45,0.654521243479,112.564473444
2023-11-16,12933.85,19765.2,0.654374860867,112.539298583
2023-11-17,12976.9,19731.8,0.657664277968,113.105012084
2023-11-20,12981.5,19694,0.6591601503,113.362272002
2023-11-21,13006.55,19783.4,0.657447658138,113.067757835
2023-11-22,12896.2,19811.85,0.650933658391,111.947481055
2023-11-23,12962.4,19802,0.654600545399,112.578111778
2023-11-24,12984.95,19794.7,0.655981146468,112.81554736
2023-11-28,13013.9,19889.7,0.654303483713,112.52702315
2023-11-29,13112.1,20096.6,0.652453648876,112.208888809
2023-11-30,13252,20133.15,0.658217914236,113.200226373
2023-12-01,13326.6,20267.9,0.657522486296,113.080626772
2023-12-04,13489.05,20686.8,0.652060734381,112.141315428
2023-12-05,13509.05,20855.1,0.647757622836,111.401266896
2023-12-06,13545.4,20937.7,0.646938297903,111.260359507
2023-12-07,13586.2,20901.15,0.650021649526,111.790633895
2023-12-08,13470.8,20969.4,0.64240273923,110.48033475
2023-12-11,13546.35,20997.1,0.645153378324,110.953389283
2023-12-12,13529.6,20906.4,0.647151111621,111.296959181
2023-12-13,13616.7,20926.35,0.650696370843,111.906672375
2023-12-14,13722.75,21182.7,0.647828180544,111.413401401
2023-12-15,13820.45,21456.65,0.644110334092,110.77400668
2023-12-18,13877.85,21418.65,0.647932992976,111.431427029
2023-12-19,13888.95,21453.1,0.647409931432,111.341470977
2023-12-20,13425.25,21150.15,0.634759091543,109.165781272
2023-12-21,13652.5,21255.05,0.642317943265,110.465751552
2023-12-22,13792,21349.4,0.646013471105,111.101307922
2023-12-26,13833,21441.35,0.645155272406,110.953715027
2023-12-27,13874.4,21654.75,0.640709313199,110.189099574
2023-12-28,13956.55,21778.7,0.640834852402,110.210689789
2023-12-29,14041.3,21731.4,0.646129563673,111.121273506
2024-01-01,14129.7,21741.9,0.649883404854,111.766858596
2024-01-02,14124.25,21665.8,0.65191453812,112.116172615
2024-01-03,14141,21517.35,0.657190592708,113.023547758
2024-01-04,14286.3,21658.6,0.659613271403,113.440199707
2024-01-05,14382.4,21710.8,0.662453709674,113.92869789
2024-01-08,14298.2,21513,0.664630688421,114.303094395
2024-01-09,14350.9,21544.85,0.666094217412,114.55479191
2024-01-10,14379.85,21618.7,0.665157941967,114.393771388
2024-01-11,14498.55,21647.2,0.66976560479,115.186196606
2024-01-12,14552.75,21894.55,0.664674542295,114.310636379
2024-01-15,14589,22097.45,0.660211924905,113.543156054
2024-01-16,14549.05,22032.3,0.660350939303,113.567063731
2024-01-17,14396.6,21571.95,0.667375921046,114.775219125
2024-01-18,14394.95,21462.25,0.670710200468,115.348648041
2024-01-19,14548.55,21622.4,0.672846215036,115.715999533
2024-01-20,14614.2,21571.8,0.67746780519,116.510819972
2024-01-23,14217.35,21238.8,0.669404580296,115.124107664
2024-01-24,14467.35,21453.95,0.674344351506,115.973648837
2024-01-25,14543.8,21352.6,0.681125483548,117.139866993
2024-01-29,14730.25,21737.6,0.6776392058,116.540297425
2024-01-30,14749.95,21522.1,0.685339720566,117.864630896
2024-01-31,15063.5,21725.7,0.693349351229,119.242126076
2024-02-01,15084.2,21697.45,0.695206118691,119.561452689
2024-02-02,15175.9,21853.8,0.694428428923,119.427705709
2024-02-05,15168.4,21771.7,0.696702600164,119.818817367
2024-02-06,15310.15,21929.4,0.698156356307,120.068834148
2024-02-07,15390.45,21930.5,0.701782905087,120.692527508
2024-02-08,15323,21717.95,0.705545412896,121.339603084
2024-02-09,15128.35,21782.5,0.694518535522,119.44320223
2024-02-12,14589.05,21616.05,0.674917480298,116.072215448
2024-02-13,14641.05,21743.25,0.673360698148,115.804480268
2024-02-14,14829.25,21840.05,0.678993408898,116.773193088
2024-02-15,15002.05,21910.75,0.684689022512,117.752723934
2024-02-16,15098.9,22040.7,0.685046300707,117.814168589
2024-02-19,15171,22122.25,0.685780153465,117.940376485
2024-02-20,15110.7,22196.95,0.680755689408,117.076269848
2024-02-21,14992.15,22055.05,0.679760417682,116.905103153
2024-02-22,15083.55,22217.45,0.678905544966,116.758082261
2024-02-23,15169.5,22212.7,0.682920131276,117.448510263
2024-02-26,15143.4,22122.05,0.684538729458,117.726876555
2024-02-27,15181.95,22198.35,0.683922453696,117.620889534
2024-02-28,14895.25,21951.15,0.678563537673,116.699263894
2024-02-29,14965.05,21982.8,0.68076177739,117.077316858
2024-03-01,15061.35,22338.75,0.674225281182,115.953171139
2024-03-02,15168.15,22378.4,0.677803149466,116.568492434
2024-03-04,15077.1,22405.6,0.672916592281,115.728103002
2024-03-05,14979.6,22356.3,0.670039317776,115.233269728
2024-03-06,14684.2,22474.05,0.653384681444,112.369007662
2024-03-07,14803.2,22493.55,0.658108657815,113.181436469
2024-03-11,14507.15,22332.65,0.649593756227,111.717044865
2024-03-12,14208.65,22335.7,0.63614079702,109.40340679
2024-03-13,13473.2,21997.7,0.61248221405,105.334606944
2024-03-14,13892.7,22146.65,0.627304806822,107.883794411
2024-03-15,13922.35,22023.35,0.632163135944,108.719329185
2024-03-18,13882.25,22055.7,0.629417792226,108.24718535
2024-03-19,13718.4,21817.45,0.628781090366,108.137685452
2024-03-20,13733.55,21839.1,0.628851463659,108.149788241
2024-03-21,14047.3,22011.95,0.638166995655,109.751872153
2024-03-22,14161.4,22096.75,0.640881577608,110.218725584
2024-03-26,14167.85,22004.7,0.643855630843,110.73020285
2024-03-27,14283.6,22123.65,0.645625834797,111.034642283
2024-03-28,14330.5,22326.9,0.641849069956,110.385114785
2024-04-01,14762.15,22462,0.657205502627,113.026111964
2024-04-02,14908.3,22453.3,0.663969216106,114.189334478
2024-04-03,15065.35,22434.65,0.671521508024,115.488176603
2024-04-04,15159.25,22514.65,0.673306047396,115.795081439
2024-04-05,15248.2,22513.7,0.677285386231,116.479447585
2024-04-08,15286.55,22666.3,0.674417527342,115.986233607
2024-04-09,15293.4,22642.75,0.675421492531,116.158895402
2024-04-10,15384.5,22753.8,0.676128822438,116.280541903
2024-04-12,15322.15,22519.4,0.68039779035,117.014718417
2024-04-15,15086.65,22272.5,0.677366707824,116.493433261
2024-04-16,15183.7,22147.9,0.685559353257,117.902403296
2024-04-18,15180.6,21995.85,0.690157461521,118.693185323
2024-04-19,15162.2,22147,0.684616426604,117.7402389
2024-04-22,15338,22336.4,0.686681828764,118.095446479
2024-04-23,15486,22368,0.69232832618,119.066530328
2024-04-24,15609.2,22402.4,0.696764632361,119.829485655
2024-04-25,15739.15,22570.35,0.697337436061,119.927996357
2024-04-26,15814.5,22419.95,0.705376238573,121.310508507
2024-04-29,15824.55,22643.4,0.698859270251,120.189721191
2024-04-30,15833.4,22604.85,0.700442604131,120.462022735
2024-05-02,15848.4,22648.2,0.699764219673,120.345354269
2024-05-03,15793.3,22475.85,0.702678652865,120.846578088
2024-05-06,15617.15,22442.7,0.695867698628,119.675231115
2024-05-07,15339.25,22302.5,0.68778163883,118.284591663
2024-05-08,15414.9,22302.5,0.691173635243,118.86794674
2024-05-09,15006.35,21957.5,0.683427075031,117.53569438
2024-05-10,15104.9,22055.2,0.684867967645,117.783498893
2024-05-13,15050.75,22104.05,0.680904630599,117.101884733
2024-05-14,15315.45,22217.85,0.68933087585,118.551029233
2024-05-15,15431.2,22200.55,0.695081878602,119.540085895
2024-05-16,15545.75,22403.85,0.693887434526,119.334665567
2024-05-17,15792.9,22466.1,0.702965801808,120.895961924
2024-05-18,15935.5,22502,0.708181494978,121.792956118
2024-05-21,15867.75,22529.05,0.704323972826,121.129539989
2024-05-22,15847.05,22597.8,0.701265167406,120.603487053
2024-05-23,15885.85,22967.65,0.691661968029,118.951930145
2024-05-24,15865.65,22957.1,0.691099921157,118.855269401
2024-05-27,15935.55,22932.45,0.694890864256,119.507235274
2024-05-28,15773.05,22888.15,0.689136081335,118.517528499
2024-05-29,15786.2,22704.7,0.695283355429,119.574735852
2024-05-30,15551.95,22488.65,0.691546624631,118.932093403
2024-05-31,15626.65,22530.7,0.693571438082,119.280320542
2024-06-03,15948.75,23263.9,0.685557881525,117.902150188
2024-06-04,14761.1,21884.5,0.674500217049,116.000454572
2024-06-05,15250,22620.35,0.674171708218,115.943957668
2024-06-06,15745.9,22821.4,0.689962053161,118.65957902
2024-06-07,16100,23290.15,0.691279360588,118.88612937
2024-06-10,16312.5,23259.2,0.701335385568,120.615563163
2024-06-11,16413.65,23264.85,0.705512822993,121.333998277
2024-06-12,16567.7,23322.95,0.710360396091,122.167683232
2024-06-13,16701.65,23398.9,0.713779280223,122.755662455
2024-06-14,16845.55,23465.6,0.717882773081,123.461380592
2024-06-18,17007.85,23557.9,0.72195951252,124.16249768
2024-06-19,16942.8,23516,0.720479673414,123.907995154
2024-06-20,17054,23567,0.723638986719,124.451333422
2024-06-21,17046.55,23501.1,0.725351153776,124.745791677
2024-06-24,17048.15,23537.85,0.724286627708,124.56271463
2024-06-25,17059.7,23721.3,0.719172220747,123.683139624
2024-06-26,17095.7,23868.8,0.716236258212,123.178213191
2024-06-27,16999.55,24044.5,0.707003680675,121.590395776
2024-06-28,17111.05,24010.6,0.712645664831,122.560703436
2024-07-01,17367.65,24141.95,0.719397148946,123.721822745
2024-07-02,17339.35,24123.85,0.718763795994,123.612898792
2024-07-03,17494.7,24286.5,0.720346694666,123.885125487
2024-07-04,17591.95,24302.15,0.723884512276,124.493558873
2024-07-05,17712.3,24323.85,0.728186532971,125.233419801
2024-07-08,17665.75,24320.55,0.726371319728,124.921239677
2024-07-09,17707.65,24433.2,0.724737242768,124.640211346
2024-07-10,17585.7,24324.45,0.722963931353,124.335237493
2024-07-11,17692.15,24315.95,0.727594439041,125.131591568
2024-07-12,17679.2,24502.15,0.721536681475,124.089779255
2024-07-15,17743.15,24586.7,0.721656424002,124.110372558
2024-07-16,17774.9,24613,0.72217527323,124.199604177
2024-07-18,17577.65,24800.85,0.708751917777,121.891057353
2024-07-19,17163.4,24530.9,0.699664504767,120.328205313
2024-07-22,17317,24509.25,0.70654956802,121.512297544
2024-07-23,17212.15,24479.05,0.703137989424,120.925574726
2024-07-24,17532.7,24413.5,0.718155938313,123.508359511
2024-07-25,17483.8,24406.1,0.716370087806,123.201229187
2024-07-26,17647.4,24834.85,0.710590158588,122.207197754
2024-07-29,17836.55,24836.1,0.718170324648,123.510833671
2024-07-30,17983.3,24857.3,0.723461518347,124.420812436
2024-07-31,17948,24951.15,0.719325562148,123.709511258
2024-08-01,17825.05,25010.9,0.712691266608,122.568546023
2024-08-02,17677.65,24717.7,0.715181833261,122.996873333
2024-08-05,16937.9,24055.6,0.70411463443,121.093538
2024-08-06,16871.85,23992.55,0.703212038737,120.938309717
2024-08-07,17274.9,24297.5,0.71097438008,122.273276114
2024-08-08,17226.15,24117,0.714274163453,122.840772405
2024-08-09,17335.9,24367.5,0.71143531343,122.352547368
2024-08-12,17392.15,24347,0.714344683123,122.852900368
2024-08-13,17177.4,24139,0.711603628982,122.381494253
2024-08-14,17080.15,24143.75,0.707435671758,121.664689543
2024-08-16,17371.4,24541.15,0.707847839241,121.73557405
2024-08-19,17637.25,24572.65,0.717759378822,123.440159264
2024-08-20,17732.5,24698.85,0.717948406505,123.472668219
2024-08-21,17927.75,24770.2,0.723762827914,124.472631614
2024-08-22,17984.45,24811.5,0.724843318622,124.658454257
2024-08-23,18006.55,24823.15,0.725393433146,124.753062877
2024-08-26,18081.15,25010.6,0.722939473663,124.331031263
2024-08-27,18219.55,25017.75,0.728264931898,125.246902838
2024-08-28,18180.3,25052.35,0.725692400114,124.804479175
2024-08-29,18077.05,25151.95,0.718713658384,123.604276132
2024-08-30,18170.25,25235.9,0.720015929687,123.828240572
2024-09-02,18157.7,25278.7,0.718300387283,123.533201825
2024-09-03,18264.3,25279.85,0.722484508413,124.252786402
2024-09-04,18320.6,25198.7,0.72704544282,125.037175274
2024-09-05,18495.35,25145.1,0.735544897415,126.498910306
2024-09-06,18307.85,24852.15,0.736670670344,126.69252058
2024-09-09,18155.9,24936.4,0.728088256525,125.216518231
2024-09-10,18383,25041.1,0.734113118034,126.252673085
2024-09-11,18238.8,24918.45,0.731939586933,125.878869505
2024-09-12,18381.7,25388.9,0.724005372427,124.514344386
2024-09-13,18543.15,25356.5,0.731297694871,125.768476997
2024-09-16,18572.9,25383.75,0.731684640764,125.835023898
2024-09-17,18538.3,25418.55,0.729321696163,125.428645011
2024-09-18,18475.8,25377.55,0.72803718247,125.207734522
2024-09-19,18270.4,25415.8,0.718859921781,123.629430491
2024-09-20,18464.65,25790.95,0.71593524085,123.126444267
2024-09-23,18623.15,25939.05,0.717958059374,123.474328318
2024-09-24,18583.3,25940.4,0.71638448135,123.203704586
2024-09-25,18518.1,26004.15,0.712120949925,122.470463038
2024-09-26,18434.95,26216.05,0.703193272823,120.935082358
2024-09-27,18399.85,26178.95,0.702849044748,120.875882061
2024-09-30,18410.7,25810.85,0.713293053115,122.672041184
2024-10-01,18531.8,25796.9,0.718373137858,123.545713459
2024-10-03,18179.2,25250.1,0.719965465483,123.819561745
2024-10-04,18021.65,25014.6,0.720445259968,123.902076735
2024-10-07,17514.5,24795.75,0.706350886745,121.478128366
2024-10-08,17882.85,25013.15,0.714937942642,122.954929058
2024-10-09,18103.95,24981.95,0.724681219841,124.630576531
2024-10-10,18127.35,24998.45,0.725138958615,124.709298382
2024-10-11,18213,24964.25,0.729563275484,125.470191789
2024-10-14,18265.1,25127.95,0.726883808667,125.009377454
2024-10-15,18467.65,25057.35,0.737015286932,126.751787693
2024-10-16,18505.95,24971.3,0.741088769908,127.452344735
2024-10-17,18244.3,24749.85,0.737147901906,126.774594798
2024-10-18,18236.8,24854.05,0.733755665576,126.191198461
2024-10-21,17936.3,24781.1,0.72378950087,124.477218825
2024-10-22,17275.7,24472.1,0.70593451318,121.406520497
2024-10-23,17456.2,24435.5,0.714378670377,122.858745491
2024-10-24,17352.2,24399.4,0.711173225571,122.307473534
2024-10-25,16956.05,24180.8,0.701219562628,120.59564395
2024-10-28,17151.6,24339.15,0.704691823667,121.192802926
2024-10-29,17278.2,24466.85,0.70618816889,121.450144172
2024-10-30,17483.4,24340.85,0.718274012617,123.528665914
2024-10-31,17751.2,24205.35,0.733358534374,126.122899891
2024-11-01,17938.85,24304.35,0.738092152228,126.936986839
2024-11-04,17609.5,23995.35,0.733871354242,126.211094581
2024-11-05,17694.65,24213.3,0.730782256033,125.679831896
2024-11-06,18027.15,24484.05,0.736281375018,126.625569623
2024-11-07,17914.6,24199.35,0.740292611165,127.315421464
2024-11-08,17634.25,24148.2,0.730251116025,125.588486511
2024-11-11,17423.9,24141.3,0.721746550517,124.125872504
2024-11-12,17196.4,23883.45,0.720013230919,123.827776438
2024-11-13,16670.35,23559.05,0.707598566156,121.692704099
2024-11-14,16801.55,23532.7,0.713966098238,122.787791391
2024-11-18,16693.35,23453.8,0.711754598402,122.407457954
2024-11-19,16845.25,23518.5,0.71625528839,123.181485999
2024-11-21,16747.85,23349.9,0.717255748419,123.353544977
2024-11-22,16912.3,23907.25,0.707413023246,121.660794455
2024-11-25,17269.55,24221.9,0.712972557892,122.616922459
2024-11-26,17375.55,24194.5,0.718161152328,123.509256217
2024-11-27,17552.65,24274.9,0.723078158921,124.354882334
2024-11-28,17577.85,23914.15,0.73503971498,126.412029101
2024-11-29,17716.45,24131.1,0.734174985807,126.263313096
2024-12-02,17840.1,24276.05,0.734884793861,126.385385788
2024-12-03,18007.5,24457.15,0.736287752252,126.626666379
2024-12-04,18143.55,24467.45,0.741538247754,127.529645873
2024-12-05,18230.4,24708.4,0.737821955286,126.890518406
2024-12-06,18328.95,24677.8,0.742730308212,127.734656267
2024-12-09,18396.45,24619,0.747246029489,128.511269391
2024-12-10,18450.6,24610.05,0.74971810297,128.936416248
2024-12-11,18502.65,24641.8,0.750864384907,129.133553658
2024-12-12,18330.3,24548.7,0.746691270821,128.415862072
2024-12-13,18263.75,24768.3,0.737384075613,126.81521192
2024-12-16,18344,24668.25,0.743627942801,127.88903134
2024-12-17,18242.05,24336,0.749591140697,128.914581294
2024-12-18,18118.6,24198.85,0.748738059866,128.76786857
2024-12-19,18057.2,23951.7,0.753900558207,129.655714325
2024-12-20,17693.65,23587.5,0.750128245893,129.006952572
2024-12-23,17618.1,23753.45,0.741706994142,127.558666854
2024-12-24,17672.45,23727.65,0.744804057713,128.091299421
2024-12-26,17667.45,23750.2,0.743886367273,127.933475145
2024-12-27,17715.2,23813.4,0.743917290265,127.938793277
2024-12-30,17638.15,23644.9,0.745960016748,128.290101097
2024-12-31,17752.25,23644.8,0.750788756936,129.12054717
2025-01-01,17908.8,23742.9,0.754280226931,129.7210097
2025-01-02,18007.95,24188.65,0.744479332249,128.03545318
2025-01-03,17973.05,24004.75,0.748728897406,128.766292812
2025-01-06,17455.7,23616.05,0.739145623421,127.11816267
2025-01-07,17702.55,23707.9,0.746694139928,128.4163555
2025-01-08,17457.9,23688.95,0.736963858677,126.742943069
2025-01-09,17254.35,23526.5,0.733400633328,126.130140063
2025-01-10,16833.4,23431.5,0.718408979365,123.551877477
2025-01-13,16159.9,23085.95,0.699988521157,120.383929607
2025-01-14,16422.75,23176.05,0.708608671452,121.866421869
2025-01-15,16508.9,23213.2,0.711185877001,122.309649325
2025-01-16,16707.9,23311.8,0.716714282037,123.260423663
2025-01-17,16700.5,23203.2,0.719749862088,123.782482303
2025-01-20,16841.4,23344.75,0.721421304576,124.069936752
2025-01-21,16484.1,23024.65,0.715932706903,123.126008479
2025-01-22,16220.85,23155.35,0.700522773355,120.475810227
2025-01-23,16352.8,23205.35,0.704699562816,121.194133904
2025-01-24,16001.7,23092.2,0.692948268246,119.17314788
2025-01-27,15416.3,22829.15,0.675290144399,116.136306169
2025-01-28,15135.1,22957.25,0.659273214344,113.38171674
2025-01-29,15613.35,23163.1,0.674061330306,115.92497489
2025-01-30,15585.95,23249.5,0.670377857588,115.291491758
2025-01-31,15851.05,23508.4,0.674271749672,115.961162784
2025-02-01,15955.45,23482.15,0.679471428298,116.855402799
2025-02-03,15677.65,23361.05,0.671102112277,115.41604898
2025-02-04,15855.95,23739.25,0.667921269627,114.869008099
2025-02-05,16104.4,23696.3,0.679616649013,116.880377837
2025-02-06,16098.65,23603.35,0.682049370111,117.298756877
2025-02-07,16035.75,23559.95,0.680635994559,117.055684744
2025-02-10,15693.6,23381.6,0.671194443494,115.43192809
2025-02-11,15156.95,23071.8,0.656947008903,112.981656249
2025-02-12,15050.6,23045.25,0.653089031362,112.318161802
2025-02-13,14997.5,23031.4,0.651176220291,111.989196817
2025-02-14,14501.65,22929.25,0.632451999084,108.769007828
2025-02-17,14468.25,22959.5,0.630163984407,108.375515379
2025-02-18,14267.95,22945.3,0.621824513081,106.941294247
2025-02-19,14588.65,22932.9,0.636145014368,109.404132089
2025-02-20,14767.3,22913.15,0.644490172674,110.839331267
2025-02-21,14683.4,22795.9,0.644124601354,110.776460362
2025-02-24,14506.45,22553.35,0.643205998222,110.618479121
2025-02-25,14441.7,22547.55,0.640499743875,110.153057871
2025-02-27,14200.2,22545.05,0.629858882548,108.323044003
2025-02-28,13844.55,22124.7,0.625750857639,107.616546444
2025-03-03,13755.9,22119.3,0.621895810446,106.953555958
2025-03-04,13914.1,22082.65,0.630091950015,108.363126914
2025-03-05,14291.05,22337.3,0.639784127894,110.029986333
2025-03-06,14503.3,22544.7,0.643313062494,110.63689202
2025-03-07,14602.95,22552.5,0.647509145328,111.358533769
2025-03-10,14325.15,22460.3,0.637798693695,109.688531632
2025-03-11,14232,22497.9,0.632592375288,108.793149709
2025-03-12,14193.65,22470.5,0.631657061481,108.632294569
2025-03-13,14095.6,22397.2,0.629346525459,108.234928901
2025-03-17,14141.7,22508.75,0.628275670573,108.050763425
2025-03-18,14517.6,22834.3,0.63578038302,109.34142284
2025-03-19,14807,22907.6,0.646379367546,111.164234741
2025-03-20,14922.35,23190.65,0.643464068493,110.662862011
2025-03-21,15242.3,23350.4,0.652763978347,112.262259229
2025-03-24,15392.4,23658.35,0.650611729051,111.892115691
2025-03-25,15184.45,23668.65,0.641542715786,110.332428037
2025-03-26,14970,23486.85,0.637377937016,109.616169957
2025-03-27,15111.65,23591.95,0.640542642723,110.160435609
2025-03-28,15104.05,23519.35,0.642196744383,110.444907785
2025-04-01,15030.1,23165.7,0.648808367543,111.581973827
2025-04-02,15179.75,23332.35,0.650588131928,111.888057461
2025-04-03,15285.45,23250.1,0.657435881996,113.065732576
2025-04-04,14780.5,22904.45,0.645311282305,110.980545588
2025-04-07,14190.2,22161.6,0.640305754097,110.119695536
2025-04-08,14498.4,22535.85,0.643348265098,110.642946159
2025-04-09,14345.7,22399.15,0.640457338783,110.145765049
2025-04-11,14786.3,22828.55,0.647710870817,111.393226491
2025-04-15,15238.45,23328.55,0.65321033669,112.339023875
2025-04-16,15382.45,23437.2,0.656326267643,112.874901252
2025-04-17,15452.1,23851.65,0.647841973197,111.41577346
2025-04-21,15751.85,24125.55,0.652911539841,112.287636834
2025-04-22,15878.05,24167.25,0.657006899833,112.991956283
2025-04-23,15923.2,24328.95,0.654495981125,112.560128828
2025-04-24,15915.25,24246.7,0.656388292015,112.885568195
2025-04-25,15524.15,24039.35,0.645780771943,111.061288352
2025-04-28,15607.15,24328.5,0.641517150667,110.328031351
2025-04-29,15639.7,24335.95,0.642658289485,110.524284248
2025-04-30,15359.45,24334.2,0.631187793311,108.551589894
2025-05-02,15354.35,24346.7,0.630654257045,108.4598324
2025-05-05,15528.3,24461.15,0.63481479816,109.175361689
2025-05-06,15181.45,24379.6,0.622711201168,107.093786742
2025-05-07,15362.7,24414.4,0.629247493283,108.217897361
2025-05-08,15180.45,24273.8,0.625384159052,107.553481672
2025-05-09,15080.45,24008,0.628142702433,108.027895583
2025-05-12,15684.2,24924.7,0.629263341184,108.220622881
2025-05-13,15815.45,24578.35,0.643470778144,110.664015936
2025-05-14,16038.3,24666.9,0.650195200856,111.820481229
2025-05-15,16159.25,25062.1,0.644768395306,110.887179957
2025-05-16,16405.7,25019.8,0.655708678726,112.768688395
2025-05-19,16516.8,24945.45,0.662116738724,113.870745672
2025-05-20,16368.65,24683.9,0.663130623605,114.045113455
2025-05-21,16437.1,24813.45,0.662427030502,113.92410961
2025-05-22,16436.45,24609.7,0.667885020947,114.862774056
2025-05-23,16532.95,24853.15,0.665225534791,114.405395992
2025-05-26,16619.1,25001.15,0.664733422263,114.320762547
2025-05-27,16637.85,24826.2,0.670173042995,115.256267773
2025-05-28,16706.35,24752.45,0.674937228436,116.07561173
2025-05-29,16779.55,24833.6,0.675679321564,116.203236804
2025-05-30,16833.05,24750.7,0.680103997059,116.964191887
2025-06-02,16953.75,24716.6,0.685925653205,117.96539951
2025-06-03,16971.25,24542.5,0.691504532953,118.924854482
2025-06-04,17060.8,24620.2,0.69295943981,119.175069164
2025-06-05,17173.45,24750.9,0.693851536712,119.328491866
2025-06-06,17285.75,25003.05,0.69134565583,118.897530817
2025-06-09,17515.15,25103.2,0.697725787947,119.994785061
2025-06-10,17544.3,25104.25,0.698857763128,120.189461997
2025-06-11,17528.95,25141.4,0.69721455448,119.906863199
2025-06-12,17276.9,24888.2,0.694180374635,119.385045367
2025-06-13,17210.4,24718.6,0.696253024039,119.741499326
2025-06-16,17296.3,24946.5,0.69333573848,119.239784957
2025-06-17,17177.3,24853.4,0.691144873538,118.863000306
2025-06-18,17143.6,24812.05,0.690938475458,118.827503992
2025-06-19,16813.05,24793.25,0.678130136227,116.624727573
2025-06-20,16916.95,25112.4,0.673649272869,115.854109309
2025-06-23,17048,24971.9,0.682687340571,117.408474949
2025-06-24,17180.3,25044.35,0.685995044791,117.977333466
2025-06-25,17455.6,25244.75,0.691454658889,118.916277148
2025-06-26,17500.5,25549,0.684977885632,117.802402574
2025-06-27,17642.3,25637.8,0.688136267542,118.34558066
2025-06-30,17797.8,25517.05,0.697486582501,119.953646541
2025-07-01,17762,25541.8,0.695409094112,119.596360374
2025-07-02,17693.1,25453.4,0.695117351709,119.546186555
2025-07-03,17758.05,25405.3,0.698989974533,120.212199696
2025-07-04,17762.2,25461,0.697623816818,119.97724808
2025-07-07,17726.35,25461.3,0.696207577775,119.733683484
2025-07-08,17684.8,25522.5,0.692910177295,119.166597003
2025-07-09,17782.45,25476.1,0.698005189177,120.042836446
2025-07-10,17770.65,25355.25,0.700866684414,120.534956003
2025-07-11,17645.45,25149.85,0.701612534468,120.663227193
2025-07-14,17808.65,25082.3,0.710008651519,122.107190249
2025-07-15,17952.15,25195.8,0.712505655705,122.536624685
2025-07-16,17983.5,25212.05,0.713289875278,122.67149466
2025-07-17,18032.3,25111.45,0.71809075143,123.49714868
2025-07-18,17909.25,24968.4,0.71727663767,123.357137507
2025-07-21,17890.2,25090.7,0.713021159234,122.625280911
2025-07-22,17829.25,25060.9,0.711436939615,122.352827039
2025-07-23,17852.9,25219.9,0.707889404795,121.742722489
2025-07-24,17734.7,25062.1,0.707630246468,121.698152475
2025-07-25,17379.95,24837,0.699760438056,120.344703907
2025-07-28,17163.2,24680.9,0.695404138423,119.595508095
2025-07-29,17319.05,24821.1,0.697755135751,119.999832292
2025-07-30,17301.05,24855.05,0.696077859429,119.711374541
2025-07-31,17144.25,24768.35,0.692183774858,119.041670412
2025-08-01,16863.25,24565.35,0.686464878375,118.058135381
2025-08-04,17028.65,24722.75,0.688784621452,118.457084476
2025-08-05,16974.45,24649.55,0.688631232619,118.430704686
2025-08-06,16770.1,24574.2,0.682427098339,117.363718526
2025-08-07,16753.2,24596.15,0.681130990013,117.140813994
2025-08-08,16541.9,24363.3,0.678967955901,116.768815685
2025-08-11,16617,24585.05,0.675898564371,116.240942152
2025-08-12,16621.2,24487.4,0.678765405882,116.733981161
2025-08-13,16727.9,24619.35,0.679461480502,116.853691978
2025-08-14,16656.75,24631.3,0.676243235233,116.300218599
2025-08-18,16878.7,24876.95,0.678487515552,116.68618962
2025-08-19,17006.45,24980.65,0.680784927534,117.081298217
2025-08-20,17064.5,25050.55,0.681202608326,117.153130902
2025-08-21,17077.7,25083.75,0.680827228784,117.08857318
2025-08-22,17050.35,24870.1,0.685576254217,117.905309921
2025-08-25,17060.9,24967.75,0.683317479549,117.516846164
2025-08-26,16743.95,24712.05,0.67756216097,116.527047266
2025-08-28,16559.65,24500.9,0.675879253415,116.237621056
2025-08-29,16506.15,24426.85,0.67573796867,116.213322925
2025-09-01,16738.35,24625.05,0.679728569079,116.899625835
2025-09-02,16837.85,24579.6,0.685033523735,117.811971207
2025-09-03,16979.05,24715.05,0.686992338676,118.148847931
2025-09-04,16864.7,24734.3,0.681834537464,117.261809988
2025-09-05,16904.25,24741,0.683248453983,117.504975157
2025-09-08,16935.15,24773.15,0.683609068689,117.566993624
2025-09-09,16979.75,24868.6,0.682778684767,117.424184311
2025-09-10,17092.25,24973.1,0.684426442853,117.70756552
2025-09-11,17090.5,25005.5,0.68346963668,117.543014126
2025-09-12,17144.85,25114,0.682680974755,117.407380157
2025-09-15,17254.25,25069.2,0.688264882804,118.367699895
2025-09-16,17382.2,25239.1,0.688701261138,118.442748181
2025-09-17,17470.75,25330.25,0.689718814461,118.617746862
2025-09-18,17481.65,25423.6,0.687615050583,118.255941839
2025-09-19,17505.9,25327.05,0.691193802673,118.871415132
2025-09-22,17345.9,25202.35,0.68826518162,118.367751286
2025-09-23,17256.25,25169.5,0.68560162101,117.909672498
2025-09-24,17162.1,25056.9,0.684925110449,117.793326305
2025-09-25,17048.6,24890.85,0.684934423694,117.794927996
2025-09-26,16683.1,24654.7,0.676670168365,116.373642501
2025-09-29,16666.15,24634.9,0.676525985492,116.34884595
2025-09-30,16692.75,24611.1,0.67826102856,116.647238418
2025-10-01,16869.4,24836.3,0.679223555844,116.812773728
2025-10-03,17015.3,24894.25,0.683503218615,117.548789543
2025-10-06,17030.15,25077.65,0.67909672557,116.790961475
2025-10-07,17048.85,25108.3,0.679012517773,116.77647943
2025-10-08,16956.55,25046.15,0.677012235413,116.432471145
2025-10-09,17007.8,25181.8,0.675400487654,116.155282986
2025-10-10,17112.75,25285.35,0.676785174024,116.393421158
2025-10-13,17063.1,25227.35,0.676373063362,116.322546423
2025-10-14,16913.4,25145.5,0.672621343779,115.677326205
2025-10-15,17052,25323.55,0.673365306207,115.805272761
2025-10-16,17117.2,25585.3,0.66902479158,115.058791652
2025-10-17,17076.55,25709.85,0.664202630509,114.229477055
2025-10-20,17167.4,25843.15,0.664292085137,114.244861449
2025-10-21,17286.7,25868.6,0.668250311188,114.925596621
2025-10-23,17245.55,25891.4,0.666072518288,114.551060098
2025-10-24,17219,25795.15,0.6675285858,114.801474388
2025-10-27,17330.15,25966.05,0.667415721683,114.782064033
2025-10-28,17346.4,25936.2,0.668810388569,115.021918652
2025-10-29,17423.6,26053.9,0.66875208702,115.01189196
2025-10-30,17411.55,25877.85,0.672836035451,115.714248849
2025-10-31,17313.9,25722.1,0.673113781534,115.762015582
2025-11-03,17434.85,25763.35,0.676730704664,116.384053525
2025-11-04,17320.2,25597.65,0.676632425242,116.367151443
2025-11-06,17061.5,25509.7,0.668824015963,115.024262289
2025-11-07,17020.05,25492.3,0.667654546667,114.823137121
2025-11-10,17019.3,25574.35,0.665483189211,114.449707364
2025-11-11,16994,25694.95,0.661375095106,113.743197905
2025-11-12,17120.15,25875.8,0.661627853052,113.786667182
2025-11-13,17051.05,25879.15,0.658872103605,113.312733771
2025-11-14,17081.45,25910.05,0.659259630915,113.379380664
2025-11-17,17197.9,26013.45,0.661115692075,113.698585807
2025-11-18,17022.75,25910.05,0.656994100745,112.989755097
2025-11-19,16950.8,26052.65,0.650636307631,111.896342712
2025-11-20,16934.45,26192.15,0.646546770693,111.193024711
2025-11-21,16723.75,26068.15,0.641539579909,110.331888729
2025-11-24,16615.85,25959.5,0.640068183131,110.078838114
2025-11-25,16633.4,25884.8,0.64259333663,110.513113665
2025-11-26,16829.8,26205.3,0.6422288621,110.450431386
2025-11-27,16770.05,26215.55,0.639698575845,110.015273103
2025-11-28,16732.6,26202.95,0.638576954122,109.822376754
2025-12-01,16770.6,26175.75,0.640692243775,110.186163977
2025-12-02,16696.45,26032.2,0.641376833306,110.303899591
2025-12-03,16622.65,25986,0.639677133841,110.01158551
2025-12-04,16582.9,26033.75,0.636977001008,109.547217037
2025-12-05,16494.9,26186.45,0.62990210586,108.330477542
2025-12-08,16120,25960.55,0.620942160316,106.78954734
2025-12-09,16283.65,25839.65,0.630180749352,108.378398612
2025-12-10,16168,25758,0.627688485131,107.949779354
2025-12-11,16261.35,25898.55,0.627886503298,107.983834491
2025-12-12,16396.85,26046.95,0.629511324742,108.26327106
2025-12-15,16455.45,26027.3,0.6322380731,108.732216867
2025-12-16,16328.25,25860.1,0.631407071125,108.589301262
2025-12-17,16210.7,25818.55,0.627870271568,107.98104296
2025-12-18,16192.15,25815.55,0.6272246766,107.870013626
2025-12-19,16407.7,25966.4,0.631881970547,108.670974399
2025-12-22,16565.7,26172.4,0.632945392857,108.853861622
2025-12-23,16635,26177.15,0.635477888158,109.289399815
2025-12-24,16644.75,26142.1,0.636702866258,109.50007138
2025-12-26,16614.05,26042.3,0.637964004715,109.716961799
2025-12-29,16525.6,25942.1,0.637018591402,109.554369747
2025-12-30,16491.9,25938.85,0.635799196957,109.344658458
2025-12-31,16684.75,26129.6,0.638538286082,109.815726629
2026-01-01,16667.9,26146.55,0.637479896965,109.633705015
2026-01-02,16795.75,26328.55,0.637929168146,109.710970611
2026-01-05,16843.35,26250.3,0.641644095496,110.349863305
2026-01-06,16791.5,26178.7,0.641418405039,110.311049092
2026-01-07,16816,26140.75,0.643286822299,110.632379235
2026-01-08,16489.05,25876.85,0.637212411866,109.587702964
2026-01-09,16209.45,25683.3,0.631128009251,108.541308239
2026-01-12,16101.4,25790.25,0.624321206658,107.370675265
2026-01-13,16205.25,25732.3,0.62976298271,108.306551162
2026-01-14,16283.6,25665.6,0.634452340877,109.113026335
2026-01-16,16207.3,25694.35,0.630772913111,108.480238854
2026-01-19,16024.05,25585.5,0.626294190069,107.709988681
2026-01-20,15595.2,25232.5,0.618060041613,106.293880962
2026-01-21,15478.8,25157.5,0.615275762695,105.815041056
2026-01-22,15618.8,25289.9,0.617590421473,106.213115755
2026-01-23,15314.6,25048.65,0.611394226835,105.147495053
2026-01-27,15345.5,25175.4,0.609543443202,104.829197538
2026-01-28,15639.55,25342.75,0.617121267424,106.132430706
2026-01-29,15630.3,25418.9,0.614908591639,105.751895029
2026-01-30,15763.45,25320.65,0.62255313351,107.066602288
2026-02-01,15421.05,24825.45,0.621179072283,106.830291427
2026-02-02,15507.15,25088.4,0.618100396996,106.300821275
2026-02-03,15962.45,25727.55,0.620441899831,106.703512611
2026-02-04,16084.15,25776,0.623997129112,107.314940453
2026-02-05,15919.15,25642.8,0.620803890371,106.765767694
2026-02-06,15864.5,25693.7,0.617447078467,106.188463644
2026-02-09,16268.8,25867.3,0.628933054474,108.163820218
2026-02-10,16349.35,25935.15,0.630393500712,108.414987562
2026-02-11,16369.9,25953.85,0.630731086139,108.473045457
2026-02-12,16250.15,25807.2,0.629675051923,108.291428838
2026-02-13,15988.3,25471.1,0.627703554224,107.952370934
2026-02-16,15981.15,25682.75,0.622252289961,107.014863256
2026-02-17,16099.35,25725.4,0.625815342035,107.627636462
2026-02-18,16180.85,25819.35,0.626694707651,107.77886964
2026-02-19,15988,25454.35,0.628104822948,108.021381074
2026-02-20,15958.8,25571.25,0.624091509019,107.331171897
2026-02-23,16027.95,25713,0.623340333683,107.201984866
2026-02-24,15933.05,25424.65,0.626677260061,107.775869005
2026-02-25,16035.7,25482.5,0.629282841166,108.223976485
2026-02-26,16047.45,25496.55,0.629396918407,108.243595474
2026-02-27,15881.05,25178.65,0.630734769338,108.473678893
2026-03-02,15580.4,24865.7,0.626581998496,107.759485935
2026-03-04,15250.6,24480.5,0.622969302098,107.138174905
2026-03-05,15465.75,24765.9,0.624477608324,107.397573202
2026-03-06,15422.2,24450.45,0.630753217221,108.476851557
2026-03-09,15063.5,24028.05,0.626913128614,107.816433647
2026-03-10,15385.9,24261.6,0.634166749101,109.063910301
2026-03-11,15326.6,23866.85,0.642171044775,110.44048797
2026-03-12,15266.45,23639.15,0.645812137915,111.066682667
2026-03-13,14857.5,23151.1,0.641762162489,110.370168451
2026-03-16,14804.7,23408.8,0.632441645877,108.767227285
2026-03-17,14889.5,23581.15,0.63141534658,108.590724473
2026-03-18,15153.55,23777.8,0.63729823617,109.602463016
2026-03-19,14753.25,23002.15,0.641385696554,110.305423891
2026-03-20,14791.95,23114.5,0.63994246036,110.057216329
2026-03-23,14232.85,22512.65,0.632215665415,108.728363197
2026-03-24,14574.25,22912.4,0.636085700319,109.393931267
2026-03-25,14937.2,23306.45,0.640904127398,110.222603694
2026-03-27,14655.35,22819.6,0.642226419394,110.450011289
2026-03-30,14288.45,22331.4,0.639836732135,110.039033203
2026-04-01,14749.1,22679.4,0.650330255651,111.843707934
2026-04-02,14724.45,22713.1,0.64828006745,111.491116849
2026-04-06,14881.85,22968.25,0.64793138354,111.431150239
2026-04-07,14900.95,23123.65,0.644403024609,110.824343555
2026-04-08,15483.5,23997.35,0.645217076052,110.96434401
2026-04-09,15503.75,23775.1,0.652100306623,112.148121057
2026-04-10,15753.05,24050.6,0.654996133153,112.646144905
2026-04-13,15687.95,23842.65,0.657978454576,113.159044134
2026-04-15,16051.4,24231.3,0.662424219914,113.923626245
2026-04-16,16199.25,24196.75,0.669480405426,115.137148059
2026-04-17,16439.25,24353.55,0.675024791047,116.090670736
2026-04-20,16379.5,24364.85,0.672259422898,115.615083102
2026-04-21,16513.2,24576.6,0.671907424135,115.554546403
2026-04-22,16683.45,24378.1,0.684362193936,117.696516001
2026-04-23,16592.45,24173.05,0.686402832907,118.04746481
2026-04-24,16414.65,23897.95,0.686864354474,118.126837226
2026-04-27,16713.55,24092.7,0.693718429234,119.30560006
2026-04-28,16721.85,23995.7,0.696868605625,119.847366963
2026-04-29,16804.4,24177.65,0.695038599698,119.532642795
2026-04-30,16731.2,23997.55,0.697204506293,119.905135114
2026-05-04,16895.95,24119.3,0.700515769529,120.47460571
2026-05-05,16928.2,24032.8,0.704379015346,121.139006194
2026-05-06,17233.85,24330.95,0.708309786506,121.815019677
2026-05-07,17409,24326.65,0.715634910684,123.074793526
2026-05-08,17437.5,24176.15,0.721268688356,124.043689835
2026-05-11,17253.5,23815.85,0.724454512436,124.591587423
2026-05-12,16735.8,23379.55,0.715830715305,123.108467978
2026-05-13,16784,23412.6,0.716878945525,123.288742467
2026-05-14,16789,23689.6,0.708707618533,121.883438775
2026-05-15,16722.9,23643.5,0.707293759384,121.640283473
2026-05-18,16473.65,23649.95,0.696561726346,119.794589907
2026-05-19,16664.6,23618,0.705588957575,121.347091892
2026-05-20,16678.05,23659,0.704934697155,121.234572275
2026-05-21,16796.3,23654.7,0.710061848174,122.116339002
2026-05-22,16775.3,23719.3,0.707242625204,121.631489423
2026-05-25,16976.4,24031.7,0.706416940957,121.48948836
2026-05-26,17009.55,23913.7,0.711288926431,122.327371752
2026-05-27,17103.45,23907.15,0.715411498234,123.036371084
2026-05-29,16992.1,23547.75,0.721601851557,124.100987197
2026-06-01,16857.1,23382.6,0.720924961296,123.984575703
2026-06-02,16946.6,23483.55,0.721637060836,124.107042484
2026-06-03,16954.45,23405.6,0.724375790409,124.578048819
2026-06-04,17052.7,23416.55,0.728232809701,125.241378467
2026-06-05,17054.5,23366.7,0.729863438141,125.521813721
2026-06-08,16748.9,23123,0.724339402327,124.571790802
2026-06-09,16977.45,23242.1,0.730461102912,125.624600027
2026-06-10,16782.95,23214.95,0.722937159029,124.330633192
2026-06-11,16642.7,23161.6,0.718547077922,123.575627647
2026-06-12,17079.1,23622.9,0.722989133426,124.339571742
2026-06-15,17292.7,23853.9,0.72494225263,124.675468914
2026-06-16,17369.25,23989.15,0.724046079165,124.521345125
2026-06-17,17495.75,24085.7,0.726395745193,124.925440365
2026-06-18,17612.6,24168,0.728757034095,125.331534506
2026-06-19,17713.8,24013.1,0.73767235384,126.86478997
2026-06-22,17849.75,24102.9,0.740564413411,127.362165977
2026-06-23,17747.65,23824.1,0.744945244521,128.115580709
2026-06-24,17784.65,24021.65,0.740359217622,127.326876433
2026-06-25,17704.7,24056,0.73597855005,126.573489827
2026-06-29,17619.6,23946.25,0.73579788067,126.542418332
2026-06-30,17720.3,23865.75,0.742499188167,127.694908273
2026-07-01,17801.55,24005.85,0.741550497066,127.531752508
2026-07-02,17983.35,24175.7,0.743860570738,127.929038661
2026-07-03,17996.25,24270.85,0.741475885682,127.518920853
2026-07-06,18078.6,24430.35,0.74000577151,127.26609082
2026-07-07,17953.1,24398.7,0.735821990516,126.54656474
2026-07-08,17597.9,23882.05,0.736867228735,126.726324665
2026-07-09,17875.7,23962.8,0.745977097835,128.2930387
2026-07-10,18118.9,24206.9,0.748501460327,128.727178214
2026-07-13,18171.85,24211,0.75056172814,129.081502789
2026-07-14,17974.9,24052.05,0.747333387383,128.52629319
2026-07-15,18097.85,24078.5,0.751618663953,129.263274465
2026-07-16,18109.05,24072.75,0.752263451413,129.374164924
2026-07-17,18003.5,24334.3,0.739840472091,127.237662648
2026-07-20,18023.9,24238.5,0.743606246261,127.885299972
2026-07-21,18101,24187.7,0.748355569153,128.70208787
2026-07-22,17863.75,23996.25,0.744439235297,128.028557312
2026-07-23,17651.25,23869.6,0.739486627342,127.176808477
2026-07-24,17601.2,23767.45,0.740559041883,127.361242182
2026-07-27,17824.5,23995.95,0.742812849668,127.748851735
2026-07-28,17741.45,23985.35,0.739678595476,127.20982313
2026-07-29,17978.05,24250.2,0.741356772315,127.498435752
2026-07-30,17845.6,24317.15,0.733868894998,126.210671641
2026-07-31,17919.9,24383.6,0.734916091143,126.39076829
2026-08-03,18166.65,24774.3,0.733286106974,126.110443837
2026-08-04,18194.3,24614.9,0.739157989673,127.120289416
2026-08-05,18321.95,24624.65,0.744049153998,127.961471184
2026-08-06,18358.65,24636,0.745196054554,128.158714984
2026-08-07,18356.55,24570.65,0.747092567759,128.484877064
2026-08-10,18345.55,24583.8,0.746245495001,128.339197607
2026-08-11,18381.85,24471.7,0.751147243551,129.182199649
2026-08-12,18335.65,24435.95,0.750355521271,129.04603936
2026-08-13,18365.9,24395.85,0.752828862286,129.471404208
2026-08-14,18278.8,24366,0.750176475417,129.015247079
2026-08-17,18312.2,24287.65,0.753971668729,129.667943903
2026-08-18,18346.75,24154.9,0.759545682243,130.62656198
2026-08-19,18232,24078.3,0.757196313693,130.2225179
2026-08-20,18338.6,24231.85,0.756797355547,130.153905133
2026-08-21,18414.45,24252,0.759296140524,130.58364583
2026-08-24,18375.45,24219.05,0.758718859741,130.48436516
2026-08-25,18347.15,24334.55,0.753954768015,129.66503732
2026-08-26,18455.75,24207.75,0.762390143652,131.115752062
2026-08-27,18432.75,24090.85,0.765134895614,131.587794127
2026-08-28,18496.15,24175.65,0.765073534734,131.577241292
2026-08-31,18372.1,24080.4,0.762948289896,131.211741977
2026-09-01,18363.1,24055.8,0.763354367762,131.281579192
2026-09-02,18256.3,23914.45,0.763400370905,131.289490806
2026-09-03,18444.95,23873.45,0.772613509987,132.873965199
2026-09-04,18481.4,23897.7,0.773354757989,133.001444928
2026-09-07,18484.15,23779.15,0.777325934695,133.684407352
2026-09-08,18527.2,23635.1,0.78388498462,134.812431856
2026-09-09,18431.95,23431.5,0.786631244265,135.284733212
2026-09-10,18433.4,23477.8,0.785141708337,135.028563028
2026-09-11,18339.9,23398.1,0.783820053765,134.801265057
2026-09-15,17892.8,23118.6,0.773956900504,133.105001315
2026-09-16,17863.3,23217.6,0.76938615533,132.318925189
2026-09-17,18009.25,23270.6,0.773905700755,133.096195989
2026-09-18,18287.4,23346.4,0.783307062331,134.71304086
2026-09-21,18279.05,23414.3,0.780678901355,134.261050097
2026-09-22,18260.6,23329,0.782742509323,134.615949112
2026-09-23,18411.4,23446.8,0.785241482846,135.045722234
2026-09-24,18155.5,23063.1,0.787209872047,135.384245538
2026-09-25,18158.9,23140.5,0.784723752728,134.95668308
2026-09-28,17863.2,22780.25,0.784152939498,134.858514699
2026-09-29,17747.25,22716.2,0.781259629692,134.360923676
2026-09-30,17798.8,22620.45,0.786845531367,135.321586278
2026-10-01,17589.05,22421.95,0.784456748855,134.910763791
