month,nic_code,industry,index,yoy_growth,status,source_url,release_date,fetched_at,base_year,nic_version,deflator_regime,status_source_url,raw_sha256
2023-04,10,Manufacture of food products,98.9,-1.0999999999999943,Not specified,https://www.mospi.gov.in/uploads/latestReleases/latest_release_1790590696633_c0f8dc21-040f-4f5c-bfc1-63be2e5775d7_Indices_IIP_2022-23_Monthly_annual_Aug_2026.xlsx,2026-09-28,2026-10-09T06:00:15.558936+00:00,2022-23,NIC-2025,Output PPI,https://www.mospi.gov.in/uploads/latestReleases/latest_release_1790590696008_1b346687-0a5f-445a-83a2-28283c586094_IIP_Press_Release_August_2026.pdf,7ca3d7b8a1fa698cd0eb10cf1b4104ce43bc63573b390231a69c673a28ac015c
2023-04,11,Manufacture of beverages,122.8,22.799999999999997,Not specified,https://www.mospi.gov.in/uploads/latestReleases/latest_release_1790590696633_c0f8dc21-040f-4f5c-bfc1-63be2e5775d7_Indices_IIP_2022-23_Monthly_annual_Aug_2026.xlsx,2026-09-28,2026-10-09T06:00:15.558936+00:00,2022-23,NIC-2025,Output PPI,https://www.mospi.gov.in/uploads/latestReleases/latest_release_1790590696008_1b346687-0a5f-445a-83a2-28283c586094_IIP_Press_Release_August_2026.pdf,7ca3d7b8a1fa698cd0eb10cf1b4104ce43bc63573b390231a69c673a28ac015c
2023-04,12,Manufacture of tobacco products,87.5,-12.5,Not specified,https://www.mospi.gov.in/uploads/latestReleases/latest_release_1790590696633_c0f8dc21-040f-4f5c-bfc1-63be2e5775d7_Indices_IIP_2022-23_Monthly_annual_Aug_2026.xlsx,2026-09-28,2026-10-09T06:00:15.558936+00:00,2022-23,NIC-2025,Output PPI,https://www.mospi.gov.in/uploads/latestReleases/latest_release_1790590696008_1b346687-0a5f-445a-83a2-28283c586094_IIP_Press_Release_August_2026.pdf,7ca3d7b8a1fa698cd0eb10cf1b4104ce43bc63573b390231a69c673a28ac015c
2023-04,13,Manufacture of textiles,105.5,5.5,Not specified,https://www.mospi.gov.in/uploads/latestReleases/latest_release_1790590696633_c0f8dc21-040f-4f5c-bfc1-63be2e5775d7_Indices_IIP_2022-23_Monthly_annual_Aug_2026.xlsx,2026-09-28,2026-10-09T06:00:15.558936+00:00,2022-23,NIC-2025,Output PPI,https://www.mospi.gov.in/uploads/latestReleases/latest_release_1790590696008_1b346687-0a5f-445a-83a2-28283c586094_IIP_Press_Release_August_2026.pdf,7ca3d7b8a1fa698cd0eb10cf1b4104ce43bc63573b390231a69c673a28ac015c
2023-04,14,Manufacture of wearing apparel,92.2,-7.799999999999997,Not specified,https://www.mospi.gov.in/uploads/latestReleases/latest_release_1790590696633_c0f8dc21-040f-4f5c-bfc1-63be2e5775d7_Indices_IIP_2022-23_Monthly_annual_Aug_2026.xlsx,2026-09-28,2026-10-09T06:00:15.558936+00:00,2022-23,NIC-2025,Output PPI,https://www.mospi.gov.in/uploads/latestReleases/latest_release_1790590696008_1b346687-0a5f-445a-83a2-28283c586094_IIP_Press_Release_August_2026.pdf,7ca3d7b8a1fa698cd0eb10cf1b4104ce43bc63573b390231a69c673a28ac015c
2023-04,15,Manufacture of leather and related products,87.3,-12.700000000000003,Not specified,https://www.mospi.gov.in/uploads/latestReleases/latest_release_1790590696633_c0f8dc21-040f-4f5c-bfc1-63be2e5775d7_Indices_IIP_2022-23_Monthly_annual_Aug_2026.xlsx,2026-09-28,2026-10-09T06:00:15.558936+00:00,2022-23,NIC-2025,Output PPI,https://www.mospi.gov.in/uploads/latestReleases/latest_release_1790590696008_1b346687-0a5f-445a-83a2-28283c586094_IIP_Press_Release_August_2026.pdf,7ca3d7b8a1fa698cd0eb10cf1b4104ce43bc63573b390231a69c673a28ac015c
2023-04,16,"Manufacture of wood and products of wood and cork, except furniture; manufacture of articles of straw and plaiting materials",90.2,-9.799999999999997,Not specified,https://www.mospi.gov.in/uploads/latestReleases/latest_release_1790590696633_c0f8dc21-040f-4f5c-bfc1-63be2e5775d7_Indices_IIP_2022-23_Monthly_annual_Aug_2026.xlsx,2026-09-28,2026-10-09T06:00:15.558936+00:00,2022-23,NIC-2025,Output PPI,https://www.mospi.gov.in/uploads/latestReleases/latest_release_1790590696008_1b346687-0a5f-445a-83a2-28283c586094_IIP_Press_Release_August_2026.pdf,7ca3d7b8a1fa698cd0eb10cf1b4104ce43bc63573b390231a69c673a28ac015c
2023-04,17,Manufacture of paper and paper products,98.7,-1.2999999999999972,Not specified,https://www.mospi.gov.in/uploads/latestReleases/latest_release_1790590696633_c0f8dc21-040f-4f5c-bfc1-63be2e5775d7_Indices_IIP_2022-23_Monthly_annual_Aug_2026.xlsx,2026-09-28,2026-10-09T06:00:15.558936+00:00,2022-23,NIC-2025,Output PPI,https://www.mospi.gov.in/uploads/latestReleases/latest_release_1790590696008_1b346687-0a5f-445a-83a2-28283c586094_IIP_Press_Release_August_2026.pdf,7ca3d7b8a1fa698cd0eb10cf1b4104ce43bc63573b390231a69c673a28ac015c
2023-04,18,Printing and reproduction of recorded media,100.2,0.20000000000000284,Not specified,https://www.mospi.gov.in/uploads/latestReleases/latest_release_1790590696633_c0f8dc21-040f-4f5c-bfc1-63be2e5775d7_Indices_IIP_2022-23_Monthly_annual_Aug_2026.xlsx,2026-09-28,2026-10-09T06:00:15.558936+00:00,2022-23,NIC-2025,Output PPI,https://www.mospi.gov.in/uploads/latestReleases/latest_release_1790590696008_1b346687-0a5f-445a-83a2-28283c586094_IIP_Press_Release_August_2026.pdf,7ca3d7b8a1fa698cd0eb10cf1b4104ce43bc63573b390231a69c673a28ac015c
2023-04,19,Manufacture of coke and refined petroleum products,100.9,0.9000000000000057,Not specified,https://www.mospi.gov.in/uploads/latestReleases/latest_release_1790590696633_c0f8dc21-040f-4f5c-bfc1-63be2e5775d7_Indices_IIP_2022-23_Monthly_annual_Aug_2026.xlsx,2026-09-28,2026-10-09T06:00:15.558936+00:00,2022-23,NIC-2025,Output PPI,https://www.mospi.gov.in/uploads/latestReleases/latest_release_1790590696008_1b346687-0a5f-445a-83a2-28283c586094_IIP_Press_Release_August_2026.pdf,7ca3d7b8a1fa698cd0eb10cf1b4104ce43bc63573b390231a69c673a28ac015c
2023-04,20,Manufacture of chemicals and chemical products,101.5,1.5,Not specified,https://www.mospi.gov.in/uploads/latestReleases/latest_release_1790590696633_c0f8dc21-040f-4f5c-bfc1-63be2e5775d7_Indices_IIP_2022-23_Monthly_annual_Aug_2026.xlsx,2026-09-28,2026-10-09T06:00:15.558936+00:00,2022-23,NIC-2025,Output PPI,https://www.mospi.gov.in/uploads/latestReleases/latest_release_1790590696008_1b346687-0a5f-445a-83a2-28283c586094_IIP_Press_Release_August_2026.pdf,7ca3d7b8a1fa698cd0eb10cf1b4104ce43bc63573b390231a69c673a28ac015c
2023-04,21,Manufacture of basic pharmaceutical products and pharmaceutical preparations,101.9,1.9000000000000057,Not specified,https://www.mospi.gov.in/uploads/latestReleases/latest_release_1790590696633_c0f8dc21-040f-4f5c-bfc1-63be2e5775d7_Indices_IIP_2022-23_Monthly_annual_Aug_2026.xlsx,2026-09-28,2026-10-09T06:00:15.558936+00:00,2022-23,NIC-2025,Output PPI,https://www.mospi.gov.in/uploads/latestReleases/latest_release_1790590696008_1b346687-0a5f-445a-83a2-28283c586094_IIP_Press_Release_August_2026.pdf,7ca3d7b8a1fa698cd0eb10cf1b4104ce43bc63573b390231a69c673a28ac015c
2023-04,22,Manufacture of rubber and plastics products,94.6,-5.400000000000006,Not specified,https://www.mospi.gov.in/uploads/latestReleases/latest_release_1790590696633_c0f8dc21-040f-4f5c-bfc1-63be2e5775d7_Indices_IIP_2022-23_Monthly_annual_Aug_2026.xlsx,2026-09-28,2026-10-09T06:00:15.558936+00:00,2022-23,NIC-2025,Output PPI,https://www.mospi.gov.in/uploads/latestReleases/latest_release_1790590696008_1b346687-0a5f-445a-83a2-28283c586094_IIP_Press_Release_August_2026.pdf,7ca3d7b8a1fa698cd0eb10cf1b4104ce43bc63573b390231a69c673a28ac015c
2023-04,23,Manufacture of other non-metallic mineral products,104.3,4.299999999999997,Not specified,https://www.mospi.gov.in/uploads/latestReleases/latest_release_1790590696633_c0f8dc21-040f-4f5c-bfc1-63be2e5775d7_Indices_IIP_2022-23_Monthly_annual_Aug_2026.xlsx,2026-09-28,2026-10-09T06:00:15.558936+00:00,2022-23,NIC-2025,Output PPI,https://www.mospi.gov.in/uploads/latestReleases/latest_release_1790590696008_1b346687-0a5f-445a-83a2-28283c586094_IIP_Press_Release_August_2026.pdf,7ca3d7b8a1fa698cd0eb10cf1b4104ce43bc63573b390231a69c673a28ac015c
2023-04,24,Manufacture of basic metals,105.0,5.0,Not specified,https://www.mospi.gov.in/uploads/latestReleases/latest_release_1790590696633_c0f8dc21-040f-4f5c-bfc1-63be2e5775d7_Indices_IIP_2022-23_Monthly_annual_Aug_2026.xlsx,2026-09-28,2026-10-09T06:00:15.558936+00:00,2022-23,NIC-2025,Output PPI,https://www.mospi.gov.in/uploads/latestReleases/latest_release_1790590696008_1b346687-0a5f-445a-83a2-28283c586094_IIP_Press_Release_August_2026.pdf,7ca3d7b8a1fa698cd0eb10cf1b4104ce43bc63573b390231a69c673a28ac015c
2023-04,25,"Manufacture of fabricated metal products, except machinery and equipment",98.7,-1.2999999999999972,Not specified,https://www.mospi.gov.in/uploads/latestReleases/latest_release_1790590696633_c0f8dc21-040f-4f5c-bfc1-63be2e5775d7_Indices_IIP_2022-23_Monthly_annual_Aug_2026.xlsx,2026-09-28,2026-10-09T06:00:15.558936+00:00,2022-23,NIC-2025,Output PPI,https://www.mospi.gov.in/uploads/latestReleases/latest_release_1790590696008_1b346687-0a5f-445a-83a2-28283c586094_IIP_Press_Release_August_2026.pdf,7ca3d7b8a1fa698cd0eb10cf1b4104ce43bc63573b390231a69c673a28ac015c
2023-04,26,"Manufacture of computer, electronic and optical products",107.6,7.599999999999994,Not specified,https://www.mospi.gov.in/uploads/latestReleases/latest_release_1790590696633_c0f8dc21-040f-4f5c-bfc1-63be2e5775d7_Indices_IIP_2022-23_Monthly_annual_Aug_2026.xlsx,2026-09-28,2026-10-09T06:00:15.558936+00:00,2022-23,NIC-2025,Output PPI,https://www.mospi.gov.in/uploads/latestReleases/latest_release_1790590696008_1b346687-0a5f-445a-83a2-28283c586094_IIP_Press_Release_August_2026.pdf,7ca3d7b8a1fa698cd0eb10cf1b4104ce43bc63573b390231a69c673a28ac015c
2023-04,27,Manufacture of electrical equipment,99.4,-0.5999999999999943,Not specified,https://www.mospi.gov.in/uploads/latestReleases/latest_release_1790590696633_c0f8dc21-040f-4f5c-bfc1-63be2e5775d7_Indices_IIP_2022-23_Monthly_annual_Aug_2026.xlsx,2026-09-28,2026-10-09T06:00:15.558936+00:00,2022-23,NIC-2025,Output PPI,https://www.mospi.gov.in/uploads/latestReleases/latest_release_1790590696008_1b346687-0a5f-445a-83a2-28283c586094_IIP_Press_Release_August_2026.pdf,7ca3d7b8a1fa698cd0eb10cf1b4104ce43bc63573b390231a69c673a28ac015c
2023-04,28,Manufacture of machinery and equipment n.e.c.,90.1,-9.900000000000006,Not specified,https://www.mospi.gov.in/uploads/latestReleases/latest_release_1790590696633_c0f8dc21-040f-4f5c-bfc1-63be2e5775d7_Indices_IIP_2022-23_Monthly_annual_Aug_2026.xlsx,2026-09-28,2026-10-09T06:00:15.558936+00:00,2022-23,NIC-2025,Output PPI,https://www.mospi.gov.in/uploads/latestReleases/latest_release_1790590696008_1b346687-0a5f-445a-83a2-28283c586094_IIP_Press_Release_August_2026.pdf,7ca3d7b8a1fa698cd0eb10cf1b4104ce43bc63573b390231a69c673a28ac015c
2023-04,29,"Manufacture of motor vehicles, trailers and semi-trailers",98.2,-1.7999999999999972,Not specified,https://www.mospi.gov.in/uploads/latestReleases/latest_release_1790590696633_c0f8dc21-040f-4f5c-bfc1-63be2e5775d7_Indices_IIP_2022-23_Monthly_annual_Aug_2026.xlsx,2026-09-28,2026-10-09T06:00:15.558936+00:00,2022-23,NIC-2025,Output PPI,https://www.mospi.gov.in/uploads/latestReleases/latest_release_1790590696008_1b346687-0a5f-445a-83a2-28283c586094_IIP_Press_Release_August_2026.pdf,7ca3d7b8a1fa698cd0eb10cf1b4104ce43bc63573b390231a69c673a28ac015c
2023-04,30,Manufacture of other transport equipment,98.8,-1.2000000000000028,Not specified,https://www.mospi.gov.in/uploads/latestReleases/latest_release_1790590696633_c0f8dc21-040f-4f5c-bfc1-63be2e5775d7_Indices_IIP_2022-23_Monthly_annual_Aug_2026.xlsx,2026-09-28,2026-10-09T06:00:15.558936+00:00,2022-23,NIC-2025,Output PPI,https://www.mospi.gov.in/uploads/latestReleases/latest_release_1790590696008_1b346687-0a5f-445a-83a2-28283c586094_IIP_Press_Release_August_2026.pdf,7ca3d7b8a1fa698cd0eb10cf1b4104ce43bc63573b390231a69c673a28ac015c
2023-04,31,Manufacture of furniture,79.4,-20.599999999999994,Not specified,https://www.mospi.gov.in/uploads/latestReleases/latest_release_1790590696633_c0f8dc21-040f-4f5c-bfc1-63be2e5775d7_Indices_IIP_2022-23_Monthly_annual_Aug_2026.xlsx,2026-09-28,2026-10-09T06:00:15.558936+00:00,2022-23,NIC-2025,Output PPI,https://www.mospi.gov.in/uploads/latestReleases/latest_release_1790590696008_1b346687-0a5f-445a-83a2-28283c586094_IIP_Press_Release_August_2026.pdf,7ca3d7b8a1fa698cd0eb10cf1b4104ce43bc63573b390231a69c673a28ac015c
2023-04,32,Other manufacturing,97.6,-2.4000000000000057,Not specified,https://www.mospi.gov.in/uploads/latestReleases/latest_release_1790590696633_c0f8dc21-040f-4f5c-bfc1-63be2e5775d7_Indices_IIP_2022-23_Monthly_annual_Aug_2026.xlsx,2026-09-28,2026-10-09T06:00:15.558936+00:00,2022-23,NIC-2025,Output PPI,https://www.mospi.gov.in/uploads/latestReleases/latest_release_1790590696008_1b346687-0a5f-445a-83a2-28283c586094_IIP_Press_Release_August_2026.pdf,7ca3d7b8a1fa698cd0eb10cf1b4104ce43bc63573b390231a69c673a28ac015c
2023-05,10,Manufacture of food products,97.6,-2.4000000000000057,Not specified,https://www.mospi.gov.in/uploads/latestReleases/latest_release_1790590696633_c0f8dc21-040f-4f5c-bfc1-63be2e5775d7_Indices_IIP_2022-23_Monthly_annual_Aug_2026.xlsx,2026-09-28,2026-10-09T06:00:15.558936+00:00,2022-23,NIC-2025,Output PPI,https://www.mospi.gov.in/uploads/latestReleases/latest_release_1790590696008_1b346687-0a5f-445a-83a2-28283c586094_IIP_Press_Release_August_2026.pdf,7ca3d7b8a1fa698cd0eb10cf1b4104ce43bc63573b390231a69c673a28ac015c
2023-05,11,Manufacture of beverages,137.2,37.19999999999999,Not specified,https://www.mospi.gov.in/uploads/latestReleases/latest_release_1790590696633_c0f8dc21-040f-4f5c-bfc1-63be2e5775d7_Indices_IIP_2022-23_Monthly_annual_Aug_2026.xlsx,2026-09-28,2026-10-09T06:00:15.558936+00:00,2022-23,NIC-2025,Output PPI,https://www.mospi.gov.in/uploads/latestReleases/latest_release_1790590696008_1b346687-0a5f-445a-83a2-28283c586094_IIP_Press_Release_August_2026.pdf,7ca3d7b8a1fa698cd0eb10cf1b4104ce43bc63573b390231a69c673a28ac015c
2023-05,12,Manufacture of tobacco products,99.9,-0.09999999999999432,Not specified,https://www.mospi.gov.in/uploads/latestReleases/latest_release_1790590696633_c0f8dc21-040f-4f5c-bfc1-63be2e5775d7_Indices_IIP_2022-23_Monthly_annual_Aug_2026.xlsx,2026-09-28,2026-10-09T06:00:15.558936+00:00,2022-23,NIC-2025,Output PPI,https://www.mospi.gov.in/uploads/latestReleases/latest_release_1790590696008_1b346687-0a5f-445a-83a2-28283c586094_IIP_Press_Release_August_2026.pdf,7ca3d7b8a1fa698cd0eb10cf1b4104ce43bc63573b390231a69c673a28ac015c
2023-05,13,Manufacture of textiles,106.0,6.0,Not specified,https://www.mospi.gov.in/uploads/latestReleases/latest_release_1790590696633_c0f8dc21-040f-4f5c-bfc1-63be2e5775d7_Indices_IIP_2022-23_Monthly_annual_Aug_2026.xlsx,2026-09-28,2026-10-09T06:00:15.558936+00:00,2022-23,NIC-2025,Output PPI,https://www.mospi.gov.in/uploads/latestReleases/latest_release_1790590696008_1b346687-0a5f-445a-83a2-28283c586094_IIP_Press_Release_August_2026.pdf,7ca3d7b8a1fa698cd0eb10cf1b4104ce43bc63573b390231a69c673a28ac015c
2023-05,14,Manufacture of wearing apparel,94.8,-5.200000000000003,Not specified,https://www.mospi.gov.in/uploads/latestReleases/latest_release_1790590696633_c0f8dc21-040f-4f5c-bfc1-63be2e5775d7_Indices_IIP_2022-23_Monthly_annual_Aug_2026.xlsx,2026-09-28,2026-10-09T06:00:15.558936+00:00,2022-23,NIC-2025,Output PPI,https://www.mospi.gov.in/uploads/latestReleases/latest_release_1790590696008_1b346687-0a5f-445a-83a2-28283c586094_IIP_Press_Release_August_2026.pdf,7ca3d7b8a1fa698cd0eb10cf1b4104ce43bc63573b390231a69c673a28ac015c
2023-05,15,Manufacture of leather and related products,103.1,3.0999999999999943,Not specified,https://www.mospi.gov.in/uploads/latestReleases/latest_release_1790590696633_c0f8dc21-040f-4f5c-bfc1-63be2e5775d7_Indices_IIP_2022-23_Monthly_annual_Aug_2026.xlsx,2026-09-28,2026-10-09T06:00:15.558936+00:00,2022-23,NIC-2025,Output PPI,https://www.mospi.gov.in/uploads/latestReleases/latest_release_1790590696008_1b346687-0a5f-445a-83a2-28283c586094_IIP_Press_Release_August_2026.pdf,7ca3d7b8a1fa698cd0eb10cf1b4104ce43bc63573b390231a69c673a28ac015c
2023-05,16,"Manufacture of wood and products of wood and cork, except furniture; manufacture of articles of straw and plaiting materials",104.0,4.0,Not specified,https://www.mospi.gov.in/uploads/latestReleases/latest_release_1790590696633_c0f8dc21-040f-4f5c-bfc1-63be2e5775d7_Indices_IIP_2022-23_Monthly_annual_Aug_2026.xlsx,2026-09-28,2026-10-09T06:00:15.558936+00:00,2022-23,NIC-2025,Output PPI,https://www.mospi.gov.in/uploads/latestReleases/latest_release_1790590696008_1b346687-0a5f-445a-83a2-28283c586094_IIP_Press_Release_August_2026.pdf,7ca3d7b8a1fa698cd0eb10cf1b4104ce43bc63573b390231a69c673a28ac015c
2023-05,17,Manufacture of paper and paper products,95.4,-4.599999999999994,Not specified,https://www.mospi.gov.in/uploads/latestReleases/latest_release_1790590696633_c0f8dc21-040f-4f5c-bfc1-63be2e5775d7_Indices_IIP_2022-23_Monthly_annual_Aug_2026.xlsx,2026-09-28,2026-10-09T06:00:15.558936+00:00,2022-23,NIC-2025,Output PPI,https://www.mospi.gov.in/uploads/latestReleases/latest_release_1790590696008_1b346687-0a5f-445a-83a2-28283c586094_IIP_Press_Release_August_2026.pdf,7ca3d7b8a1fa698cd0eb10cf1b4104ce43bc63573b390231a69c673a28ac015c
2023-05,18,Printing and reproduction of recorded media,97.3,-2.700000000000003,Not specified,https://www.mospi.gov.in/uploads/latestReleases/latest_release_1790590696633_c0f8dc21-040f-4f5c-bfc1-63be2e5775d7_Indices_IIP_2022-23_Monthly_annual_Aug_2026.xlsx,2026-09-28,2026-10-09T06:00:15.558936+00:00,2022-23,NIC-2025,Output PPI,https://www.mospi.gov.in/uploads/latestReleases/latest_release_1790590696008_1b346687-0a5f-445a-83a2-28283c586094_IIP_Press_Release_August_2026.pdf,7ca3d7b8a1fa698cd0eb10cf1b4104ce43bc63573b390231a69c673a28ac015c
2023-05,19,Manufacture of coke and refined petroleum products,107.7,7.700000000000003,Not specified,https://www.mospi.gov.in/uploads/latestReleases/latest_release_1790590696633_c0f8dc21-040f-4f5c-bfc1-63be2e5775d7_Indices_IIP_2022-23_Monthly_annual_Aug_2026.xlsx,2026-09-28,2026-10-09T06:00:15.558936+00:00,2022-23,NIC-2025,Output PPI,https://www.mospi.gov.in/uploads/latestReleases/latest_release_1790590696008_1b346687-0a5f-445a-83a2-28283c586094_IIP_Press_Release_August_2026.pdf,7ca3d7b8a1fa698cd0eb10cf1b4104ce43bc63573b390231a69c673a28ac015c
2023-05,20,Manufacture of chemicals and chemical products,109.7,9.700000000000003,Not specified,https://www.mospi.gov.in/uploads/latestReleases/latest_release_1790590696633_c0f8dc21-040f-4f5c-bfc1-63be2e5775d7_Indices_IIP_2022-23_Monthly_annual_Aug_2026.xlsx,2026-09-28,2026-10-09T06:00:15.558936+00:00,2022-23,NIC-2025,Output PPI,https://www.mospi.gov.in/uploads/latestReleases/latest_release_1790590696008_1b346687-0a5f-445a-83a2-28283c586094_IIP_Press_Release_August_2026.pdf,7ca3d7b8a1fa698cd0eb10cf1b4104ce43bc63573b390231a69c673a28ac015c
2023-05,21,Manufacture of basic pharmaceutical products and pharmaceutical preparations,116.8,16.799999999999997,Not specified,https://www.mospi.gov.in/uploads/latestReleases/latest_release_1790590696633_c0f8dc21-040f-4f5c-bfc1-63be2e5775d7_Indices_IIP_2022-23_Monthly_annual_Aug_2026.xlsx,2026-09-28,2026-10-09T06:00:15.558936+00:00,2022-23,NIC-2025,Output PPI,https://www.mospi.gov.in/uploads/latestReleases/latest_release_1790590696008_1b346687-0a5f-445a-83a2-28283c586094_IIP_Press_Release_August_2026.pdf,7ca3d7b8a1fa698cd0eb10cf1b4104ce43bc63573b390231a69c673a28ac015c
2023-05,22,Manufacture of rubber and plastics products,97.2,-2.799999999999997,Not specified,https://www.mospi.gov.in/uploads/latestReleases/latest_release_1790590696633_c0f8dc21-040f-4f5c-bfc1-63be2e5775d7_Indices_IIP_2022-23_Monthly_annual_Aug_2026.xlsx,2026-09-28,2026-10-09T06:00:15.558936+00:00,2022-23,NIC-2025,Output PPI,https://www.mospi.gov.in/uploads/latestReleases/latest_release_1790590696008_1b346687-0a5f-445a-83a2-28283c586094_IIP_Press_Release_August_2026.pdf,7ca3d7b8a1fa698cd0eb10cf1b4104ce43bc63573b390231a69c673a28ac015c
2023-05,23,Manufacture of other non-metallic mineral products,107.9,7.900000000000006,Not specified,https://www.mospi.gov.in/uploads/latestReleases/latest_release_1790590696633_c0f8dc21-040f-4f5c-bfc1-63be2e5775d7_Indices_IIP_2022-23_Monthly_annual_Aug_2026.xlsx,2026-09-28,2026-10-09T06:00:15.558936+00:00,2022-23,NIC-2025,Output PPI,https://www.mospi.gov.in/uploads/latestReleases/latest_release_1790590696008_1b346687-0a5f-445a-83a2-28283c586094_IIP_Press_Release_August_2026.pdf,7ca3d7b8a1fa698cd0eb10cf1b4104ce43bc63573b390231a69c673a28ac015c
2023-05,24,Manufacture of basic metals,107.7,7.700000000000003,Not specified,https://www.mospi.gov.in/uploads/latestReleases/latest_release_1790590696633_c0f8dc21-040f-4f5c-bfc1-63be2e5775d7_Indices_IIP_2022-23_Monthly_annual_Aug_2026.xlsx,2026-09-28,2026-10-09T06:00:15.558936+00:00,2022-23,NIC-2025,Output PPI,https://www.mospi.gov.in/uploads/latestReleases/latest_release_1790590696008_1b346687-0a5f-445a-83a2-28283c586094_IIP_Press_Release_August_2026.pdf,7ca3d7b8a1fa698cd0eb10cf1b4104ce43bc63573b390231a69c673a28ac015c
2023-05,25,"Manufacture of fabricated metal products, except machinery and equipment",101.6,1.5999999999999943,Not specified,https://www.mospi.gov.in/uploads/latestReleases/latest_release_1790590696633_c0f8dc21-040f-4f5c-bfc1-63be2e5775d7_Indices_IIP_2022-23_Monthly_annual_Aug_2026.xlsx,2026-09-28,2026-10-09T06:00:15.558936+00:00,2022-23,NIC-2025,Output PPI,https://www.mospi.gov.in/uploads/latestReleases/latest_release_1790590696008_1b346687-0a5f-445a-83a2-28283c586094_IIP_Press_Release_August_2026.pdf,7ca3d7b8a1fa698cd0eb10cf1b4104ce43bc63573b390231a69c673a28ac015c
2023-05,26,"Manufacture of computer, electronic and optical products",104.5,4.5,Not specified,https://www.mospi.gov.in/uploads/latestReleases/latest_release_1790590696633_c0f8dc21-040f-4f5c-bfc1-63be2e5775d7_Indices_IIP_2022-23_Monthly_annual_Aug_2026.xlsx,2026-09-28,2026-10-09T06:00:15.558936+00:00,2022-23,NIC-2025,Output PPI,https://www.mospi.gov.in/uploads/latestReleases/latest_release_1790590696008_1b346687-0a5f-445a-83a2-28283c586094_IIP_Press_Release_August_2026.pdf,7ca3d7b8a1fa698cd0eb10cf1b4104ce43bc63573b390231a69c673a28ac015c
2023-05,27,Manufacture of electrical equipment,99.5,-0.5,Not specified,https://www.mospi.gov.in/uploads/latestReleases/latest_release_1790590696633_c0f8dc21-040f-4f5c-bfc1-63be2e5775d7_Indices_IIP_2022-23_Monthly_annual_Aug_2026.xlsx,2026-09-28,2026-10-09T06:00:15.558936+00:00,2022-23,NIC-2025,Output PPI,https://www.mospi.gov.in/uploads/latestReleases/latest_release_1790590696008_1b346687-0a5f-445a-83a2-28283c586094_IIP_Press_Release_August_2026.pdf,7ca3d7b8a1fa698cd0eb10cf1b4104ce43bc63573b390231a69c673a28ac015c
2023-05,28,Manufacture of machinery and equipment n.e.c.,98.2,-1.7999999999999972,Not specified,https://www.mospi.gov.in/uploads/latestReleases/latest_release_1790590696633_c0f8dc21-040f-4f5c-bfc1-63be2e5775d7_Indices_IIP_2022-23_Monthly_annual_Aug_2026.xlsx,2026-09-28,2026-10-09T06:00:15.558936+00:00,2022-23,NIC-2025,Output PPI,https://www.mospi.gov.in/uploads/latestReleases/latest_release_1790590696008_1b346687-0a5f-445a-83a2-28283c586094_IIP_Press_Release_August_2026.pdf,7ca3d7b8a1fa698cd0eb10cf1b4104ce43bc63573b390231a69c673a28ac015c
2023-05,29,"Manufacture of motor vehicles, trailers and semi-trailers",105.3,5.299999999999997,Not specified,https://www.mospi.gov.in/uploads/latestReleases/latest_release_1790590696633_c0f8dc21-040f-4f5c-bfc1-63be2e5775d7_Indices_IIP_2022-23_Monthly_annual_Aug_2026.xlsx,2026-09-28,2026-10-09T06:00:15.558936+00:00,2022-23,NIC-2025,Output PPI,https://www.mospi.gov.in/uploads/latestReleases/latest_release_1790590696008_1b346687-0a5f-445a-83a2-28283c586094_IIP_Press_Release_August_2026.pdf,7ca3d7b8a1fa698cd0eb10cf1b4104ce43bc63573b390231a69c673a28ac015c
2023-05,30,Manufacture of other transport equipment,108.5,8.5,Not specified,https://www.mospi.gov.in/uploads/latestReleases/latest_release_1790590696633_c0f8dc21-040f-4f5c-bfc1-63be2e5775d7_Indices_IIP_2022-23_Monthly_annual_Aug_2026.xlsx,2026-09-28,2026-10-09T06:00:15.558936+00:00,2022-23,NIC-2025,Output PPI,https://www.mospi.gov.in/uploads/latestReleases/latest_release_1790590696008_1b346687-0a5f-445a-83a2-28283c586094_IIP_Press_Release_August_2026.pdf,7ca3d7b8a1fa698cd0eb10cf1b4104ce43bc63573b390231a69c673a28ac015c
2023-05,31,Manufacture of furniture,90.8,-9.200000000000003,Not specified,https://www.mospi.gov.in/uploads/latestReleases/latest_release_1790590696633_c0f8dc21-040f-4f5c-bfc1-63be2e5775d7_Indices_IIP_2022-23_Monthly_annual_Aug_2026.xlsx,2026-09-28,2026-10-09T06:00:15.558936+00:00,2022-23,NIC-2025,Output PPI,https://www.mospi.gov.in/uploads/latestReleases/latest_release_1790590696008_1b346687-0a5f-445a-83a2-28283c586094_IIP_Press_Release_August_2026.pdf,7ca3d7b8a1fa698cd0eb10cf1b4104ce43bc63573b390231a69c673a28ac015c
2023-05,32,Other manufacturing,93.9,-6.099999999999994,Not specified,https://www.mospi.gov.in/uploads/latestReleases/latest_release_1790590696633_c0f8dc21-040f-4f5c-bfc1-63be2e5775d7_Indices_IIP_2022-23_Monthly_annual_Aug_2026.xlsx,2026-09-28,2026-10-09T06:00:15.558936+00:00,2022-23,NIC-2025,Output PPI,https://www.mospi.gov.in/uploads/latestReleases/latest_release_1790590696008_1b346687-0a5f-445a-83a2-28283c586094_IIP_Press_Release_August_2026.pdf,7ca3d7b8a1fa698cd0eb10cf1b4104ce43bc63573b390231a69c673a28ac015c
2023-06,10,Manufacture of food products,92.6,-7.400000000000006,Not specified,https://www.mospi.gov.in/uploads/latestReleases/latest_release_1790590696633_c0f8dc21-040f-4f5c-bfc1-63be2e5775d7_Indices_IIP_2022-23_Monthly_annual_Aug_2026.xlsx,2026-09-28,2026-10-09T06:00:15.558936+00:00,2022-23,NIC-2025,Output PPI,https://www.mospi.gov.in/uploads/latestReleases/latest_release_1790590696008_1b346687-0a5f-445a-83a2-28283c586094_IIP_Press_Release_August_2026.pdf,7ca3d7b8a1fa698cd0eb10cf1b4104ce43bc63573b390231a69c673a28ac015c
2023-06,11,Manufacture of beverages,142.0,42.0,Not specified,https://www.mospi.gov.in/uploads/latestReleases/latest_release_1790590696633_c0f8dc21-040f-4f5c-bfc1-63be2e5775d7_Indices_IIP_2022-23_Monthly_annual_Aug_2026.xlsx,2026-09-28,2026-10-09T06:00:15.558936+00:00,2022-23,NIC-2025,Output PPI,https://www.mospi.gov.in/uploads/latestReleases/latest_release_1790590696008_1b346687-0a5f-445a-83a2-28283c586094_IIP_Press_Release_August_2026.pdf,7ca3d7b8a1fa698cd0eb10cf1b4104ce43bc63573b390231a69c673a28ac015c
2023-06,12,Manufacture of tobacco products,112.6,12.599999999999994,Not specified,https://www.mospi.gov.in/uploads/latestReleases/latest_release_1790590696633_c0f8dc21-040f-4f5c-bfc1-63be2e5775d7_Indices_IIP_2022-23_Monthly_annual_Aug_2026.xlsx,2026-09-28,2026-10-09T06:00:15.558936+00:00,2022-23,NIC-2025,Output PPI,https://www.mospi.gov.in/uploads/latestReleases/latest_release_1790590696008_1b346687-0a5f-445a-83a2-28283c586094_IIP_Press_Release_August_2026.pdf,7ca3d7b8a1fa698cd0eb10cf1b4104ce43bc63573b390231a69c673a28ac015c
2023-06,13,Manufacture of textiles,102.8,2.799999999999997,Not specified,https://www.mospi.gov.in/uploads/latestReleases/latest_release_1790590696633_c0f8dc21-040f-4f5c-bfc1-63be2e5775d7_Indices_IIP_2022-23_Monthly_annual_Aug_2026.xlsx,2026-09-28,2026-10-09T06:00:15.558936+00:00,2022-23,NIC-2025,Output PPI,https://www.mospi.gov.in/uploads/latestReleases/latest_release_1790590696008_1b346687-0a5f-445a-83a2-28283c586094_IIP_Press_Release_August_2026.pdf,7ca3d7b8a1fa698cd0eb10cf1b4104ce43bc63573b390231a69c673a28ac015c
2023-06,14,Manufacture of wearing apparel,95.2,-4.799999999999997,Not specified,https://www.mospi.gov.in/uploads/latestReleases/latest_release_1790590696633_c0f8dc21-040f-4f5c-bfc1-63be2e5775d7_Indices_IIP_2022-23_Monthly_annual_Aug_2026.xlsx,2026-09-28,2026-10-09T06:00:15.558936+00:00,2022-23,NIC-2025,Output PPI,https://www.mospi.gov.in/uploads/latestReleases/latest_release_1790590696008_1b346687-0a5f-445a-83a2-28283c586094_IIP_Press_Release_August_2026.pdf,7ca3d7b8a1fa698cd0eb10cf1b4104ce43bc63573b390231a69c673a28ac015c
2023-06,15,Manufacture of leather and related products,95.5,-4.5,Not specified,https://www.mospi.gov.in/uploads/latestReleases/latest_release_1790590696633_c0f8dc21-040f-4f5c-bfc1-63be2e5775d7_Indices_IIP_2022-23_Monthly_annual_Aug_2026.xlsx,2026-09-28,2026-10-09T06:00:15.558936+00:00,2022-23,NIC-2025,Output PPI,https://www.mospi.gov.in/uploads/latestReleases/latest_release_1790590696008_1b346687-0a5f-445a-83a2-28283c586094_IIP_Press_Release_August_2026.pdf,7ca3d7b8a1fa698cd0eb10cf1b4104ce43bc63573b390231a69c673a28ac015c
2023-06,16,"Manufacture of wood and products of wood and cork, except furniture; manufacture of articles of straw and plaiting materials",87.9,-12.099999999999994,Not specified,https://www.mospi.gov.in/uploads/latestReleases/latest_release_1790590696633_c0f8dc21-040f-4f5c-bfc1-63be2e5775d7_Indices_IIP_2022-23_Monthly_annual_Aug_2026.xlsx,2026-09-28,2026-10-09T06:00:15.558936+00:00,2022-23,NIC-2025,Output PPI,https://www.mospi.gov.in/uploads/latestReleases/latest_release_1790590696008_1b346687-0a5f-445a-83a2-28283c586094_IIP_Press_Release_August_2026.pdf,7ca3d7b8a1fa698cd0eb10cf1b4104ce43bc63573b390231a69c673a28ac015c
2023-06,17,Manufacture of paper and paper products,100.1,0.09999999999999432,Not specified,https://www.mospi.gov.in/uploads/latestReleases/latest_release_1790590696633_c0f8dc21-040f-4f5c-bfc1-63be2e5775d7_Indices_IIP_2022-23_Monthly_annual_Aug_2026.xlsx,2026-09-28,2026-10-09T06:00:15.558936+00:00,2022-23,NIC-2025,Output PPI,https://www.mospi.gov.in/uploads/latestReleases/latest_release_1790590696008_1b346687-0a5f-445a-83a2-28283c586094_IIP_Press_Release_August_2026.pdf,7ca3d7b8a1fa698cd0eb10cf1b4104ce43bc63573b390231a69c673a28ac015c
2023-06,18,Printing and reproduction of recorded media,88.8,-11.200000000000003,Not specified,https://www.mospi.gov.in/uploads/latestReleases/latest_release_1790590696633_c0f8dc21-040f-4f5c-bfc1-63be2e5775d7_Indices_IIP_2022-23_Monthly_annual_Aug_2026.xlsx,2026-09-28,2026-10-09T06:00:15.558936+00:00,2022-23,NIC-2025,Output PPI,https://www.mospi.gov.in/uploads/latestReleases/latest_release_1790590696008_1b346687-0a5f-445a-83a2-28283c586094_IIP_Press_Release_August_2026.pdf,7ca3d7b8a1fa698cd0eb10cf1b4104ce43bc63573b390231a69c673a28ac015c
2023-06,19,Manufacture of coke and refined petroleum products,104.5,4.5,Not specified,https://www.mospi.gov.in/uploads/latestReleases/latest_release_1790590696633_c0f8dc21-040f-4f5c-bfc1-63be2e5775d7_Indices_IIP_2022-23_Monthly_annual_Aug_2026.xlsx,2026-09-28,2026-10-09T06:00:15.558936+00:00,2022-23,NIC-2025,Output PPI,https://www.mospi.gov.in/uploads/latestReleases/latest_release_1790590696008_1b346687-0a5f-445a-83a2-28283c586094_IIP_Press_Release_August_2026.pdf,7ca3d7b8a1fa698cd0eb10cf1b4104ce43bc63573b390231a69c673a28ac015c
2023-06,20,Manufacture of chemicals and chemical products,103.0,3.0,Not specified,https://www.mospi.gov.in/uploads/latestReleases/latest_release_1790590696633_c0f8dc21-040f-4f5c-bfc1-63be2e5775d7_Indices_IIP_2022-23_Monthly_annual_Aug_2026.xlsx,2026-09-28,2026-10-09T06:00:15.558936+00:00,2022-23,NIC-2025,Output PPI,https://www.mospi.gov.in/uploads/latestReleases/latest_release_1790590696008_1b346687-0a5f-445a-83a2-28283c586094_IIP_Press_Release_August_2026.pdf,7ca3d7b8a1fa698cd0eb10cf1b4104ce43bc63573b390231a69c673a28ac015c
2023-06,21,Manufacture of basic pharmaceutical products and pharmaceutical preparations,113.0,13.0,Not specified,https://www.mospi.gov.in/uploads/latestReleases/latest_release_1790590696633_c0f8dc21-040f-4f5c-bfc1-63be2e5775d7_Indices_IIP_2022-23_Monthly_annual_Aug_2026.xlsx,2026-09-28,2026-10-09T06:00:15.558936+00:00,2022-23,NIC-2025,Output PPI,https://www.mospi.gov.in/uploads/latestReleases/latest_release_1790590696008_1b346687-0a5f-445a-83a2-28283c586094_IIP_Press_Release_August_2026.pdf,7ca3d7b8a1fa698cd0eb10cf1b4104ce43bc63573b390231a69c673a28ac015c
2023-06,22,Manufacture of rubber and plastics products,94.1,-5.900000000000006,Not specified,https://www.mospi.gov.in/uploads/latestReleases/latest_release_1790590696633_c0f8dc21-040f-4f5c-bfc1-63be2e5775d7_Indices_IIP_2022-23_Monthly_annual_Aug_2026.xlsx,2026-09-28,2026-10-09T06:00:15.558936+00:00,2022-23,NIC-2025,Output PPI,https://www.mospi.gov.in/uploads/latestReleases/latest_release_1790590696008_1b346687-0a5f-445a-83a2-28283c586094_IIP_Press_Release_August_2026.pdf,7ca3d7b8a1fa698cd0eb10cf1b4104ce43bc63573b390231a69c673a28ac015c
2023-06,23,Manufacture of other non-metallic mineral products,107.3,7.299999999999997,Not specified,https://www.mospi.gov.in/uploads/latestReleases/latest_release_1790590696633_c0f8dc21-040f-4f5c-bfc1-63be2e5775d7_Indices_IIP_2022-23_Monthly_annual_Aug_2026.xlsx,2026-09-28,2026-10-09T06:00:15.558936+00:00,2022-23,NIC-2025,Output PPI,https://www.mospi.gov.in/uploads/latestReleases/latest_release_1790590696008_1b346687-0a5f-445a-83a2-28283c586094_IIP_Press_Release_August_2026.pdf,7ca3d7b8a1fa698cd0eb10cf1b4104ce43bc63573b390231a69c673a28ac015c
2023-06,24,Manufacture of basic metals,106.1,6.099999999999994,Not specified,https://www.mospi.gov.in/uploads/latestReleases/latest_release_1790590696633_c0f8dc21-040f-4f5c-bfc1-63be2e5775d7_Indices_IIP_2022-23_Monthly_annual_Aug_2026.xlsx,2026-09-28,2026-10-09T06:00:15.558936+00:00,2022-23,NIC-2025,Output PPI,https://www.mospi.gov.in/uploads/latestReleases/latest_release_1790590696008_1b346687-0a5f-445a-83a2-28283c586094_IIP_Press_Release_August_2026.pdf,7ca3d7b8a1fa698cd0eb10cf1b4104ce43bc63573b390231a69c673a28ac015c
2023-06,25,"Manufacture of fabricated metal products, except machinery and equipment",101.4,1.4000000000000057,Not specified,https://www.mospi.gov.in/uploads/latestReleases/latest_release_1790590696633_c0f8dc21-040f-4f5c-bfc1-63be2e5775d7_Indices_IIP_2022-23_Monthly_annual_Aug_2026.xlsx,2026-09-28,2026-10-09T06:00:15.558936+00:00,2022-23,NIC-2025,Output PPI,https://www.mospi.gov.in/uploads/latestReleases/latest_release_1790590696008_1b346687-0a5f-445a-83a2-28283c586094_IIP_Press_Release_August_2026.pdf,7ca3d7b8a1fa698cd0eb10cf1b4104ce43bc63573b390231a69c673a28ac015c
2023-06,26,"Manufacture of computer, electronic and optical products",106.3,6.299999999999997,Not specified,https://www.mospi.gov.in/uploads/latestReleases/latest_release_1790590696633_c0f8dc21-040f-4f5c-bfc1-63be2e5775d7_Indices_IIP_2022-23_Monthly_annual_Aug_2026.xlsx,2026-09-28,2026-10-09T06:00:15.558936+00:00,2022-23,NIC-2025,Output PPI,https://www.mospi.gov.in/uploads/latestReleases/latest_release_1790590696008_1b346687-0a5f-445a-83a2-28283c586094_IIP_Press_Release_August_2026.pdf,7ca3d7b8a1fa698cd0eb10cf1b4104ce43bc63573b390231a69c673a28ac015c
2023-06,27,Manufacture of electrical equipment,101.7,1.7000000000000028,Not specified,https://www.mospi.gov.in/uploads/latestReleases/latest_release_1790590696633_c0f8dc21-040f-4f5c-bfc1-63be2e5775d7_Indices_IIP_2022-23_Monthly_annual_Aug_2026.xlsx,2026-09-28,2026-10-09T06:00:15.558936+00:00,2022-23,NIC-2025,Output PPI,https://www.mospi.gov.in/uploads/latestReleases/latest_release_1790590696008_1b346687-0a5f-445a-83a2-28283c586094_IIP_Press_Release_August_2026.pdf,7ca3d7b8a1fa698cd0eb10cf1b4104ce43bc63573b390231a69c673a28ac015c
2023-06,28,Manufacture of machinery and equipment n.e.c.,108.0,8.0,Not specified,https://www.mospi.gov.in/uploads/latestReleases/latest_release_1790590696633_c0f8dc21-040f-4f5c-bfc1-63be2e5775d7_Indices_IIP_2022-23_Monthly_annual_Aug_2026.xlsx,2026-09-28,2026-10-09T06:00:15.558936+00:00,2022-23,NIC-2025,Output PPI,https://www.mospi.gov.in/uploads/latestReleases/latest_release_1790590696008_1b346687-0a5f-445a-83a2-28283c586094_IIP_Press_Release_August_2026.pdf,7ca3d7b8a1fa698cd0eb10cf1b4104ce43bc63573b390231a69c673a28ac015c
2023-06,29,"Manufacture of motor vehicles, trailers and semi-trailers",104.2,4.200000000000003,Not specified,https://www.mospi.gov.in/uploads/latestReleases/latest_release_1790590696633_c0f8dc21-040f-4f5c-bfc1-63be2e5775d7_Indices_IIP_2022-23_Monthly_annual_Aug_2026.xlsx,2026-09-28,2026-10-09T06:00:15.558936+00:00,2022-23,NIC-2025,Output PPI,https://www.mospi.gov.in/uploads/latestReleases/latest_release_1790590696008_1b346687-0a5f-445a-83a2-28283c586094_IIP_Press_Release_August_2026.pdf,7ca3d7b8a1fa698cd0eb10cf1b4104ce43bc63573b390231a69c673a28ac015c
2023-06,30,Manufacture of other transport equipment,113.8,13.799999999999997,Not specified,https://www.mospi.gov.in/uploads/latestReleases/latest_release_1790590696633_c0f8dc21-040f-4f5c-bfc1-63be2e5775d7_Indices_IIP_2022-23_Monthly_annual_Aug_2026.xlsx,2026-09-28,2026-10-09T06:00:15.558936+00:00,2022-23,NIC-2025,Output PPI,https://www.mospi.gov.in/uploads/latestReleases/latest_release_1790590696008_1b346687-0a5f-445a-83a2-28283c586094_IIP_Press_Release_August_2026.pdf,7ca3d7b8a1fa698cd0eb10cf1b4104ce43bc63573b390231a69c673a28ac015c
2023-06,31,Manufacture of furniture,95.0,-5.0,Not specified,https://www.mospi.gov.in/uploads/latestReleases/latest_release_1790590696633_c0f8dc21-040f-4f5c-bfc1-63be2e5775d7_Indices_IIP_2022-23_Monthly_annual_Aug_2026.xlsx,2026-09-28,2026-10-09T06:00:15.558936+00:00,2022-23,NIC-2025,Output PPI,https://www.mospi.gov.in/uploads/latestReleases/latest_release_1790590696008_1b346687-0a5f-445a-83a2-28283c586094_IIP_Press_Release_August_2026.pdf,7ca3d7b8a1fa698cd0eb10cf1b4104ce43bc63573b390231a69c673a28ac015c
2023-06,32,Other manufacturing,101.1,1.0999999999999943,Not specified,https://www.mospi.gov.in/uploads/latestReleases/latest_release_1790590696633_c0f8dc21-040f-4f5c-bfc1-63be2e5775d7_Indices_IIP_2022-23_Monthly_annual_Aug_2026.xlsx,2026-09-28,2026-10-09T06:00:15.558936+00:00,2022-23,NIC-2025,Output PPI,https://www.mospi.gov.in/uploads/latestReleases/latest_release_1790590696008_1b346687-0a5f-445a-83a2-28283c586094_IIP_Press_Release_August_2026.pdf,7ca3d7b8a1fa698cd0eb10cf1b4104ce43bc63573b390231a69c673a28ac015c
2023-07,10,Manufacture of food products,97.3,-2.700000000000003,Not specified,https://www.mospi.gov.in/uploads/latestReleases/latest_release_1790590696633_c0f8dc21-040f-4f5c-bfc1-63be2e5775d7_Indices_IIP_2022-23_Monthly_annual_Aug_2026.xlsx,2026-09-28,2026-10-09T06:00:15.558936+00:00,2022-23,NIC-2025,Output PPI,https://www.mospi.gov.in/uploads/latestReleases/latest_release_1790590696008_1b346687-0a5f-445a-83a2-28283c586094_IIP_Press_Release_August_2026.pdf,7ca3d7b8a1fa698cd0eb10cf1b4104ce43bc63573b390231a69c673a28ac015c
2023-07,11,Manufacture of beverages,111.2,11.200000000000003,Not specified,https://www.mospi.gov.in/uploads/latestReleases/latest_release_1790590696633_c0f8dc21-040f-4f5c-bfc1-63be2e5775d7_Indices_IIP_2022-23_Monthly_annual_Aug_2026.xlsx,2026-09-28,2026-10-09T06:00:15.558936+00:00,2022-23,NIC-2025,Output PPI,https://www.mospi.gov.in/uploads/latestReleases/latest_release_1790590696008_1b346687-0a5f-445a-83a2-28283c586094_IIP_Press_Release_August_2026.pdf,7ca3d7b8a1fa698cd0eb10cf1b4104ce43bc63573b390231a69c673a28ac015c
2023-07,12,Manufacture of tobacco products,99.5,-0.5,Not specified,https://www.mospi.gov.in/uploads/latestReleases/latest_release_1790590696633_c0f8dc21-040f-4f5c-bfc1-63be2e5775d7_Indices_IIP_2022-23_Monthly_annual_Aug_2026.xlsx,2026-09-28,2026-10-09T06:00:15.558936+00:00,2022-23,NIC-2025,Output PPI,https://www.mospi.gov.in/uploads/latestReleases/latest_release_1790590696008_1b346687-0a5f-445a-83a2-28283c586094_IIP_Press_Release_August_2026.pdf,7ca3d7b8a1fa698cd0eb10cf1b4104ce43bc63573b390231a69c673a28ac015c
2023-07,13,Manufacture of textiles,108.8,8.799999999999997,Not specified,https://www.mospi.gov.in/uploads/latestReleases/latest_release_1790590696633_c0f8dc21-040f-4f5c-bfc1-63be2e5775d7_Indices_IIP_2022-23_Monthly_annual_Aug_2026.xlsx,2026-09-28,2026-10-09T06:00:15.558936+00:00,2022-23,NIC-2025,Output PPI,https://www.mospi.gov.in/uploads/latestReleases/latest_release_1790590696008_1b346687-0a5f-445a-83a2-28283c586094_IIP_Press_Release_August_2026.pdf,7ca3d7b8a1fa698cd0eb10cf1b4104ce43bc63573b390231a69c673a28ac015c
2023-07,14,Manufacture of wearing apparel,88.3,-11.700000000000003,Not specified,https://www.mospi.gov.in/uploads/latestReleases/latest_release_1790590696633_c0f8dc21-040f-4f5c-bfc1-63be2e5775d7_Indices_IIP_2022-23_Monthly_annual_Aug_2026.xlsx,2026-09-28,2026-10-09T06:00:15.558936+00:00,2022-23,NIC-2025,Output PPI,https://www.mospi.gov.in/uploads/latestReleases/latest_release_1790590696008_1b346687-0a5f-445a-83a2-28283c586094_IIP_Press_Release_August_2026.pdf,7ca3d7b8a1fa698cd0eb10cf1b4104ce43bc63573b390231a69c673a28ac015c
2023-07,15,Manufacture of leather and related products,89.8,-10.200000000000003,Not specified,https://www.mospi.gov.in/uploads/latestReleases/latest_release_1790590696633_c0f8dc21-040f-4f5c-bfc1-63be2e5775d7_Indices_IIP_2022-23_Monthly_annual_Aug_2026.xlsx,2026-09-28,2026-10-09T06:00:15.558936+00:00,2022-23,NIC-2025,Output PPI,https://www.mospi.gov.in/uploads/latestReleases/latest_release_1790590696008_1b346687-0a5f-445a-83a2-28283c586094_IIP_Press_Release_August_2026.pdf,7ca3d7b8a1fa698cd0eb10cf1b4104ce43bc63573b390231a69c673a28ac015c
2023-07,16,"Manufacture of wood and products of wood and cork, except furniture; manufacture of articles of straw and plaiting materials",94.4,-5.599999999999994,Not specified,https://www.mospi.gov.in/uploads/latestReleases/latest_release_1790590696633_c0f8dc21-040f-4f5c-bfc1-63be2e5775d7_Indices_IIP_2022-23_Monthly_annual_Aug_2026.xlsx,2026-09-28,2026-10-09T06:00:15.558936+00:00,2022-23,NIC-2025,Output PPI,https://www.mospi.gov.in/uploads/latestReleases/latest_release_1790590696008_1b346687-0a5f-445a-83a2-28283c586094_IIP_Press_Release_August_2026.pdf,7ca3d7b8a1fa698cd0eb10cf1b4104ce43bc63573b390231a69c673a28ac015c
2023-07,17,Manufacture of paper and paper products,104.3,4.299999999999997,Not specified,https://www.mospi.gov.in/uploads/latestReleases/latest_release_1790590696633_c0f8dc21-040f-4f5c-bfc1-63be2e5775d7_Indices_IIP_2022-23_Monthly_annual_Aug_2026.xlsx,2026-09-28,2026-10-09T06:00:15.558936+00:00,2022-23,NIC-2025,Output PPI,https://www.mospi.gov.in/uploads/latestReleases/latest_release_1790590696008_1b346687-0a5f-445a-83a2-28283c586094_IIP_Press_Release_August_2026.pdf,7ca3d7b8a1fa698cd0eb10cf1b4104ce43bc63573b390231a69c673a28ac015c
2023-07,18,Printing and reproduction of recorded media,95.8,-4.200000000000003,Not specified,https://www.mospi.gov.in/uploads/latestReleases/latest_release_1790590696633_c0f8dc21-040f-4f5c-bfc1-63be2e5775d7_Indices_IIP_2022-23_Monthly_annual_Aug_2026.xlsx,2026-09-28,2026-10-09T06:00:15.558936+00:00,2022-23,NIC-2025,Output PPI,https://www.mospi.gov.in/uploads/latestReleases/latest_release_1790590696008_1b346687-0a5f-445a-83a2-28283c586094_IIP_Press_Release_August_2026.pdf,7ca3d7b8a1fa698cd0eb10cf1b4104ce43bc63573b390231a69c673a28ac015c
2023-07,19,Manufacture of coke and refined petroleum products,103.6,3.5999999999999943,Not specified,https://www.mospi.gov.in/uploads/latestReleases/latest_release_1790590696633_c0f8dc21-040f-4f5c-bfc1-63be2e5775d7_Indices_IIP_2022-23_Monthly_annual_Aug_2026.xlsx,2026-09-28,2026-10-09T06:00:15.558936+00:00,2022-23,NIC-2025,Output PPI,https://www.mospi.gov.in/uploads/latestReleases/latest_release_1790590696008_1b346687-0a5f-445a-83a2-28283c586094_IIP_Press_Release_August_2026.pdf,7ca3d7b8a1fa698cd0eb10cf1b4104ce43bc63573b390231a69c673a28ac015c
2023-07,20,Manufacture of chemicals and chemical products,106.2,6.200000000000003,Not specified,https://www.mospi.gov.in/uploads/latestReleases/latest_release_1790590696633_c0f8dc21-040f-4f5c-bfc1-63be2e5775d7_Indices_IIP_2022-23_Monthly_annual_Aug_2026.xlsx,2026-09-28,2026-10-09T06:00:15.558936+00:00,2022-23,NIC-2025,Output PPI,https://www.mospi.gov.in/uploads/latestReleases/latest_release_1790590696008_1b346687-0a5f-445a-83a2-28283c586094_IIP_Press_Release_August_2026.pdf,7ca3d7b8a1fa698cd0eb10cf1b4104ce43bc63573b390231a69c673a28ac015c
2023-07,21,Manufacture of basic pharmaceutical products and pharmaceutical preparations,109.4,9.400000000000006,Not specified,https://www.mospi.gov.in/uploads/latestReleases/latest_release_1790590696633_c0f8dc21-040f-4f5c-bfc1-63be2e5775d7_Indices_IIP_2022-23_Monthly_annual_Aug_2026.xlsx,2026-09-28,2026-10-09T06:00:15.558936+00:00,2022-23,NIC-2025,Output PPI,https://www.mospi.gov.in/uploads/latestReleases/latest_release_1790590696008_1b346687-0a5f-445a-83a2-28283c586094_IIP_Press_Release_August_2026.pdf,7ca3d7b8a1fa698cd0eb10cf1b4104ce43bc63573b390231a69c673a28ac015c
2023-07,22,Manufacture of rubber and plastics products,98.5,-1.5,Not specified,https://www.mospi.gov.in/uploads/latestReleases/latest_release_1790590696633_c0f8dc21-040f-4f5c-bfc1-63be2e5775d7_Indices_IIP_2022-23_Monthly_annual_Aug_2026.xlsx,2026-09-28,2026-10-09T06:00:15.558936+00:00,2022-23,NIC-2025,Output PPI,https://www.mospi.gov.in/uploads/latestReleases/latest_release_1790590696008_1b346687-0a5f-445a-83a2-28283c586094_IIP_Press_Release_August_2026.pdf,7ca3d7b8a1fa698cd0eb10cf1b4104ce43bc63573b390231a69c673a28ac015c
2023-07,23,Manufacture of other non-metallic mineral products,98.3,-1.7000000000000028,Not specified,https://www.mospi.gov.in/uploads/latestReleases/latest_release_1790590696633_c0f8dc21-040f-4f5c-bfc1-63be2e5775d7_Indices_IIP_2022-23_Monthly_annual_Aug_2026.xlsx,2026-09-28,2026-10-09T06:00:15.558936+00:00,2022-23,NIC-2025,Output PPI,https://www.mospi.gov.in/uploads/latestReleases/latest_release_1790590696008_1b346687-0a5f-445a-83a2-28283c586094_IIP_Press_Release_August_2026.pdf,7ca3d7b8a1fa698cd0eb10cf1b4104ce43bc63573b390231a69c673a28ac015c
2023-07,24,Manufacture of basic metals,108.6,8.599999999999994,Not specified,https://www.mospi.gov.in/uploads/latestReleases/latest_release_1790590696633_c0f8dc21-040f-4f5c-bfc1-63be2e5775d7_Indices_IIP_2022-23_Monthly_annual_Aug_2026.xlsx,2026-09-28,2026-10-09T06:00:15.558936+00:00,2022-23,NIC-2025,Output PPI,https://www.mospi.gov.in/uploads/latestReleases/latest_release_1790590696008_1b346687-0a5f-445a-83a2-28283c586094_IIP_Press_Release_August_2026.pdf,7ca3d7b8a1fa698cd0eb10cf1b4104ce43bc63573b390231a69c673a28ac015c
2023-07,25,"Manufacture of fabricated metal products, except machinery and equipment",101.4,1.4000000000000057,Not specified,https://www.mospi.gov.in/uploads/latestReleases/latest_release_1790590696633_c0f8dc21-040f-4f5c-bfc1-63be2e5775d7_Indices_IIP_2022-23_Monthly_annual_Aug_2026.xlsx,2026-09-28,2026-10-09T06:00:15.558936+00:00,2022-23,NIC-2025,Output PPI,https://www.mospi.gov.in/uploads/latestReleases/latest_release_1790590696008_1b346687-0a5f-445a-83a2-28283c586094_IIP_Press_Release_August_2026.pdf,7ca3d7b8a1fa698cd0eb10cf1b4104ce43bc63573b390231a69c673a28ac015c
2023-07,26,"Manufacture of computer, electronic and optical products",115.5,15.5,Not specified,https://www.mospi.gov.in/uploads/latestReleases/latest_release_1790590696633_c0f8dc21-040f-4f5c-bfc1-63be2e5775d7_Indices_IIP_2022-23_Monthly_annual_Aug_2026.xlsx,2026-09-28,2026-10-09T06:00:15.558936+00:00,2022-23,NIC-2025,Output PPI,https://www.mospi.gov.in/uploads/latestReleases/latest_release_1790590696008_1b346687-0a5f-445a-83a2-28283c586094_IIP_Press_Release_August_2026.pdf,7ca3d7b8a1fa698cd0eb10cf1b4104ce43bc63573b390231a69c673a28ac015c
2023-07,27,Manufacture of electrical equipment,102.0,2.0,Not specified,https://www.mospi.gov.in/uploads/latestReleases/latest_release_1790590696633_c0f8dc21-040f-4f5c-bfc1-63be2e5775d7_Indices_IIP_2022-23_Monthly_annual_Aug_2026.xlsx,2026-09-28,2026-10-09T06:00:15.558936+00:00,2022-23,NIC-2025,Output PPI,https://www.mospi.gov.in/uploads/latestReleases/latest_release_1790590696008_1b346687-0a5f-445a-83a2-28283c586094_IIP_Press_Release_August_2026.pdf,7ca3d7b8a1fa698cd0eb10cf1b4104ce43bc63573b390231a69c673a28ac015c
2023-07,28,Manufacture of machinery and equipment n.e.c.,99.8,-0.20000000000000284,Not specified,https://www.mospi.gov.in/uploads/latestReleases/latest_release_1790590696633_c0f8dc21-040f-4f5c-bfc1-63be2e5775d7_Indices_IIP_2022-23_Monthly_annual_Aug_2026.xlsx,2026-09-28,2026-10-09T06:00:15.558936+00:00,2022-23,NIC-2025,Output PPI,https://www.mospi.gov.in/uploads/latestReleases/latest_release_1790590696008_1b346687-0a5f-445a-83a2-28283c586094_IIP_Press_Release_August_2026.pdf,7ca3d7b8a1fa698cd0eb10cf1b4104ce43bc63573b390231a69c673a28ac015c
2023-07,29,"Manufacture of motor vehicles, trailers and semi-trailers",112.4,12.400000000000006,Not specified,https://www.mospi.gov.in/uploads/latestReleases/latest_release_1790590696633_c0f8dc21-040f-4f5c-bfc1-63be2e5775d7_Indices_IIP_2022-23_Monthly_annual_Aug_2026.xlsx,2026-09-28,2026-10-09T06:00:15.558936+00:00,2022-23,NIC-2025,Output PPI,https://www.mospi.gov.in/uploads/latestReleases/latest_release_1790590696008_1b346687-0a5f-445a-83a2-28283c586094_IIP_Press_Release_August_2026.pdf,7ca3d7b8a1fa698cd0eb10cf1b4104ce43bc63573b390231a69c673a28ac015c
2023-07,30,Manufacture of other transport equipment,109.8,9.799999999999997,Not specified,https://www.mospi.gov.in/uploads/latestReleases/latest_release_1790590696633_c0f8dc21-040f-4f5c-bfc1-63be2e5775d7_Indices_IIP_2022-23_Monthly_annual_Aug_2026.xlsx,2026-09-28,2026-10-09T06:00:15.558936+00:00,2022-23,NIC-2025,Output PPI,https://www.mospi.gov.in/uploads/latestReleases/latest_release_1790590696008_1b346687-0a5f-445a-83a2-28283c586094_IIP_Press_Release_August_2026.pdf,7ca3d7b8a1fa698cd0eb10cf1b4104ce43bc63573b390231a69c673a28ac015c
2023-07,31,Manufacture of furniture,94.0,-6.0,Not specified,https://www.mospi.gov.in/uploads/latestReleases/latest_release_1790590696633_c0f8dc21-040f-4f5c-bfc1-63be2e5775d7_Indices_IIP_2022-23_Monthly_annual_Aug_2026.xlsx,2026-09-28,2026-10-09T06:00:15.558936+00:00,2022-23,NIC-2025,Output PPI,https://www.mospi.gov.in/uploads/latestReleases/latest_release_1790590696008_1b346687-0a5f-445a-83a2-28283c586094_IIP_Press_Release_August_2026.pdf,7ca3d7b8a1fa698cd0eb10cf1b4104ce43bc63573b390231a69c673a28ac015c
2023-07,32,Other manufacturing,111.8,11.799999999999997,Not specified,https://www.mospi.gov.in/uploads/latestReleases/latest_release_1790590696633_c0f8dc21-040f-4f5c-bfc1-63be2e5775d7_Indices_IIP_2022-23_Monthly_annual_Aug_2026.xlsx,2026-09-28,2026-10-09T06:00:15.558936+00:00,2022-23,NIC-2025,Output PPI,https://www.mospi.gov.in/uploads/latestReleases/latest_release_1790590696008_1b346687-0a5f-445a-83a2-28283c586094_IIP_Press_Release_August_2026.pdf,7ca3d7b8a1fa698cd0eb10cf1b4104ce43bc63573b390231a69c673a28ac015c
2023-08,10,Manufacture of food products,99.2,-0.7999999999999972,Not specified,https://www.mospi.gov.in/uploads/latestReleases/latest_release_1790590696633_c0f8dc21-040f-4f5c-bfc1-63be2e5775d7_Indices_IIP_2022-23_Monthly_annual_Aug_2026.xlsx,2026-09-28,2026-10-09T06:00:15.558936+00:00,2022-23,NIC-2025,Output PPI,https://www.mospi.gov.in/uploads/latestReleases/latest_release_1790590696008_1b346687-0a5f-445a-83a2-28283c586094_IIP_Press_Release_August_2026.pdf,7ca3d7b8a1fa698cd0eb10cf1b4104ce43bc63573b390231a69c673a28ac015c
2023-08,11,Manufacture of beverages,108.9,8.900000000000006,Not specified,https://www.mospi.gov.in/uploads/latestReleases/latest_release_1790590696633_c0f8dc21-040f-4f5c-bfc1-63be2e5775d7_Indices_IIP_2022-23_Monthly_annual_Aug_2026.xlsx,2026-09-28,2026-10-09T06:00:15.558936+00:00,2022-23,NIC-2025,Output PPI,https://www.mospi.gov.in/uploads/latestReleases/latest_release_1790590696008_1b346687-0a5f-445a-83a2-28283c586094_IIP_Press_Release_August_2026.pdf,7ca3d7b8a1fa698cd0eb10cf1b4104ce43bc63573b390231a69c673a28ac015c
2023-08,12,Manufacture of tobacco products,107.0,7.0,Not specified,https://www.mospi.gov.in/uploads/latestReleases/latest_release_1790590696633_c0f8dc21-040f-4f5c-bfc1-63be2e5775d7_Indices_IIP_2022-23_Monthly_annual_Aug_2026.xlsx,2026-09-28,2026-10-09T06:00:15.558936+00:00,2022-23,NIC-2025,Output PPI,https://www.mospi.gov.in/uploads/latestReleases/latest_release_1790590696008_1b346687-0a5f-445a-83a2-28283c586094_IIP_Press_Release_August_2026.pdf,7ca3d7b8a1fa698cd0eb10cf1b4104ce43bc63573b390231a69c673a28ac015c
2023-08,13,Manufacture of textiles,110.9,10.900000000000006,Not specified,https://www.mospi.gov.in/uploads/latestReleases/latest_release_1790590696633_c0f8dc21-040f-4f5c-bfc1-63be2e5775d7_Indices_IIP_2022-23_Monthly_annual_Aug_2026.xlsx,2026-09-28,2026-10-09T06:00:15.558936+00:00,2022-23,NIC-2025,Output PPI,https://www.mospi.gov.in/uploads/latestReleases/latest_release_1790590696008_1b346687-0a5f-445a-83a2-28283c586094_IIP_Press_Release_August_2026.pdf,7ca3d7b8a1fa698cd0eb10cf1b4104ce43bc63573b390231a69c673a28ac015c
2023-08,14,Manufacture of wearing apparel,88.5,-11.5,Not specified,https://www.mospi.gov.in/uploads/latestReleases/latest_release_1790590696633_c0f8dc21-040f-4f5c-bfc1-63be2e5775d7_Indices_IIP_2022-23_Monthly_annual_Aug_2026.xlsx,2026-09-28,2026-10-09T06:00:15.558936+00:00,2022-23,NIC-2025,Output PPI,https://www.mospi.gov.in/uploads/latestReleases/latest_release_1790590696008_1b346687-0a5f-445a-83a2-28283c586094_IIP_Press_Release_August_2026.pdf,7ca3d7b8a1fa698cd0eb10cf1b4104ce43bc63573b390231a69c673a28ac015c
2023-08,15,Manufacture of leather and related products,91.3,-8.700000000000003,Not specified,https://www.mospi.gov.in/uploads/latestReleases/latest_release_1790590696633_c0f8dc21-040f-4f5c-bfc1-63be2e5775d7_Indices_IIP_2022-23_Monthly_annual_Aug_2026.xlsx,2026-09-28,2026-10-09T06:00:15.558936+00:00,2022-23,NIC-2025,Output PPI,https://www.mospi.gov.in/uploads/latestReleases/latest_release_1790590696008_1b346687-0a5f-445a-83a2-28283c586094_IIP_Press_Release_August_2026.pdf,7ca3d7b8a1fa698cd0eb10cf1b4104ce43bc63573b390231a69c673a28ac015c
2023-08,16,"Manufacture of wood and products of wood and cork, except furniture; manufacture of articles of straw and plaiting materials",92.2,-7.799999999999997,Not specified,https://www.mospi.gov.in/uploads/latestReleases/latest_release_1790590696633_c0f8dc21-040f-4f5c-bfc1-63be2e5775d7_Indices_IIP_2022-23_Monthly_annual_Aug_2026.xlsx,2026-09-28,2026-10-09T06:00:15.558936+00:00,2022-23,NIC-2025,Output PPI,https://www.mospi.gov.in/uploads/latestReleases/latest_release_1790590696008_1b346687-0a5f-445a-83a2-28283c586094_IIP_Press_Release_August_2026.pdf,7ca3d7b8a1fa698cd0eb10cf1b4104ce43bc63573b390231a69c673a28ac015c
2023-08,17,Manufacture of paper and paper products,104.7,4.700000000000003,Not specified,https://www.mospi.gov.in/uploads/latestReleases/latest_release_1790590696633_c0f8dc21-040f-4f5c-bfc1-63be2e5775d7_Indices_IIP_2022-23_Monthly_annual_Aug_2026.xlsx,2026-09-28,2026-10-09T06:00:15.558936+00:00,2022-23,NIC-2025,Output PPI,https://www.mospi.gov.in/uploads/latestReleases/latest_release_1790590696008_1b346687-0a5f-445a-83a2-28283c586094_IIP_Press_Release_August_2026.pdf,7ca3d7b8a1fa698cd0eb10cf1b4104ce43bc63573b390231a69c673a28ac015c
2023-08,18,Printing and reproduction of recorded media,90.5,-9.5,Not specified,https://www.mospi.gov.in/uploads/latestReleases/latest_release_1790590696633_c0f8dc21-040f-4f5c-bfc1-63be2e5775d7_Indices_IIP_2022-23_Monthly_annual_Aug_2026.xlsx,2026-09-28,2026-10-09T06:00:15.558936+00:00,2022-23,NIC-2025,Output PPI,https://www.mospi.gov.in/uploads/latestReleases/latest_release_1790590696008_1b346687-0a5f-445a-83a2-28283c586094_IIP_Press_Release_August_2026.pdf,7ca3d7b8a1fa698cd0eb10cf1b4104ce43bc63573b390231a69c673a28ac015c
2023-08,19,Manufacture of coke and refined petroleum products,100.1,0.09999999999999432,Not specified,https://www.mospi.gov.in/uploads/latestReleases/latest_release_1790590696633_c0f8dc21-040f-4f5c-bfc1-63be2e5775d7_Indices_IIP_2022-23_Monthly_annual_Aug_2026.xlsx,2026-09-28,2026-10-09T06:00:15.558936+00:00,2022-23,NIC-2025,Output PPI,https://www.mospi.gov.in/uploads/latestReleases/latest_release_1790590696008_1b346687-0a5f-445a-83a2-28283c586094_IIP_Press_Release_August_2026.pdf,7ca3d7b8a1fa698cd0eb10cf1b4104ce43bc63573b390231a69c673a28ac015c
2023-08,20,Manufacture of chemicals and chemical products,108.1,8.099999999999994,Not specified,https://www.mospi.gov.in/uploads/latestReleases/latest_release_1790590696633_c0f8dc21-040f-4f5c-bfc1-63be2e5775d7_Indices_IIP_2022-23_Monthly_annual_Aug_2026.xlsx,2026-09-28,2026-10-09T06:00:15.558936+00:00,2022-23,NIC-2025,Output PPI,https://www.mospi.gov.in/uploads/latestReleases/latest_release_1790590696008_1b346687-0a5f-445a-83a2-28283c586094_IIP_Press_Release_August_2026.pdf,7ca3d7b8a1fa698cd0eb10cf1b4104ce43bc63573b390231a69c673a28ac015c
2023-08,21,Manufacture of basic pharmaceutical products and pharmaceutical preparations,116.9,16.900000000000006,Not specified,https://www.mospi.gov.in/uploads/latestReleases/latest_release_1790590696633_c0f8dc21-040f-4f5c-bfc1-63be2e5775d7_Indices_IIP_2022-23_Monthly_annual_Aug_2026.xlsx,2026-09-28,2026-10-09T06:00:15.558936+00:00,2022-23,NIC-2025,Output PPI,https://www.mospi.gov.in/uploads/latestReleases/latest_release_1790590696008_1b346687-0a5f-445a-83a2-28283c586094_IIP_Press_Release_August_2026.pdf,7ca3d7b8a1fa698cd0eb10cf1b4104ce43bc63573b390231a69c673a28ac015c
2023-08,22,Manufacture of rubber and plastics products,99.2,-0.7999999999999972,Not specified,https://www.mospi.gov.in/uploads/latestReleases/latest_release_1790590696633_c0f8dc21-040f-4f5c-bfc1-63be2e5775d7_Indices_IIP_2022-23_Monthly_annual_Aug_2026.xlsx,2026-09-28,2026-10-09T06:00:15.558936+00:00,2022-23,NIC-2025,Output PPI,https://www.mospi.gov.in/uploads/latestReleases/latest_release_1790590696008_1b346687-0a5f-445a-83a2-28283c586094_IIP_Press_Release_August_2026.pdf,7ca3d7b8a1fa698cd0eb10cf1b4104ce43bc63573b390231a69c673a28ac015c
2023-08,23,Manufacture of other non-metallic mineral products,104.7,4.700000000000003,Not specified,https://www.mospi.gov.in/uploads/latestReleases/latest_release_1790590696633_c0f8dc21-040f-4f5c-bfc1-63be2e5775d7_Indices_IIP_2022-23_Monthly_annual_Aug_2026.xlsx,2026-09-28,2026-10-09T06:00:15.558936+00:00,2022-23,NIC-2025,Output PPI,https://www.mospi.gov.in/uploads/latestReleases/latest_release_1790590696008_1b346687-0a5f-445a-83a2-28283c586094_IIP_Press_Release_August_2026.pdf,7ca3d7b8a1fa698cd0eb10cf1b4104ce43bc63573b390231a69c673a28ac015c
2023-08,24,Manufacture of basic metals,113.1,13.099999999999994,Not specified,https://www.mospi.gov.in/uploads/latestReleases/latest_release_1790590696633_c0f8dc21-040f-4f5c-bfc1-63be2e5775d7_Indices_IIP_2022-23_Monthly_annual_Aug_2026.xlsx,2026-09-28,2026-10-09T06:00:15.558936+00:00,2022-23,NIC-2025,Output PPI,https://www.mospi.gov.in/uploads/latestReleases/latest_release_1790590696008_1b346687-0a5f-445a-83a2-28283c586094_IIP_Press_Release_August_2026.pdf,7ca3d7b8a1fa698cd0eb10cf1b4104ce43bc63573b390231a69c673a28ac015c
2023-08,25,"Manufacture of fabricated metal products, except machinery and equipment",107.3,7.299999999999997,Not specified,https://www.mospi.gov.in/uploads/latestReleases/latest_release_1790590696633_c0f8dc21-040f-4f5c-bfc1-63be2e5775d7_Indices_IIP_2022-23_Monthly_annual_Aug_2026.xlsx,2026-09-28,2026-10-09T06:00:15.558936+00:00,2022-23,NIC-2025,Output PPI,https://www.mospi.gov.in/uploads/latestReleases/latest_release_1790590696008_1b346687-0a5f-445a-83a2-28283c586094_IIP_Press_Release_August_2026.pdf,7ca3d7b8a1fa698cd0eb10cf1b4104ce43bc63573b390231a69c673a28ac015c
2023-08,26,"Manufacture of computer, electronic and optical products",126.0,26.0,Not specified,https://www.mospi.gov.in/uploads/latestReleases/latest_release_1790590696633_c0f8dc21-040f-4f5c-bfc1-63be2e5775d7_Indices_IIP_2022-23_Monthly_annual_Aug_2026.xlsx,2026-09-28,2026-10-09T06:00:15.558936+00:00,2022-23,NIC-2025,Output PPI,https://www.mospi.gov.in/uploads/latestReleases/latest_release_1790590696008_1b346687-0a5f-445a-83a2-28283c586094_IIP_Press_Release_August_2026.pdf,7ca3d7b8a1fa698cd0eb10cf1b4104ce43bc63573b390231a69c673a28ac015c
2023-08,27,Manufacture of electrical equipment,115.9,15.900000000000006,Not specified,https://www.mospi.gov.in/uploads/latestReleases/latest_release_1790590696633_c0f8dc21-040f-4f5c-bfc1-63be2e5775d7_Indices_IIP_2022-23_Monthly_annual_Aug_2026.xlsx,2026-09-28,2026-10-09T06:00:15.558936+00:00,2022-23,NIC-2025,Output PPI,https://www.mospi.gov.in/uploads/latestReleases/latest_release_1790590696008_1b346687-0a5f-445a-83a2-28283c586094_IIP_Press_Release_August_2026.pdf,7ca3d7b8a1fa698cd0eb10cf1b4104ce43bc63573b390231a69c673a28ac015c
2023-08,28,Manufacture of machinery and equipment n.e.c.,109.1,9.099999999999994,Not specified,https://www.mospi.gov.in/uploads/latestReleases/latest_release_1790590696633_c0f8dc21-040f-4f5c-bfc1-63be2e5775d7_Indices_IIP_2022-23_Monthly_annual_Aug_2026.xlsx,2026-09-28,2026-10-09T06:00:15.558936+00:00,2022-23,NIC-2025,Output PPI,https://www.mospi.gov.in/uploads/latestReleases/latest_release_1790590696008_1b346687-0a5f-445a-83a2-28283c586094_IIP_Press_Release_August_2026.pdf,7ca3d7b8a1fa698cd0eb10cf1b4104ce43bc63573b390231a69c673a28ac015c
2023-08,29,"Manufacture of motor vehicles, trailers and semi-trailers",114.1,14.099999999999994,Not specified,https://www.mospi.gov.in/uploads/latestReleases/latest_release_1790590696633_c0f8dc21-040f-4f5c-bfc1-63be2e5775d7_Indices_IIP_2022-23_Monthly_annual_Aug_2026.xlsx,2026-09-28,2026-10-09T06:00:15.558936+00:00,2022-23,NIC-2025,Output PPI,https://www.mospi.gov.in/uploads/latestReleases/latest_release_1790590696008_1b346687-0a5f-445a-83a2-28283c586094_IIP_Press_Release_August_2026.pdf,7ca3d7b8a1fa698cd0eb10cf1b4104ce43bc63573b390231a69c673a28ac015c
2023-08,30,Manufacture of other transport equipment,119.8,19.799999999999997,Not specified,https://www.mospi.gov.in/uploads/latestReleases/latest_release_1790590696633_c0f8dc21-040f-4f5c-bfc1-63be2e5775d7_Indices_IIP_2022-23_Monthly_annual_Aug_2026.xlsx,2026-09-28,2026-10-09T06:00:15.558936+00:00,2022-23,NIC-2025,Output PPI,https://www.mospi.gov.in/uploads/latestReleases/latest_release_1790590696008_1b346687-0a5f-445a-83a2-28283c586094_IIP_Press_Release_August_2026.pdf,7ca3d7b8a1fa698cd0eb10cf1b4104ce43bc63573b390231a69c673a28ac015c
2023-08,31,Manufacture of furniture,97.6,-2.4000000000000057,Not specified,https://www.mospi.gov.in/uploads/latestReleases/latest_release_1790590696633_c0f8dc21-040f-4f5c-bfc1-63be2e5775d7_Indices_IIP_2022-23_Monthly_annual_Aug_2026.xlsx,2026-09-28,2026-10-09T06:00:15.558936+00:00,2022-23,NIC-2025,Output PPI,https://www.mospi.gov.in/uploads/latestReleases/latest_release_1790590696008_1b346687-0a5f-445a-83a2-28283c586094_IIP_Press_Release_August_2026.pdf,7ca3d7b8a1fa698cd0eb10cf1b4104ce43bc63573b390231a69c673a28ac015c
2023-08,32,Other manufacturing,118.9,18.900000000000006,Not specified,https://www.mospi.gov.in/uploads/latestReleases/latest_release_1790590696633_c0f8dc21-040f-4f5c-bfc1-63be2e5775d7_Indices_IIP_2022-23_Monthly_annual_Aug_2026.xlsx,2026-09-28,2026-10-09T06:00:15.558936+00:00,2022-23,NIC-2025,Output PPI,https://www.mospi.gov.in/uploads/latestReleases/latest_release_1790590696008_1b346687-0a5f-445a-83a2-28283c586094_IIP_Press_Release_August_2026.pdf,7ca3d7b8a1fa698cd0eb10cf1b4104ce43bc63573b390231a69c673a28ac015c
2023-09,10,Manufacture of food products,93.0,-7.0,Not specified,https://www.mospi.gov.in/uploads/latestReleases/latest_release_1790590696633_c0f8dc21-040f-4f5c-bfc1-63be2e5775d7_Indices_IIP_2022-23_Monthly_annual_Aug_2026.xlsx,2026-09-28,2026-10-09T06:00:15.558936+00:00,2022-23,NIC-2025,Output PPI,https://www.mospi.gov.in/uploads/latestReleases/latest_release_1790590696008_1b346687-0a5f-445a-83a2-28283c586094_IIP_Press_Release_August_2026.pdf,7ca3d7b8a1fa698cd0eb10cf1b4104ce43bc63573b390231a69c673a28ac015c
2023-09,11,Manufacture of beverages,106.5,6.5,Not specified,https://www.mospi.gov.in/uploads/latestReleases/latest_release_1790590696633_c0f8dc21-040f-4f5c-bfc1-63be2e5775d7_Indices_IIP_2022-23_Monthly_annual_Aug_2026.xlsx,2026-09-28,2026-10-09T06:00:15.558936+00:00,2022-23,NIC-2025,Output PPI,https://www.mospi.gov.in/uploads/latestReleases/latest_release_1790590696008_1b346687-0a5f-445a-83a2-28283c586094_IIP_Press_Release_August_2026.pdf,7ca3d7b8a1fa698cd0eb10cf1b4104ce43bc63573b390231a69c673a28ac015c
2023-09,12,Manufacture of tobacco products,106.2,6.200000000000003,Not specified,https://www.mospi.gov.in/uploads/latestReleases/latest_release_1790590696633_c0f8dc21-040f-4f5c-bfc1-63be2e5775d7_Indices_IIP_2022-23_Monthly_annual_Aug_2026.xlsx,2026-09-28,2026-10-09T06:00:15.558936+00:00,2022-23,NIC-2025,Output PPI,https://www.mospi.gov.in/uploads/latestReleases/latest_release_1790590696008_1b346687-0a5f-445a-83a2-28283c586094_IIP_Press_Release_August_2026.pdf,7ca3d7b8a1fa698cd0eb10cf1b4104ce43bc63573b390231a69c673a28ac015c
2023-09,13,Manufacture of textiles,110.7,10.700000000000003,Not specified,https://www.mospi.gov.in/uploads/latestReleases/latest_release_1790590696633_c0f8dc21-040f-4f5c-bfc1-63be2e5775d7_Indices_IIP_2022-23_Monthly_annual_Aug_2026.xlsx,2026-09-28,2026-10-09T06:00:15.558936+00:00,2022-23,NIC-2025,Output PPI,https://www.mospi.gov.in/uploads/latestReleases/latest_release_1790590696008_1b346687-0a5f-445a-83a2-28283c586094_IIP_Press_Release_August_2026.pdf,7ca3d7b8a1fa698cd0eb10cf1b4104ce43bc63573b390231a69c673a28ac015c
2023-09,14,Manufacture of wearing apparel,85.7,-14.299999999999997,Not specified,https://www.mospi.gov.in/uploads/latestReleases/latest_release_1790590696633_c0f8dc21-040f-4f5c-bfc1-63be2e5775d7_Indices_IIP_2022-23_Monthly_annual_Aug_2026.xlsx,2026-09-28,2026-10-09T06:00:15.558936+00:00,2022-23,NIC-2025,Output PPI,https://www.mospi.gov.in/uploads/latestReleases/latest_release_1790590696008_1b346687-0a5f-445a-83a2-28283c586094_IIP_Press_Release_August_2026.pdf,7ca3d7b8a1fa698cd0eb10cf1b4104ce43bc63573b390231a69c673a28ac015c
2023-09,15,Manufacture of leather and related products,88.3,-11.700000000000003,Not specified,https://www.mospi.gov.in/uploads/latestReleases/latest_release_1790590696633_c0f8dc21-040f-4f5c-bfc1-63be2e5775d7_Indices_IIP_2022-23_Monthly_annual_Aug_2026.xlsx,2026-09-28,2026-10-09T06:00:15.558936+00:00,2022-23,NIC-2025,Output PPI,https://www.mospi.gov.in/uploads/latestReleases/latest_release_1790590696008_1b346687-0a5f-445a-83a2-28283c586094_IIP_Press_Release_August_2026.pdf,7ca3d7b8a1fa698cd0eb10cf1b4104ce43bc63573b390231a69c673a28ac015c
2023-09,16,"Manufacture of wood and products of wood and cork, except furniture; manufacture of articles of straw and plaiting materials",93.4,-6.599999999999994,Not specified,https://www.mospi.gov.in/uploads/latestReleases/latest_release_1790590696633_c0f8dc21-040f-4f5c-bfc1-63be2e5775d7_Indices_IIP_2022-23_Monthly_annual_Aug_2026.xlsx,2026-09-28,2026-10-09T06:00:15.558936+00:00,2022-23,NIC-2025,Output PPI,https://www.mospi.gov.in/uploads/latestReleases/latest_release_1790590696008_1b346687-0a5f-445a-83a2-28283c586094_IIP_Press_Release_August_2026.pdf,7ca3d7b8a1fa698cd0eb10cf1b4104ce43bc63573b390231a69c673a28ac015c
2023-09,17,Manufacture of paper and paper products,100.3,0.29999999999999716,Not specified,https://www.mospi.gov.in/uploads/latestReleases/latest_release_1790590696633_c0f8dc21-040f-4f5c-bfc1-63be2e5775d7_Indices_IIP_2022-23_Monthly_annual_Aug_2026.xlsx,2026-09-28,2026-10-09T06:00:15.558936+00:00,2022-23,NIC-2025,Output PPI,https://www.mospi.gov.in/uploads/latestReleases/latest_release_1790590696008_1b346687-0a5f-445a-83a2-28283c586094_IIP_Press_Release_August_2026.pdf,7ca3d7b8a1fa698cd0eb10cf1b4104ce43bc63573b390231a69c673a28ac015c
2023-09,18,Printing and reproduction of recorded media,90.5,-9.5,Not specified,https://www.mospi.gov.in/uploads/latestReleases/latest_release_1790590696633_c0f8dc21-040f-4f5c-bfc1-63be2e5775d7_Indices_IIP_2022-23_Monthly_annual_Aug_2026.xlsx,2026-09-28,2026-10-09T06:00:15.558936+00:00,2022-23,NIC-2025,Output PPI,https://www.mospi.gov.in/uploads/latestReleases/latest_release_1790590696008_1b346687-0a5f-445a-83a2-28283c586094_IIP_Press_Release_August_2026.pdf,7ca3d7b8a1fa698cd0eb10cf1b4104ce43bc63573b390231a69c673a28ac015c
2023-09,19,Manufacture of coke and refined petroleum products,96.4,-3.5999999999999943,Not specified,https://www.mospi.gov.in/uploads/latestReleases/latest_release_1790590696633_c0f8dc21-040f-4f5c-bfc1-63be2e5775d7_Indices_IIP_2022-23_Monthly_annual_Aug_2026.xlsx,2026-09-28,2026-10-09T06:00:15.558936+00:00,2022-23,NIC-2025,Output PPI,https://www.mospi.gov.in/uploads/latestReleases/latest_release_1790590696008_1b346687-0a5f-445a-83a2-28283c586094_IIP_Press_Release_August_2026.pdf,7ca3d7b8a1fa698cd0eb10cf1b4104ce43bc63573b390231a69c673a28ac015c
2023-09,20,Manufacture of chemicals and chemical products,103.8,3.799999999999997,Not specified,https://www.mospi.gov.in/uploads/latestReleases/latest_release_1790590696633_c0f8dc21-040f-4f5c-bfc1-63be2e5775d7_Indices_IIP_2022-23_Monthly_annual_Aug_2026.xlsx,2026-09-28,2026-10-09T06:00:15.558936+00:00,2022-23,NIC-2025,Output PPI,https://www.mospi.gov.in/uploads/latestReleases/latest_release_1790590696008_1b346687-0a5f-445a-83a2-28283c586094_IIP_Press_Release_August_2026.pdf,7ca3d7b8a1fa698cd0eb10cf1b4104ce43bc63573b390231a69c673a28ac015c
2023-09,21,Manufacture of basic pharmaceutical products and pharmaceutical preparations,118.3,18.299999999999997,Not specified,https://www.mospi.gov.in/uploads/latestReleases/latest_release_1790590696633_c0f8dc21-040f-4f5c-bfc1-63be2e5775d7_Indices_IIP_2022-23_Monthly_annual_Aug_2026.xlsx,2026-09-28,2026-10-09T06:00:15.558936+00:00,2022-23,NIC-2025,Output PPI,https://www.mospi.gov.in/uploads/latestReleases/latest_release_1790590696008_1b346687-0a5f-445a-83a2-28283c586094_IIP_Press_Release_August_2026.pdf,7ca3d7b8a1fa698cd0eb10cf1b4104ce43bc63573b390231a69c673a28ac015c
2023-09,22,Manufacture of rubber and plastics products,97.7,-2.299999999999997,Not specified,https://www.mospi.gov.in/uploads/latestReleases/latest_release_1790590696633_c0f8dc21-040f-4f5c-bfc1-63be2e5775d7_Indices_IIP_2022-23_Monthly_annual_Aug_2026.xlsx,2026-09-28,2026-10-09T06:00:15.558936+00:00,2022-23,NIC-2025,Output PPI,https://www.mospi.gov.in/uploads/latestReleases/latest_release_1790590696008_1b346687-0a5f-445a-83a2-28283c586094_IIP_Press_Release_August_2026.pdf,7ca3d7b8a1fa698cd0eb10cf1b4104ce43bc63573b390231a69c673a28ac015c
2023-09,23,Manufacture of other non-metallic mineral products,99.7,-0.29999999999999716,Not specified,https://www.mospi.gov.in/uploads/latestReleases/latest_release_1790590696633_c0f8dc21-040f-4f5c-bfc1-63be2e5775d7_Indices_IIP_2022-23_Monthly_annual_Aug_2026.xlsx,2026-09-28,2026-10-09T06:00:15.558936+00:00,2022-23,NIC-2025,Output PPI,https://www.mospi.gov.in/uploads/latestReleases/latest_release_1790590696008_1b346687-0a5f-445a-83a2-28283c586094_IIP_Press_Release_August_2026.pdf,7ca3d7b8a1fa698cd0eb10cf1b4104ce43bc63573b390231a69c673a28ac015c
2023-09,24,Manufacture of basic metals,111.2,11.200000000000003,Not specified,https://www.mospi.gov.in/uploads/latestReleases/latest_release_1790590696633_c0f8dc21-040f-4f5c-bfc1-63be2e5775d7_Indices_IIP_2022-23_Monthly_annual_Aug_2026.xlsx,2026-09-28,2026-10-09T06:00:15.558936+00:00,2022-23,NIC-2025,Output PPI,https://www.mospi.gov.in/uploads/latestReleases/latest_release_1790590696008_1b346687-0a5f-445a-83a2-28283c586094_IIP_Press_Release_August_2026.pdf,7ca3d7b8a1fa698cd0eb10cf1b4104ce43bc63573b390231a69c673a28ac015c
2023-09,25,"Manufacture of fabricated metal products, except machinery and equipment",106.7,6.700000000000003,Not specified,https://www.mospi.gov.in/uploads/latestReleases/latest_release_1790590696633_c0f8dc21-040f-4f5c-bfc1-63be2e5775d7_Indices_IIP_2022-23_Monthly_annual_Aug_2026.xlsx,2026-09-28,2026-10-09T06:00:15.558936+00:00,2022-23,NIC-2025,Output PPI,https://www.mospi.gov.in/uploads/latestReleases/latest_release_1790590696008_1b346687-0a5f-445a-83a2-28283c586094_IIP_Press_Release_August_2026.pdf,7ca3d7b8a1fa698cd0eb10cf1b4104ce43bc63573b390231a69c673a28ac015c
2023-09,26,"Manufacture of computer, electronic and optical products",135.2,35.19999999999999,Not specified,https://www.mospi.gov.in/uploads/latestReleases/latest_release_1790590696633_c0f8dc21-040f-4f5c-bfc1-63be2e5775d7_Indices_IIP_2022-23_Monthly_annual_Aug_2026.xlsx,2026-09-28,2026-10-09T06:00:15.558936+00:00,2022-23,NIC-2025,Output PPI,https://www.mospi.gov.in/uploads/latestReleases/latest_release_1790590696008_1b346687-0a5f-445a-83a2-28283c586094_IIP_Press_Release_August_2026.pdf,7ca3d7b8a1fa698cd0eb10cf1b4104ce43bc63573b390231a69c673a28ac015c
2023-09,27,Manufacture of electrical equipment,108.7,8.700000000000003,Not specified,https://www.mospi.gov.in/uploads/latestReleases/latest_release_1790590696633_c0f8dc21-040f-4f5c-bfc1-63be2e5775d7_Indices_IIP_2022-23_Monthly_annual_Aug_2026.xlsx,2026-09-28,2026-10-09T06:00:15.558936+00:00,2022-23,NIC-2025,Output PPI,https://www.mospi.gov.in/uploads/latestReleases/latest_release_1790590696008_1b346687-0a5f-445a-83a2-28283c586094_IIP_Press_Release_August_2026.pdf,7ca3d7b8a1fa698cd0eb10cf1b4104ce43bc63573b390231a69c673a28ac015c
2023-09,28,Manufacture of machinery and equipment n.e.c.,114.3,14.299999999999997,Not specified,https://www.mospi.gov.in/uploads/latestReleases/latest_release_1790590696633_c0f8dc21-040f-4f5c-bfc1-63be2e5775d7_Indices_IIP_2022-23_Monthly_annual_Aug_2026.xlsx,2026-09-28,2026-10-09T06:00:15.558936+00:00,2022-23,NIC-2025,Output PPI,https://www.mospi.gov.in/uploads/latestReleases/latest_release_1790590696008_1b346687-0a5f-445a-83a2-28283c586094_IIP_Press_Release_August_2026.pdf,7ca3d7b8a1fa698cd0eb10cf1b4104ce43bc63573b390231a69c673a28ac015c
2023-09,29,"Manufacture of motor vehicles, trailers and semi-trailers",110.7,10.700000000000003,Not specified,https://www.mospi.gov.in/uploads/latestReleases/latest_release_1790590696633_c0f8dc21-040f-4f5c-bfc1-63be2e5775d7_Indices_IIP_2022-23_Monthly_annual_Aug_2026.xlsx,2026-09-28,2026-10-09T06:00:15.558936+00:00,2022-23,NIC-2025,Output PPI,https://www.mospi.gov.in/uploads/latestReleases/latest_release_1790590696008_1b346687-0a5f-445a-83a2-28283c586094_IIP_Press_Release_August_2026.pdf,7ca3d7b8a1fa698cd0eb10cf1b4104ce43bc63573b390231a69c673a28ac015c
2023-09,30,Manufacture of other transport equipment,132.4,32.400000000000006,Not specified,https://www.mospi.gov.in/uploads/latestReleases/latest_release_1790590696633_c0f8dc21-040f-4f5c-bfc1-63be2e5775d7_Indices_IIP_2022-23_Monthly_annual_Aug_2026.xlsx,2026-09-28,2026-10-09T06:00:15.558936+00:00,2022-23,NIC-2025,Output PPI,https://www.mospi.gov.in/uploads/latestReleases/latest_release_1790590696008_1b346687-0a5f-445a-83a2-28283c586094_IIP_Press_Release_August_2026.pdf,7ca3d7b8a1fa698cd0eb10cf1b4104ce43bc63573b390231a69c673a28ac015c
2023-09,31,Manufacture of furniture,101.8,1.7999999999999972,Not specified,https://www.mospi.gov.in/uploads/latestReleases/latest_release_1790590696633_c0f8dc21-040f-4f5c-bfc1-63be2e5775d7_Indices_IIP_2022-23_Monthly_annual_Aug_2026.xlsx,2026-09-28,2026-10-09T06:00:15.558936+00:00,2022-23,NIC-2025,Output PPI,https://www.mospi.gov.in/uploads/latestReleases/latest_release_1790590696008_1b346687-0a5f-445a-83a2-28283c586094_IIP_Press_Release_August_2026.pdf,7ca3d7b8a1fa698cd0eb10cf1b4104ce43bc63573b390231a69c673a28ac015c
2023-09,32,Other manufacturing,120.9,20.900000000000006,Not specified,https://www.mospi.gov.in/uploads/latestReleases/latest_release_1790590696633_c0f8dc21-040f-4f5c-bfc1-63be2e5775d7_Indices_IIP_2022-23_Monthly_annual_Aug_2026.xlsx,2026-09-28,2026-10-09T06:00:15.558936+00:00,2022-23,NIC-2025,Output PPI,https://www.mospi.gov.in/uploads/latestReleases/latest_release_1790590696008_1b346687-0a5f-445a-83a2-28283c586094_IIP_Press_Release_August_2026.pdf,7ca3d7b8a1fa698cd0eb10cf1b4104ce43bc63573b390231a69c673a28ac015c
2023-10,10,Manufacture of food products,100.0,0.0,Not specified,https://www.mospi.gov.in/uploads/latestReleases/latest_release_1790590696633_c0f8dc21-040f-4f5c-bfc1-63be2e5775d7_Indices_IIP_2022-23_Monthly_annual_Aug_2026.xlsx,2026-09-28,2026-10-09T06:00:15.558936+00:00,2022-23,NIC-2025,Output PPI,https://www.mospi.gov.in/uploads/latestReleases/latest_release_1790590696008_1b346687-0a5f-445a-83a2-28283c586094_IIP_Press_Release_August_2026.pdf,7ca3d7b8a1fa698cd0eb10cf1b4104ce43bc63573b390231a69c673a28ac015c
2023-10,11,Manufacture of beverages,94.5,-5.5,Not specified,https://www.mospi.gov.in/uploads/latestReleases/latest_release_1790590696633_c0f8dc21-040f-4f5c-bfc1-63be2e5775d7_Indices_IIP_2022-23_Monthly_annual_Aug_2026.xlsx,2026-09-28,2026-10-09T06:00:15.558936+00:00,2022-23,NIC-2025,Output PPI,https://www.mospi.gov.in/uploads/latestReleases/latest_release_1790590696008_1b346687-0a5f-445a-83a2-28283c586094_IIP_Press_Release_August_2026.pdf,7ca3d7b8a1fa698cd0eb10cf1b4104ce43bc63573b390231a69c673a28ac015c
2023-10,12,Manufacture of tobacco products,99.1,-0.9000000000000057,Not specified,https://www.mospi.gov.in/uploads/latestReleases/latest_release_1790590696633_c0f8dc21-040f-4f5c-bfc1-63be2e5775d7_Indices_IIP_2022-23_Monthly_annual_Aug_2026.xlsx,2026-09-28,2026-10-09T06:00:15.558936+00:00,2022-23,NIC-2025,Output PPI,https://www.mospi.gov.in/uploads/latestReleases/latest_release_1790590696008_1b346687-0a5f-445a-83a2-28283c586094_IIP_Press_Release_August_2026.pdf,7ca3d7b8a1fa698cd0eb10cf1b4104ce43bc63573b390231a69c673a28ac015c
2023-10,13,Manufacture of textiles,112.2,12.200000000000003,Not specified,https://www.mospi.gov.in/uploads/latestReleases/latest_release_1790590696633_c0f8dc21-040f-4f5c-bfc1-63be2e5775d7_Indices_IIP_2022-23_Monthly_annual_Aug_2026.xlsx,2026-09-28,2026-10-09T06:00:15.558936+00:00,2022-23,NIC-2025,Output PPI,https://www.mospi.gov.in/uploads/latestReleases/latest_release_1790590696008_1b346687-0a5f-445a-83a2-28283c586094_IIP_Press_Release_August_2026.pdf,7ca3d7b8a1fa698cd0eb10cf1b4104ce43bc63573b390231a69c673a28ac015c
2023-10,14,Manufacture of wearing apparel,82.6,-17.400000000000006,Not specified,https://www.mospi.gov.in/uploads/latestReleases/latest_release_1790590696633_c0f8dc21-040f-4f5c-bfc1-63be2e5775d7_Indices_IIP_2022-23_Monthly_annual_Aug_2026.xlsx,2026-09-28,2026-10-09T06:00:15.558936+00:00,2022-23,NIC-2025,Output PPI,https://www.mospi.gov.in/uploads/latestReleases/latest_release_1790590696008_1b346687-0a5f-445a-83a2-28283c586094_IIP_Press_Release_August_2026.pdf,7ca3d7b8a1fa698cd0eb10cf1b4104ce43bc63573b390231a69c673a28ac015c
2023-10,15,Manufacture of leather and related products,88.9,-11.099999999999994,Not specified,https://www.mospi.gov.in/uploads/latestReleases/latest_release_1790590696633_c0f8dc21-040f-4f5c-bfc1-63be2e5775d7_Indices_IIP_2022-23_Monthly_annual_Aug_2026.xlsx,2026-09-28,2026-10-09T06:00:15.558936+00:00,2022-23,NIC-2025,Output PPI,https://www.mospi.gov.in/uploads/latestReleases/latest_release_1790590696008_1b346687-0a5f-445a-83a2-28283c586094_IIP_Press_Release_August_2026.pdf,7ca3d7b8a1fa698cd0eb10cf1b4104ce43bc63573b390231a69c673a28ac015c
2023-10,16,"Manufacture of wood and products of wood and cork, except furniture; manufacture of articles of straw and plaiting materials",97.5,-2.5,Not specified,https://www.mospi.gov.in/uploads/latestReleases/latest_release_1790590696633_c0f8dc21-040f-4f5c-bfc1-63be2e5775d7_Indices_IIP_2022-23_Monthly_annual_Aug_2026.xlsx,2026-09-28,2026-10-09T06:00:15.558936+00:00,2022-23,NIC-2025,Output PPI,https://www.mospi.gov.in/uploads/latestReleases/latest_release_1790590696008_1b346687-0a5f-445a-83a2-28283c586094_IIP_Press_Release_August_2026.pdf,7ca3d7b8a1fa698cd0eb10cf1b4104ce43bc63573b390231a69c673a28ac015c
2023-10,17,Manufacture of paper and paper products,105.4,5.400000000000006,Not specified,https://www.mospi.gov.in/uploads/latestReleases/latest_release_1790590696633_c0f8dc21-040f-4f5c-bfc1-63be2e5775d7_Indices_IIP_2022-23_Monthly_annual_Aug_2026.xlsx,2026-09-28,2026-10-09T06:00:15.558936+00:00,2022-23,NIC-2025,Output PPI,https://www.mospi.gov.in/uploads/latestReleases/latest_release_1790590696008_1b346687-0a5f-445a-83a2-28283c586094_IIP_Press_Release_August_2026.pdf,7ca3d7b8a1fa698cd0eb10cf1b4104ce43bc63573b390231a69c673a28ac015c
2023-10,18,Printing and reproduction of recorded media,98.5,-1.5,Not specified,https://www.mospi.gov.in/uploads/latestReleases/latest_release_1790590696633_c0f8dc21-040f-4f5c-bfc1-63be2e5775d7_Indices_IIP_2022-23_Monthly_annual_Aug_2026.xlsx,2026-09-28,2026-10-09T06:00:15.558936+00:00,2022-23,NIC-2025,Output PPI,https://www.mospi.gov.in/uploads/latestReleases/latest_release_1790590696008_1b346687-0a5f-445a-83a2-28283c586094_IIP_Press_Release_August_2026.pdf,7ca3d7b8a1fa698cd0eb10cf1b4104ce43bc63573b390231a69c673a28ac015c
2023-10,19,Manufacture of coke and refined petroleum products,98.6,-1.4000000000000057,Not specified,https://www.mospi.gov.in/uploads/latestReleases/latest_release_1790590696633_c0f8dc21-040f-4f5c-bfc1-63be2e5775d7_Indices_IIP_2022-23_Monthly_annual_Aug_2026.xlsx,2026-09-28,2026-10-09T06:00:15.558936+00:00,2022-23,NIC-2025,Output PPI,https://www.mospi.gov.in/uploads/latestReleases/latest_release_1790590696008_1b346687-0a5f-445a-83a2-28283c586094_IIP_Press_Release_August_2026.pdf,7ca3d7b8a1fa698cd0eb10cf1b4104ce43bc63573b390231a69c673a28ac015c
2023-10,20,Manufacture of chemicals and chemical products,104.3,4.299999999999997,Not specified,https://www.mospi.gov.in/uploads/latestReleases/latest_release_1790590696633_c0f8dc21-040f-4f5c-bfc1-63be2e5775d7_Indices_IIP_2022-23_Monthly_annual_Aug_2026.xlsx,2026-09-28,2026-10-09T06:00:15.558936+00:00,2022-23,NIC-2025,Output PPI,https://www.mospi.gov.in/uploads/latestReleases/latest_release_1790590696008_1b346687-0a5f-445a-83a2-28283c586094_IIP_Press_Release_August_2026.pdf,7ca3d7b8a1fa698cd0eb10cf1b4104ce43bc63573b390231a69c673a28ac015c
2023-10,21,Manufacture of basic pharmaceutical products and pharmaceutical preparations,105.5,5.5,Not specified,https://www.mospi.gov.in/uploads/latestReleases/latest_release_1790590696633_c0f8dc21-040f-4f5c-bfc1-63be2e5775d7_Indices_IIP_2022-23_Monthly_annual_Aug_2026.xlsx,2026-09-28,2026-10-09T06:00:15.558936+00:00,2022-23,NIC-2025,Output PPI,https://www.mospi.gov.in/uploads/latestReleases/latest_release_1790590696008_1b346687-0a5f-445a-83a2-28283c586094_IIP_Press_Release_August_2026.pdf,7ca3d7b8a1fa698cd0eb10cf1b4104ce43bc63573b390231a69c673a28ac015c
2023-10,22,Manufacture of rubber and plastics products,101.2,1.2000000000000028,Not specified,https://www.mospi.gov.in/uploads/latestReleases/latest_release_1790590696633_c0f8dc21-040f-4f5c-bfc1-63be2e5775d7_Indices_IIP_2022-23_Monthly_annual_Aug_2026.xlsx,2026-09-28,2026-10-09T06:00:15.558936+00:00,2022-23,NIC-2025,Output PPI,https://www.mospi.gov.in/uploads/latestReleases/latest_release_1790590696008_1b346687-0a5f-445a-83a2-28283c586094_IIP_Press_Release_August_2026.pdf,7ca3d7b8a1fa698cd0eb10cf1b4104ce43bc63573b390231a69c673a28ac015c
2023-10,23,Manufacture of other non-metallic mineral products,102.9,2.9000000000000057,Not specified,https://www.mospi.gov.in/uploads/latestReleases/latest_release_1790590696633_c0f8dc21-040f-4f5c-bfc1-63be2e5775d7_Indices_IIP_2022-23_Monthly_annual_Aug_2026.xlsx,2026-09-28,2026-10-09T06:00:15.558936+00:00,2022-23,NIC-2025,Output PPI,https://www.mospi.gov.in/uploads/latestReleases/latest_release_1790590696008_1b346687-0a5f-445a-83a2-28283c586094_IIP_Press_Release_August_2026.pdf,7ca3d7b8a1fa698cd0eb10cf1b4104ce43bc63573b390231a69c673a28ac015c
2023-10,24,Manufacture of basic metals,113.1,13.099999999999994,Not specified,https://www.mospi.gov.in/uploads/latestReleases/latest_release_1790590696633_c0f8dc21-040f-4f5c-bfc1-63be2e5775d7_Indices_IIP_2022-23_Monthly_annual_Aug_2026.xlsx,2026-09-28,2026-10-09T06:00:15.558936+00:00,2022-23,NIC-2025,Output PPI,https://www.mospi.gov.in/uploads/latestReleases/latest_release_1790590696008_1b346687-0a5f-445a-83a2-28283c586094_IIP_Press_Release_August_2026.pdf,7ca3d7b8a1fa698cd0eb10cf1b4104ce43bc63573b390231a69c673a28ac015c
2023-10,25,"Manufacture of fabricated metal products, except machinery and equipment",105.8,5.799999999999997,Not specified,https://www.mospi.gov.in/uploads/latestReleases/latest_release_1790590696633_c0f8dc21-040f-4f5c-bfc1-63be2e5775d7_Indices_IIP_2022-23_Monthly_annual_Aug_2026.xlsx,2026-09-28,2026-10-09T06:00:15.558936+00:00,2022-23,NIC-2025,Output PPI,https://www.mospi.gov.in/uploads/latestReleases/latest_release_1790590696008_1b346687-0a5f-445a-83a2-28283c586094_IIP_Press_Release_August_2026.pdf,7ca3d7b8a1fa698cd0eb10cf1b4104ce43bc63573b390231a69c673a28ac015c
2023-10,26,"Manufacture of computer, electronic and optical products",126.5,26.5,Not specified,https://www.mospi.gov.in/uploads/latestReleases/latest_release_1790590696633_c0f8dc21-040f-4f5c-bfc1-63be2e5775d7_Indices_IIP_2022-23_Monthly_annual_Aug_2026.xlsx,2026-09-28,2026-10-09T06:00:15.558936+00:00,2022-23,NIC-2025,Output PPI,https://www.mospi.gov.in/uploads/latestReleases/latest_release_1790590696008_1b346687-0a5f-445a-83a2-28283c586094_IIP_Press_Release_August_2026.pdf,7ca3d7b8a1fa698cd0eb10cf1b4104ce43bc63573b390231a69c673a28ac015c
2023-10,27,Manufacture of electrical equipment,104.9,4.900000000000006,Not specified,https://www.mospi.gov.in/uploads/latestReleases/latest_release_1790590696633_c0f8dc21-040f-4f5c-bfc1-63be2e5775d7_Indices_IIP_2022-23_Monthly_annual_Aug_2026.xlsx,2026-09-28,2026-10-09T06:00:15.558936+00:00,2022-23,NIC-2025,Output PPI,https://www.mospi.gov.in/uploads/latestReleases/latest_release_1790590696008_1b346687-0a5f-445a-83a2-28283c586094_IIP_Press_Release_August_2026.pdf,7ca3d7b8a1fa698cd0eb10cf1b4104ce43bc63573b390231a69c673a28ac015c
2023-10,28,Manufacture of machinery and equipment n.e.c.,100.5,0.5,Not specified,https://www.mospi.gov.in/uploads/latestReleases/latest_release_1790590696633_c0f8dc21-040f-4f5c-bfc1-63be2e5775d7_Indices_IIP_2022-23_Monthly_annual_Aug_2026.xlsx,2026-09-28,2026-10-09T06:00:15.558936+00:00,2022-23,NIC-2025,Output PPI,https://www.mospi.gov.in/uploads/latestReleases/latest_release_1790590696008_1b346687-0a5f-445a-83a2-28283c586094_IIP_Press_Release_August_2026.pdf,7ca3d7b8a1fa698cd0eb10cf1b4104ce43bc63573b390231a69c673a28ac015c
2023-10,29,"Manufacture of motor vehicles, trailers and semi-trailers",117.6,17.599999999999994,Not specified,https://www.mospi.gov.in/uploads/latestReleases/latest_release_1790590696633_c0f8dc21-040f-4f5c-bfc1-63be2e5775d7_Indices_IIP_2022-23_Monthly_annual_Aug_2026.xlsx,2026-09-28,2026-10-09T06:00:15.558936+00:00,2022-23,NIC-2025,Output PPI,https://www.mospi.gov.in/uploads/latestReleases/latest_release_1790590696008_1b346687-0a5f-445a-83a2-28283c586094_IIP_Press_Release_August_2026.pdf,7ca3d7b8a1fa698cd0eb10cf1b4104ce43bc63573b390231a69c673a28ac015c
2023-10,30,Manufacture of other transport equipment,132.7,32.69999999999999,Not specified,https://www.mospi.gov.in/uploads/latestReleases/latest_release_1790590696633_c0f8dc21-040f-4f5c-bfc1-63be2e5775d7_Indices_IIP_2022-23_Monthly_annual_Aug_2026.xlsx,2026-09-28,2026-10-09T06:00:15.558936+00:00,2022-23,NIC-2025,Output PPI,https://www.mospi.gov.in/uploads/latestReleases/latest_release_1790590696008_1b346687-0a5f-445a-83a2-28283c586094_IIP_Press_Release_August_2026.pdf,7ca3d7b8a1fa698cd0eb10cf1b4104ce43bc63573b390231a69c673a28ac015c
2023-10,31,Manufacture of furniture,107.1,7.099999999999994,Not specified,https://www.mospi.gov.in/uploads/latestReleases/latest_release_1790590696633_c0f8dc21-040f-4f5c-bfc1-63be2e5775d7_Indices_IIP_2022-23_Monthly_annual_Aug_2026.xlsx,2026-09-28,2026-10-09T06:00:15.558936+00:00,2022-23,NIC-2025,Output PPI,https://www.mospi.gov.in/uploads/latestReleases/latest_release_1790590696008_1b346687-0a5f-445a-83a2-28283c586094_IIP_Press_Release_August_2026.pdf,7ca3d7b8a1fa698cd0eb10cf1b4104ce43bc63573b390231a69c673a28ac015c
2023-10,32,Other manufacturing,125.7,25.700000000000003,Not specified,https://www.mospi.gov.in/uploads/latestReleases/latest_release_1790590696633_c0f8dc21-040f-4f5c-bfc1-63be2e5775d7_Indices_IIP_2022-23_Monthly_annual_Aug_2026.xlsx,2026-09-28,2026-10-09T06:00:15.558936+00:00,2022-23,NIC-2025,Output PPI,https://www.mospi.gov.in/uploads/latestReleases/latest_release_1790590696008_1b346687-0a5f-445a-83a2-28283c586094_IIP_Press_Release_August_2026.pdf,7ca3d7b8a1fa698cd0eb10cf1b4104ce43bc63573b390231a69c673a28ac015c
2023-11,10,Manufacture of food products,108.3,8.299999999999997,Not specified,https://www.mospi.gov.in/uploads/latestReleases/latest_release_1790590696633_c0f8dc21-040f-4f5c-bfc1-63be2e5775d7_Indices_IIP_2022-23_Monthly_annual_Aug_2026.xlsx,2026-09-28,2026-10-09T06:00:15.558936+00:00,2022-23,NIC-2025,Output PPI,https://www.mospi.gov.in/uploads/latestReleases/latest_release_1790590696008_1b346687-0a5f-445a-83a2-28283c586094_IIP_Press_Release_August_2026.pdf,7ca3d7b8a1fa698cd0eb10cf1b4104ce43bc63573b390231a69c673a28ac015c
2023-11,11,Manufacture of beverages,82.2,-17.799999999999997,Not specified,https://www.mospi.gov.in/uploads/latestReleases/latest_release_1790590696633_c0f8dc21-040f-4f5c-bfc1-63be2e5775d7_Indices_IIP_2022-23_Monthly_annual_Aug_2026.xlsx,2026-09-28,2026-10-09T06:00:15.558936+00:00,2022-23,NIC-2025,Output PPI,https://www.mospi.gov.in/uploads/latestReleases/latest_release_1790590696008_1b346687-0a5f-445a-83a2-28283c586094_IIP_Press_Release_August_2026.pdf,7ca3d7b8a1fa698cd0eb10cf1b4104ce43bc63573b390231a69c673a28ac015c
2023-11,12,Manufacture of tobacco products,99.9,-0.09999999999999432,Not specified,https://www.mospi.gov.in/uploads/latestReleases/latest_release_1790590696633_c0f8dc21-040f-4f5c-bfc1-63be2e5775d7_Indices_IIP_2022-23_Monthly_annual_Aug_2026.xlsx,2026-09-28,2026-10-09T06:00:15.558936+00:00,2022-23,NIC-2025,Output PPI,https://www.mospi.gov.in/uploads/latestReleases/latest_release_1790590696008_1b346687-0a5f-445a-83a2-28283c586094_IIP_Press_Release_August_2026.pdf,7ca3d7b8a1fa698cd0eb10cf1b4104ce43bc63573b390231a69c673a28ac015c
2023-11,13,Manufacture of textiles,100.6,0.5999999999999943,Not specified,https://www.mospi.gov.in/uploads/latestReleases/latest_release_1790590696633_c0f8dc21-040f-4f5c-bfc1-63be2e5775d7_Indices_IIP_2022-23_Monthly_annual_Aug_2026.xlsx,2026-09-28,2026-10-09T06:00:15.558936+00:00,2022-23,NIC-2025,Output PPI,https://www.mospi.gov.in/uploads/latestReleases/latest_release_1790590696008_1b346687-0a5f-445a-83a2-28283c586094_IIP_Press_Release_August_2026.pdf,7ca3d7b8a1fa698cd0eb10cf1b4104ce43bc63573b390231a69c673a28ac015c
2023-11,14,Manufacture of wearing apparel,86.5,-13.5,Not specified,https://www.mospi.gov.in/uploads/latestReleases/latest_release_1790590696633_c0f8dc21-040f-4f5c-bfc1-63be2e5775d7_Indices_IIP_2022-23_Monthly_annual_Aug_2026.xlsx,2026-09-28,2026-10-09T06:00:15.558936+00:00,2022-23,NIC-2025,Output PPI,https://www.mospi.gov.in/uploads/latestReleases/latest_release_1790590696008_1b346687-0a5f-445a-83a2-28283c586094_IIP_Press_Release_August_2026.pdf,7ca3d7b8a1fa698cd0eb10cf1b4104ce43bc63573b390231a69c673a28ac015c
2023-11,15,Manufacture of leather and related products,84.6,-15.400000000000006,Not specified,https://www.mospi.gov.in/uploads/latestReleases/latest_release_1790590696633_c0f8dc21-040f-4f5c-bfc1-63be2e5775d7_Indices_IIP_2022-23_Monthly_annual_Aug_2026.xlsx,2026-09-28,2026-10-09T06:00:15.558936+00:00,2022-23,NIC-2025,Output PPI,https://www.mospi.gov.in/uploads/latestReleases/latest_release_1790590696008_1b346687-0a5f-445a-83a2-28283c586094_IIP_Press_Release_August_2026.pdf,7ca3d7b8a1fa698cd0eb10cf1b4104ce43bc63573b390231a69c673a28ac015c
2023-11,16,"Manufacture of wood and products of wood and cork, except furniture; manufacture of articles of straw and plaiting materials",89.2,-10.799999999999997,Not specified,https://www.mospi.gov.in/uploads/latestReleases/latest_release_1790590696633_c0f8dc21-040f-4f5c-bfc1-63be2e5775d7_Indices_IIP_2022-23_Monthly_annual_Aug_2026.xlsx,2026-09-28,2026-10-09T06:00:15.558936+00:00,2022-23,NIC-2025,Output PPI,https://www.mospi.gov.in/uploads/latestReleases/latest_release_1790590696008_1b346687-0a5f-445a-83a2-28283c586094_IIP_Press_Release_August_2026.pdf,7ca3d7b8a1fa698cd0eb10cf1b4104ce43bc63573b390231a69c673a28ac015c
2023-11,17,Manufacture of paper and paper products,91.6,-8.400000000000006,Not specified,https://www.mospi.gov.in/uploads/latestReleases/latest_release_1790590696633_c0f8dc21-040f-4f5c-bfc1-63be2e5775d7_Indices_IIP_2022-23_Monthly_annual_Aug_2026.xlsx,2026-09-28,2026-10-09T06:00:15.558936+00:00,2022-23,NIC-2025,Output PPI,https://www.mospi.gov.in/uploads/latestReleases/latest_release_1790590696008_1b346687-0a5f-445a-83a2-28283c586094_IIP_Press_Release_August_2026.pdf,7ca3d7b8a1fa698cd0eb10cf1b4104ce43bc63573b390231a69c673a28ac015c
2023-11,18,Printing and reproduction of recorded media,95.1,-4.900000000000006,Not specified,https://www.mospi.gov.in/uploads/latestReleases/latest_release_1790590696633_c0f8dc21-040f-4f5c-bfc1-63be2e5775d7_Indices_IIP_2022-23_Monthly_annual_Aug_2026.xlsx,2026-09-28,2026-10-09T06:00:15.558936+00:00,2022-23,NIC-2025,Output PPI,https://www.mospi.gov.in/uploads/latestReleases/latest_release_1790590696008_1b346687-0a5f-445a-83a2-28283c586094_IIP_Press_Release_August_2026.pdf,7ca3d7b8a1fa698cd0eb10cf1b4104ce43bc63573b390231a69c673a28ac015c
2023-11,19,Manufacture of coke and refined petroleum products,104.4,4.400000000000006,Not specified,https://www.mospi.gov.in/uploads/latestReleases/latest_release_1790590696633_c0f8dc21-040f-4f5c-bfc1-63be2e5775d7_Indices_IIP_2022-23_Monthly_annual_Aug_2026.xlsx,2026-09-28,2026-10-09T06:00:15.558936+00:00,2022-23,NIC-2025,Output PPI,https://www.mospi.gov.in/uploads/latestReleases/latest_release_1790590696008_1b346687-0a5f-445a-83a2-28283c586094_IIP_Press_Release_August_2026.pdf,7ca3d7b8a1fa698cd0eb10cf1b4104ce43bc63573b390231a69c673a28ac015c
2023-11,20,Manufacture of chemicals and chemical products,99.2,-0.7999999999999972,Not specified,https://www.mospi.gov.in/uploads/latestReleases/latest_release_1790590696633_c0f8dc21-040f-4f5c-bfc1-63be2e5775d7_Indices_IIP_2022-23_Monthly_annual_Aug_2026.xlsx,2026-09-28,2026-10-09T06:00:15.558936+00:00,2022-23,NIC-2025,Output PPI,https://www.mospi.gov.in/uploads/latestReleases/latest_release_1790590696008_1b346687-0a5f-445a-83a2-28283c586094_IIP_Press_Release_August_2026.pdf,7ca3d7b8a1fa698cd0eb10cf1b4104ce43bc63573b390231a69c673a28ac015c
2023-11,21,Manufacture of basic pharmaceutical products and pharmaceutical preparations,106.5,6.5,Not specified,https://www.mospi.gov.in/uploads/latestReleases/latest_release_1790590696633_c0f8dc21-040f-4f5c-bfc1-63be2e5775d7_Indices_IIP_2022-23_Monthly_annual_Aug_2026.xlsx,2026-09-28,2026-10-09T06:00:15.558936+00:00,2022-23,NIC-2025,Output PPI,https://www.mospi.gov.in/uploads/latestReleases/latest_release_1790590696008_1b346687-0a5f-445a-83a2-28283c586094_IIP_Press_Release_August_2026.pdf,7ca3d7b8a1fa698cd0eb10cf1b4104ce43bc63573b390231a69c673a28ac015c
2023-11,22,Manufacture of rubber and plastics products,92.6,-7.400000000000006,Not specified,https://www.mospi.gov.in/uploads/latestReleases/latest_release_1790590696633_c0f8dc21-040f-4f5c-bfc1-63be2e5775d7_Indices_IIP_2022-23_Monthly_annual_Aug_2026.xlsx,2026-09-28,2026-10-09T06:00:15.558936+00:00,2022-23,NIC-2025,Output PPI,https://www.mospi.gov.in/uploads/latestReleases/latest_release_1790590696008_1b346687-0a5f-445a-83a2-28283c586094_IIP_Press_Release_August_2026.pdf,7ca3d7b8a1fa698cd0eb10cf1b4104ce43bc63573b390231a69c673a28ac015c
2023-11,23,Manufacture of other non-metallic mineral products,96.8,-3.200000000000003,Not specified,https://www.mospi.gov.in/uploads/latestReleases/latest_release_1790590696633_c0f8dc21-040f-4f5c-bfc1-63be2e5775d7_Indices_IIP_2022-23_Monthly_annual_Aug_2026.xlsx,2026-09-28,2026-10-09T06:00:15.558936+00:00,2022-23,NIC-2025,Output PPI,https://www.mospi.gov.in/uploads/latestReleases/latest_release_1790590696008_1b346687-0a5f-445a-83a2-28283c586094_IIP_Press_Release_August_2026.pdf,7ca3d7b8a1fa698cd0eb10cf1b4104ce43bc63573b390231a69c673a28ac015c
2023-11,24,Manufacture of basic metals,106.9,6.900000000000006,Not specified,https://www.mospi.gov.in/uploads/latestReleases/latest_release_1790590696633_c0f8dc21-040f-4f5c-bfc1-63be2e5775d7_Indices_IIP_2022-23_Monthly_annual_Aug_2026.xlsx,2026-09-28,2026-10-09T06:00:15.558936+00:00,2022-23,NIC-2025,Output PPI,https://www.mospi.gov.in/uploads/latestReleases/latest_release_1790590696008_1b346687-0a5f-445a-83a2-28283c586094_IIP_Press_Release_August_2026.pdf,7ca3d7b8a1fa698cd0eb10cf1b4104ce43bc63573b390231a69c673a28ac015c
2023-11,25,"Manufacture of fabricated metal products, except machinery and equipment",95.6,-4.400000000000006,Not specified,https://www.mospi.gov.in/uploads/latestReleases/latest_release_1790590696633_c0f8dc21-040f-4f5c-bfc1-63be2e5775d7_Indices_IIP_2022-23_Monthly_annual_Aug_2026.xlsx,2026-09-28,2026-10-09T06:00:15.558936+00:00,2022-23,NIC-2025,Output PPI,https://www.mospi.gov.in/uploads/latestReleases/latest_release_1790590696008_1b346687-0a5f-445a-83a2-28283c586094_IIP_Press_Release_August_2026.pdf,7ca3d7b8a1fa698cd0eb10cf1b4104ce43bc63573b390231a69c673a28ac015c
2023-11,26,"Manufacture of computer, electronic and optical products",108.4,8.400000000000006,Not specified,https://www.mospi.gov.in/uploads/latestReleases/latest_release_1790590696633_c0f8dc21-040f-4f5c-bfc1-63be2e5775d7_Indices_IIP_2022-23_Monthly_annual_Aug_2026.xlsx,2026-09-28,2026-10-09T06:00:15.558936+00:00,2022-23,NIC-2025,Output PPI,https://www.mospi.gov.in/uploads/latestReleases/latest_release_1790590696008_1b346687-0a5f-445a-83a2-28283c586094_IIP_Press_Release_August_2026.pdf,7ca3d7b8a1fa698cd0eb10cf1b4104ce43bc63573b390231a69c673a28ac015c
2023-11,27,Manufacture of electrical equipment,104.2,4.200000000000003,Not specified,https://www.mospi.gov.in/uploads/latestReleases/latest_release_1790590696633_c0f8dc21-040f-4f5c-bfc1-63be2e5775d7_Indices_IIP_2022-23_Monthly_annual_Aug_2026.xlsx,2026-09-28,2026-10-09T06:00:15.558936+00:00,2022-23,NIC-2025,Output PPI,https://www.mospi.gov.in/uploads/latestReleases/latest_release_1790590696008_1b346687-0a5f-445a-83a2-28283c586094_IIP_Press_Release_August_2026.pdf,7ca3d7b8a1fa698cd0eb10cf1b4104ce43bc63573b390231a69c673a28ac015c
2023-11,28,Manufacture of machinery and equipment n.e.c.,95.3,-4.700000000000003,Not specified,https://www.mospi.gov.in/uploads/latestReleases/latest_release_1790590696633_c0f8dc21-040f-4f5c-bfc1-63be2e5775d7_Indices_IIP_2022-23_Monthly_annual_Aug_2026.xlsx,2026-09-28,2026-10-09T06:00:15.558936+00:00,2022-23,NIC-2025,Output PPI,https://www.mospi.gov.in/uploads/latestReleases/latest_release_1790590696008_1b346687-0a5f-445a-83a2-28283c586094_IIP_Press_Release_August_2026.pdf,7ca3d7b8a1fa698cd0eb10cf1b4104ce43bc63573b390231a69c673a28ac015c
2023-11,29,"Manufacture of motor vehicles, trailers and semi-trailers",103.9,3.9000000000000057,Not specified,https://www.mospi.gov.in/uploads/latestReleases/latest_release_1790590696633_c0f8dc21-040f-4f5c-bfc1-63be2e5775d7_Indices_IIP_2022-23_Monthly_annual_Aug_2026.xlsx,2026-09-28,2026-10-09T06:00:15.558936+00:00,2022-23,NIC-2025,Output PPI,https://www.mospi.gov.in/uploads/latestReleases/latest_release_1790590696008_1b346687-0a5f-445a-83a2-28283c586094_IIP_Press_Release_August_2026.pdf,7ca3d7b8a1fa698cd0eb10cf1b4104ce43bc63573b390231a69c673a28ac015c
2023-11,30,Manufacture of other transport equipment,116.8,16.799999999999997,Not specified,https://www.mospi.gov.in/uploads/latestReleases/latest_release_1790590696633_c0f8dc21-040f-4f5c-bfc1-63be2e5775d7_Indices_IIP_2022-23_Monthly_annual_Aug_2026.xlsx,2026-09-28,2026-10-09T06:00:15.558936+00:00,2022-23,NIC-2025,Output PPI,https://www.mospi.gov.in/uploads/latestReleases/latest_release_1790590696008_1b346687-0a5f-445a-83a2-28283c586094_IIP_Press_Release_August_2026.pdf,7ca3d7b8a1fa698cd0eb10cf1b4104ce43bc63573b390231a69c673a28ac015c
2023-11,31,Manufacture of furniture,101.6,1.5999999999999943,Not specified,https://www.mospi.gov.in/uploads/latestReleases/latest_release_1790590696633_c0f8dc21-040f-4f5c-bfc1-63be2e5775d7_Indices_IIP_2022-23_Monthly_annual_Aug_2026.xlsx,2026-09-28,2026-10-09T06:00:15.558936+00:00,2022-23,NIC-2025,Output PPI,https://www.mospi.gov.in/uploads/latestReleases/latest_release_1790590696008_1b346687-0a5f-445a-83a2-28283c586094_IIP_Press_Release_August_2026.pdf,7ca3d7b8a1fa698cd0eb10cf1b4104ce43bc63573b390231a69c673a28ac015c
2023-11,32,Other manufacturing,90.8,-9.200000000000003,Not specified,https://www.mospi.gov.in/uploads/latestReleases/latest_release_1790590696633_c0f8dc21-040f-4f5c-bfc1-63be2e5775d7_Indices_IIP_2022-23_Monthly_annual_Aug_2026.xlsx,2026-09-28,2026-10-09T06:00:15.558936+00:00,2022-23,NIC-2025,Output PPI,https://www.mospi.gov.in/uploads/latestReleases/latest_release_1790590696008_1b346687-0a5f-445a-83a2-28283c586094_IIP_Press_Release_August_2026.pdf,7ca3d7b8a1fa698cd0eb10cf1b4104ce43bc63573b390231a69c673a28ac015c
2023-12,10,Manufacture of food products,119.4,19.400000000000006,Not specified,https://www.mospi.gov.in/uploads/latestReleases/latest_release_1790590696633_c0f8dc21-040f-4f5c-bfc1-63be2e5775d7_Indices_IIP_2022-23_Monthly_annual_Aug_2026.xlsx,2026-09-28,2026-10-09T06:00:15.558936+00:00,2022-23,NIC-2025,Output PPI,https://www.mospi.gov.in/uploads/latestReleases/latest_release_1790590696008_1b346687-0a5f-445a-83a2-28283c586094_IIP_Press_Release_August_2026.pdf,7ca3d7b8a1fa698cd0eb10cf1b4104ce43bc63573b390231a69c673a28ac015c
2023-12,11,Manufacture of beverages,77.0,-23.0,Not specified,https://www.mospi.gov.in/uploads/latestReleases/latest_release_1790590696633_c0f8dc21-040f-4f5c-bfc1-63be2e5775d7_Indices_IIP_2022-23_Monthly_annual_Aug_2026.xlsx,2026-09-28,2026-10-09T06:00:15.558936+00:00,2022-23,NIC-2025,Output PPI,https://www.mospi.gov.in/uploads/latestReleases/latest_release_1790590696008_1b346687-0a5f-445a-83a2-28283c586094_IIP_Press_Release_August_2026.pdf,7ca3d7b8a1fa698cd0eb10cf1b4104ce43bc63573b390231a69c673a28ac015c
2023-12,12,Manufacture of tobacco products,109.0,9.0,Not specified,https://www.mospi.gov.in/uploads/latestReleases/latest_release_1790590696633_c0f8dc21-040f-4f5c-bfc1-63be2e5775d7_Indices_IIP_2022-23_Monthly_annual_Aug_2026.xlsx,2026-09-28,2026-10-09T06:00:15.558936+00:00,2022-23,NIC-2025,Output PPI,https://www.mospi.gov.in/uploads/latestReleases/latest_release_1790590696008_1b346687-0a5f-445a-83a2-28283c586094_IIP_Press_Release_August_2026.pdf,7ca3d7b8a1fa698cd0eb10cf1b4104ce43bc63573b390231a69c673a28ac015c
2023-12,13,Manufacture of textiles,114.0,14.0,Not specified,https://www.mospi.gov.in/uploads/latestReleases/latest_release_1790590696633_c0f8dc21-040f-4f5c-bfc1-63be2e5775d7_Indices_IIP_2022-23_Monthly_annual_Aug_2026.xlsx,2026-09-28,2026-10-09T06:00:15.558936+00:00,2022-23,NIC-2025,Output PPI,https://www.mospi.gov.in/uploads/latestReleases/latest_release_1790590696008_1b346687-0a5f-445a-83a2-28283c586094_IIP_Press_Release_August_2026.pdf,7ca3d7b8a1fa698cd0eb10cf1b4104ce43bc63573b390231a69c673a28ac015c
2023-12,14,Manufacture of wearing apparel,99.6,-0.4000000000000057,Not specified,https://www.mospi.gov.in/uploads/latestReleases/latest_release_1790590696633_c0f8dc21-040f-4f5c-bfc1-63be2e5775d7_Indices_IIP_2022-23_Monthly_annual_Aug_2026.xlsx,2026-09-28,2026-10-09T06:00:15.558936+00:00,2022-23,NIC-2025,Output PPI,https://www.mospi.gov.in/uploads/latestReleases/latest_release_1790590696008_1b346687-0a5f-445a-83a2-28283c586094_IIP_Press_Release_August_2026.pdf,7ca3d7b8a1fa698cd0eb10cf1b4104ce43bc63573b390231a69c673a28ac015c
2023-12,15,Manufacture of leather and related products,95.4,-4.599999999999994,Not specified,https://www.mospi.gov.in/uploads/latestReleases/latest_release_1790590696633_c0f8dc21-040f-4f5c-bfc1-63be2e5775d7_Indices_IIP_2022-23_Monthly_annual_Aug_2026.xlsx,2026-09-28,2026-10-09T06:00:15.558936+00:00,2022-23,NIC-2025,Output PPI,https://www.mospi.gov.in/uploads/latestReleases/latest_release_1790590696008_1b346687-0a5f-445a-83a2-28283c586094_IIP_Press_Release_August_2026.pdf,7ca3d7b8a1fa698cd0eb10cf1b4104ce43bc63573b390231a69c673a28ac015c
2023-12,16,"Manufacture of wood and products of wood and cork, except furniture; manufacture of articles of straw and plaiting materials",104.7,4.700000000000003,Not specified,https://www.mospi.gov.in/uploads/latestReleases/latest_release_1790590696633_c0f8dc21-040f-4f5c-bfc1-63be2e5775d7_Indices_IIP_2022-23_Monthly_annual_Aug_2026.xlsx,2026-09-28,2026-10-09T06:00:15.558936+00:00,2022-23,NIC-2025,Output PPI,https://www.mospi.gov.in/uploads/latestReleases/latest_release_1790590696008_1b346687-0a5f-445a-83a2-28283c586094_IIP_Press_Release_August_2026.pdf,7ca3d7b8a1fa698cd0eb10cf1b4104ce43bc63573b390231a69c673a28ac015c
2023-12,17,Manufacture of paper and paper products,100.7,0.7000000000000028,Not specified,https://www.mospi.gov.in/uploads/latestReleases/latest_release_1790590696633_c0f8dc21-040f-4f5c-bfc1-63be2e5775d7_Indices_IIP_2022-23_Monthly_annual_Aug_2026.xlsx,2026-09-28,2026-10-09T06:00:15.558936+00:00,2022-23,NIC-2025,Output PPI,https://www.mospi.gov.in/uploads/latestReleases/latest_release_1790590696008_1b346687-0a5f-445a-83a2-28283c586094_IIP_Press_Release_August_2026.pdf,7ca3d7b8a1fa698cd0eb10cf1b4104ce43bc63573b390231a69c673a28ac015c
2023-12,18,Printing and reproduction of recorded media,104.5,4.5,Not specified,https://www.mospi.gov.in/uploads/latestReleases/latest_release_1790590696633_c0f8dc21-040f-4f5c-bfc1-63be2e5775d7_Indices_IIP_2022-23_Monthly_annual_Aug_2026.xlsx,2026-09-28,2026-10-09T06:00:15.558936+00:00,2022-23,NIC-2025,Output PPI,https://www.mospi.gov.in/uploads/latestReleases/latest_release_1790590696008_1b346687-0a5f-445a-83a2-28283c586094_IIP_Press_Release_August_2026.pdf,7ca3d7b8a1fa698cd0eb10cf1b4104ce43bc63573b390231a69c673a28ac015c
2023-12,19,Manufacture of coke and refined petroleum products,111.7,11.700000000000003,Not specified,https://www.mospi.gov.in/uploads/latestReleases/latest_release_1790590696633_c0f8dc21-040f-4f5c-bfc1-63be2e5775d7_Indices_IIP_2022-23_Monthly_annual_Aug_2026.xlsx,2026-09-28,2026-10-09T06:00:15.558936+00:00,2022-23,NIC-2025,Output PPI,https://www.mospi.gov.in/uploads/latestReleases/latest_release_1790590696008_1b346687-0a5f-445a-83a2-28283c586094_IIP_Press_Release_August_2026.pdf,7ca3d7b8a1fa698cd0eb10cf1b4104ce43bc63573b390231a69c673a28ac015c
2023-12,20,Manufacture of chemicals and chemical products,107.7,7.700000000000003,Not specified,https://www.mospi.gov.in/uploads/latestReleases/latest_release_1790590696633_c0f8dc21-040f-4f5c-bfc1-63be2e5775d7_Indices_IIP_2022-23_Monthly_annual_Aug_2026.xlsx,2026-09-28,2026-10-09T06:00:15.558936+00:00,2022-23,NIC-2025,Output PPI,https://www.mospi.gov.in/uploads/latestReleases/latest_release_1790590696008_1b346687-0a5f-445a-83a2-28283c586094_IIP_Press_Release_August_2026.pdf,7ca3d7b8a1fa698cd0eb10cf1b4104ce43bc63573b390231a69c673a28ac015c
2023-12,21,Manufacture of basic pharmaceutical products and pharmaceutical preparations,127.2,27.200000000000003,Not specified,https://www.mospi.gov.in/uploads/latestReleases/latest_release_1790590696633_c0f8dc21-040f-4f5c-bfc1-63be2e5775d7_Indices_IIP_2022-23_Monthly_annual_Aug_2026.xlsx,2026-09-28,2026-10-09T06:00:15.558936+00:00,2022-23,NIC-2025,Output PPI,https://www.mospi.gov.in/uploads/latestReleases/latest_release_1790590696008_1b346687-0a5f-445a-83a2-28283c586094_IIP_Press_Release_August_2026.pdf,7ca3d7b8a1fa698cd0eb10cf1b4104ce43bc63573b390231a69c673a28ac015c
2023-12,22,Manufacture of rubber and plastics products,100.1,0.09999999999999432,Not specified,https://www.mospi.gov.in/uploads/latestReleases/latest_release_1790590696633_c0f8dc21-040f-4f5c-bfc1-63be2e5775d7_Indices_IIP_2022-23_Monthly_annual_Aug_2026.xlsx,2026-09-28,2026-10-09T06:00:15.558936+00:00,2022-23,NIC-2025,Output PPI,https://www.mospi.gov.in/uploads/latestReleases/latest_release_1790590696008_1b346687-0a5f-445a-83a2-28283c586094_IIP_Press_Release_August_2026.pdf,7ca3d7b8a1fa698cd0eb10cf1b4104ce43bc63573b390231a69c673a28ac015c
2023-12,23,Manufacture of other non-metallic mineral products,108.7,8.700000000000003,Not specified,https://www.mospi.gov.in/uploads/latestReleases/latest_release_1790590696633_c0f8dc21-040f-4f5c-bfc1-63be2e5775d7_Indices_IIP_2022-23_Monthly_annual_Aug_2026.xlsx,2026-09-28,2026-10-09T06:00:15.558936+00:00,2022-23,NIC-2025,Output PPI,https://www.mospi.gov.in/uploads/latestReleases/latest_release_1790590696008_1b346687-0a5f-445a-83a2-28283c586094_IIP_Press_Release_August_2026.pdf,7ca3d7b8a1fa698cd0eb10cf1b4104ce43bc63573b390231a69c673a28ac015c
2023-12,24,Manufacture of basic metals,114.4,14.400000000000006,Not specified,https://www.mospi.gov.in/uploads/latestReleases/latest_release_1790590696633_c0f8dc21-040f-4f5c-bfc1-63be2e5775d7_Indices_IIP_2022-23_Monthly_annual_Aug_2026.xlsx,2026-09-28,2026-10-09T06:00:15.558936+00:00,2022-23,NIC-2025,Output PPI,https://www.mospi.gov.in/uploads/latestReleases/latest_release_1790590696008_1b346687-0a5f-445a-83a2-28283c586094_IIP_Press_Release_August_2026.pdf,7ca3d7b8a1fa698cd0eb10cf1b4104ce43bc63573b390231a69c673a28ac015c
2023-12,25,"Manufacture of fabricated metal products, except machinery and equipment",107.6,7.599999999999994,Not specified,https://www.mospi.gov.in/uploads/latestReleases/latest_release_1790590696633_c0f8dc21-040f-4f5c-bfc1-63be2e5775d7_Indices_IIP_2022-23_Monthly_annual_Aug_2026.xlsx,2026-09-28,2026-10-09T06:00:15.558936+00:00,2022-23,NIC-2025,Output PPI,https://www.mospi.gov.in/uploads/latestReleases/latest_release_1790590696008_1b346687-0a5f-445a-83a2-28283c586094_IIP_Press_Release_August_2026.pdf,7ca3d7b8a1fa698cd0eb10cf1b4104ce43bc63573b390231a69c673a28ac015c
2023-12,26,"Manufacture of computer, electronic and optical products",115.2,15.200000000000003,Not specified,https://www.mospi.gov.in/uploads/latestReleases/latest_release_1790590696633_c0f8dc21-040f-4f5c-bfc1-63be2e5775d7_Indices_IIP_2022-23_Monthly_annual_Aug_2026.xlsx,2026-09-28,2026-10-09T06:00:15.558936+00:00,2022-23,NIC-2025,Output PPI,https://www.mospi.gov.in/uploads/latestReleases/latest_release_1790590696008_1b346687-0a5f-445a-83a2-28283c586094_IIP_Press_Release_August_2026.pdf,7ca3d7b8a1fa698cd0eb10cf1b4104ce43bc63573b390231a69c673a28ac015c
2023-12,27,Manufacture of electrical equipment,114.6,14.599999999999994,Not specified,https://www.mospi.gov.in/uploads/latestReleases/latest_release_1790590696633_c0f8dc21-040f-4f5c-bfc1-63be2e5775d7_Indices_IIP_2022-23_Monthly_annual_Aug_2026.xlsx,2026-09-28,2026-10-09T06:00:15.558936+00:00,2022-23,NIC-2025,Output PPI,https://www.mospi.gov.in/uploads/latestReleases/latest_release_1790590696008_1b346687-0a5f-445a-83a2-28283c586094_IIP_Press_Release_August_2026.pdf,7ca3d7b8a1fa698cd0eb10cf1b4104ce43bc63573b390231a69c673a28ac015c
2023-12,28,Manufacture of machinery and equipment n.e.c.,103.0,3.0,Not specified,https://www.mospi.gov.in/uploads/latestReleases/latest_release_1790590696633_c0f8dc21-040f-4f5c-bfc1-63be2e5775d7_Indices_IIP_2022-23_Monthly_annual_Aug_2026.xlsx,2026-09-28,2026-10-09T06:00:15.558936+00:00,2022-23,NIC-2025,Output PPI,https://www.mospi.gov.in/uploads/latestReleases/latest_release_1790590696008_1b346687-0a5f-445a-83a2-28283c586094_IIP_Press_Release_August_2026.pdf,7ca3d7b8a1fa698cd0eb10cf1b4104ce43bc63573b390231a69c673a28ac015c
2023-12,29,"Manufacture of motor vehicles, trailers and semi-trailers",99.7,-0.29999999999999716,Not specified,https://www.mospi.gov.in/uploads/latestReleases/latest_release_1790590696633_c0f8dc21-040f-4f5c-bfc1-63be2e5775d7_Indices_IIP_2022-23_Monthly_annual_Aug_2026.xlsx,2026-09-28,2026-10-09T06:00:15.558936+00:00,2022-23,NIC-2025,Output PPI,https://www.mospi.gov.in/uploads/latestReleases/latest_release_1790590696008_1b346687-0a5f-445a-83a2-28283c586094_IIP_Press_Release_August_2026.pdf,7ca3d7b8a1fa698cd0eb10cf1b4104ce43bc63573b390231a69c673a28ac015c
2023-12,30,Manufacture of other transport equipment,112.0,12.0,Not specified,https://www.mospi.gov.in/uploads/latestReleases/latest_release_1790590696633_c0f8dc21-040f-4f5c-bfc1-63be2e5775d7_Indices_IIP_2022-23_Monthly_annual_Aug_2026.xlsx,2026-09-28,2026-10-09T06:00:15.558936+00:00,2022-23,NIC-2025,Output PPI,https://www.mospi.gov.in/uploads/latestReleases/latest_release_1790590696008_1b346687-0a5f-445a-83a2-28283c586094_IIP_Press_Release_August_2026.pdf,7ca3d7b8a1fa698cd0eb10cf1b4104ce43bc63573b390231a69c673a28ac015c
2023-12,31,Manufacture of furniture,101.8,1.7999999999999972,Not specified,https://www.mospi.gov.in/uploads/latestReleases/latest_release_1790590696633_c0f8dc21-040f-4f5c-bfc1-63be2e5775d7_Indices_IIP_2022-23_Monthly_annual_Aug_2026.xlsx,2026-09-28,2026-10-09T06:00:15.558936+00:00,2022-23,NIC-2025,Output PPI,https://www.mospi.gov.in/uploads/latestReleases/latest_release_1790590696008_1b346687-0a5f-445a-83a2-28283c586094_IIP_Press_Release_August_2026.pdf,7ca3d7b8a1fa698cd0eb10cf1b4104ce43bc63573b390231a69c673a28ac015c
2023-12,32,Other manufacturing,91.1,-8.900000000000006,Not specified,https://www.mospi.gov.in/uploads/latestReleases/latest_release_1790590696633_c0f8dc21-040f-4f5c-bfc1-63be2e5775d7_Indices_IIP_2022-23_Monthly_annual_Aug_2026.xlsx,2026-09-28,2026-10-09T06:00:15.558936+00:00,2022-23,NIC-2025,Output PPI,https://www.mospi.gov.in/uploads/latestReleases/latest_release_1790590696008_1b346687-0a5f-445a-83a2-28283c586094_IIP_Press_Release_August_2026.pdf,7ca3d7b8a1fa698cd0eb10cf1b4104ce43bc63573b390231a69c673a28ac015c
2024-01,10,Manufacture of food products,111.8,11.799999999999997,Not specified,https://www.mospi.gov.in/uploads/latestReleases/latest_release_1790590696633_c0f8dc21-040f-4f5c-bfc1-63be2e5775d7_Indices_IIP_2022-23_Monthly_annual_Aug_2026.xlsx,2026-09-28,2026-10-09T06:00:15.558936+00:00,2022-23,NIC-2025,Output PPI,https://www.mospi.gov.in/uploads/latestReleases/latest_release_1790590696008_1b346687-0a5f-445a-83a2-28283c586094_IIP_Press_Release_August_2026.pdf,7ca3d7b8a1fa698cd0eb10cf1b4104ce43bc63573b390231a69c673a28ac015c
2024-01,11,Manufacture of beverages,111.0,11.0,Not specified,https://www.mospi.gov.in/uploads/latestReleases/latest_release_1790590696633_c0f8dc21-040f-4f5c-bfc1-63be2e5775d7_Indices_IIP_2022-23_Monthly_annual_Aug_2026.xlsx,2026-09-28,2026-10-09T06:00:15.558936+00:00,2022-23,NIC-2025,Output PPI,https://www.mospi.gov.in/uploads/latestReleases/latest_release_1790590696008_1b346687-0a5f-445a-83a2-28283c586094_IIP_Press_Release_August_2026.pdf,7ca3d7b8a1fa698cd0eb10cf1b4104ce43bc63573b390231a69c673a28ac015c
2024-01,12,Manufacture of tobacco products,110.0,10.0,Not specified,https://www.mospi.gov.in/uploads/latestReleases/latest_release_1790590696633_c0f8dc21-040f-4f5c-bfc1-63be2e5775d7_Indices_IIP_2022-23_Monthly_annual_Aug_2026.xlsx,2026-09-28,2026-10-09T06:00:15.558936+00:00,2022-23,NIC-2025,Output PPI,https://www.mospi.gov.in/uploads/latestReleases/latest_release_1790590696008_1b346687-0a5f-445a-83a2-28283c586094_IIP_Press_Release_August_2026.pdf,7ca3d7b8a1fa698cd0eb10cf1b4104ce43bc63573b390231a69c673a28ac015c
2024-01,13,Manufacture of textiles,113.4,13.400000000000006,Not specified,https://www.mospi.gov.in/uploads/latestReleases/latest_release_1790590696633_c0f8dc21-040f-4f5c-bfc1-63be2e5775d7_Indices_IIP_2022-23_Monthly_annual_Aug_2026.xlsx,2026-09-28,2026-10-09T06:00:15.558936+00:00,2022-23,NIC-2025,Output PPI,https://www.mospi.gov.in/uploads/latestReleases/latest_release_1790590696008_1b346687-0a5f-445a-83a2-28283c586094_IIP_Press_Release_August_2026.pdf,7ca3d7b8a1fa698cd0eb10cf1b4104ce43bc63573b390231a69c673a28ac015c
2024-01,14,Manufacture of wearing apparel,100.6,0.5999999999999943,Not specified,https://www.mospi.gov.in/uploads/latestReleases/latest_release_1790590696633_c0f8dc21-040f-4f5c-bfc1-63be2e5775d7_Indices_IIP_2022-23_Monthly_annual_Aug_2026.xlsx,2026-09-28,2026-10-09T06:00:15.558936+00:00,2022-23,NIC-2025,Output PPI,https://www.mospi.gov.in/uploads/latestReleases/latest_release_1790590696008_1b346687-0a5f-445a-83a2-28283c586094_IIP_Press_Release_August_2026.pdf,7ca3d7b8a1fa698cd0eb10cf1b4104ce43bc63573b390231a69c673a28ac015c
2024-01,15,Manufacture of leather and related products,96.7,-3.299999999999997,Not specified,https://www.mospi.gov.in/uploads/latestReleases/latest_release_1790590696633_c0f8dc21-040f-4f5c-bfc1-63be2e5775d7_Indices_IIP_2022-23_Monthly_annual_Aug_2026.xlsx,2026-09-28,2026-10-09T06:00:15.558936+00:00,2022-23,NIC-2025,Output PPI,https://www.mospi.gov.in/uploads/latestReleases/latest_release_1790590696008_1b346687-0a5f-445a-83a2-28283c586094_IIP_Press_Release_August_2026.pdf,7ca3d7b8a1fa698cd0eb10cf1b4104ce43bc63573b390231a69c673a28ac015c
2024-01,16,"Manufacture of wood and products of wood and cork, except furniture; manufacture of articles of straw and plaiting materials",99.8,-0.20000000000000284,Not specified,https://www.mospi.gov.in/uploads/latestReleases/latest_release_1790590696633_c0f8dc21-040f-4f5c-bfc1-63be2e5775d7_Indices_IIP_2022-23_Monthly_annual_Aug_2026.xlsx,2026-09-28,2026-10-09T06:00:15.558936+00:00,2022-23,NIC-2025,Output PPI,https://www.mospi.gov.in/uploads/latestReleases/latest_release_1790590696008_1b346687-0a5f-445a-83a2-28283c586094_IIP_Press_Release_August_2026.pdf,7ca3d7b8a1fa698cd0eb10cf1b4104ce43bc63573b390231a69c673a28ac015c
2024-01,17,Manufacture of paper and paper products,100.2,0.20000000000000284,Not specified,https://www.mospi.gov.in/uploads/latestReleases/latest_release_1790590696633_c0f8dc21-040f-4f5c-bfc1-63be2e5775d7_Indices_IIP_2022-23_Monthly_annual_Aug_2026.xlsx,2026-09-28,2026-10-09T06:00:15.558936+00:00,2022-23,NIC-2025,Output PPI,https://www.mospi.gov.in/uploads/latestReleases/latest_release_1790590696008_1b346687-0a5f-445a-83a2-28283c586094_IIP_Press_Release_August_2026.pdf,7ca3d7b8a1fa698cd0eb10cf1b4104ce43bc63573b390231a69c673a28ac015c
2024-01,18,Printing and reproduction of recorded media,108.2,8.200000000000003,Not specified,https://www.mospi.gov.in/uploads/latestReleases/latest_release_1790590696633_c0f8dc21-040f-4f5c-bfc1-63be2e5775d7_Indices_IIP_2022-23_Monthly_annual_Aug_2026.xlsx,2026-09-28,2026-10-09T06:00:15.558936+00:00,2022-23,NIC-2025,Output PPI,https://www.mospi.gov.in/uploads/latestReleases/latest_release_1790590696008_1b346687-0a5f-445a-83a2-28283c586094_IIP_Press_Release_August_2026.pdf,7ca3d7b8a1fa698cd0eb10cf1b4104ce43bc63573b390231a69c673a28ac015c
2024-01,19,Manufacture of coke and refined petroleum products,105.8,5.799999999999997,Not specified,https://www.mospi.gov.in/uploads/latestReleases/latest_release_1790590696633_c0f8dc21-040f-4f5c-bfc1-63be2e5775d7_Indices_IIP_2022-23_Monthly_annual_Aug_2026.xlsx,2026-09-28,2026-10-09T06:00:15.558936+00:00,2022-23,NIC-2025,Output PPI,https://www.mospi.gov.in/uploads/latestReleases/latest_release_1790590696008_1b346687-0a5f-445a-83a2-28283c586094_IIP_Press_Release_August_2026.pdf,7ca3d7b8a1fa698cd0eb10cf1b4104ce43bc63573b390231a69c673a28ac015c
2024-01,20,Manufacture of chemicals and chemical products,107.0,7.0,Not specified,https://www.mospi.gov.in/uploads/latestReleases/latest_release_1790590696633_c0f8dc21-040f-4f5c-bfc1-63be2e5775d7_Indices_IIP_2022-23_Monthly_annual_Aug_2026.xlsx,2026-09-28,2026-10-09T06:00:15.558936+00:00,2022-23,NIC-2025,Output PPI,https://www.mospi.gov.in/uploads/latestReleases/latest_release_1790590696008_1b346687-0a5f-445a-83a2-28283c586094_IIP_Press_Release_August_2026.pdf,7ca3d7b8a1fa698cd0eb10cf1b4104ce43bc63573b390231a69c673a28ac015c
2024-01,21,Manufacture of basic pharmaceutical products and pharmaceutical preparations,116.5,16.5,Not specified,https://www.mospi.gov.in/uploads/latestReleases/latest_release_1790590696633_c0f8dc21-040f-4f5c-bfc1-63be2e5775d7_Indices_IIP_2022-23_Monthly_annual_Aug_2026.xlsx,2026-09-28,2026-10-09T06:00:15.558936+00:00,2022-23,NIC-2025,Output PPI,https://www.mospi.gov.in/uploads/latestReleases/latest_release_1790590696008_1b346687-0a5f-445a-83a2-28283c586094_IIP_Press_Release_August_2026.pdf,7ca3d7b8a1fa698cd0eb10cf1b4104ce43bc63573b390231a69c673a28ac015c
2024-01,22,Manufacture of rubber and plastics products,100.2,0.20000000000000284,Not specified,https://www.mospi.gov.in/uploads/latestReleases/latest_release_1790590696633_c0f8dc21-040f-4f5c-bfc1-63be2e5775d7_Indices_IIP_2022-23_Monthly_annual_Aug_2026.xlsx,2026-09-28,2026-10-09T06:00:15.558936+00:00,2022-23,NIC-2025,Output PPI,https://www.mospi.gov.in/uploads/latestReleases/latest_release_1790590696008_1b346687-0a5f-445a-83a2-28283c586094_IIP_Press_Release_August_2026.pdf,7ca3d7b8a1fa698cd0eb10cf1b4104ce43bc63573b390231a69c673a28ac015c
2024-01,23,Manufacture of other non-metallic mineral products,108.0,8.0,Not specified,https://www.mospi.gov.in/uploads/latestReleases/latest_release_1790590696633_c0f8dc21-040f-4f5c-bfc1-63be2e5775d7_Indices_IIP_2022-23_Monthly_annual_Aug_2026.xlsx,2026-09-28,2026-10-09T06:00:15.558936+00:00,2022-23,NIC-2025,Output PPI,https://www.mospi.gov.in/uploads/latestReleases/latest_release_1790590696008_1b346687-0a5f-445a-83a2-28283c586094_IIP_Press_Release_August_2026.pdf,7ca3d7b8a1fa698cd0eb10cf1b4104ce43bc63573b390231a69c673a28ac015c
2024-01,24,Manufacture of basic metals,116.8,16.799999999999997,Not specified,https://www.mospi.gov.in/uploads/latestReleases/latest_release_1790590696633_c0f8dc21-040f-4f5c-bfc1-63be2e5775d7_Indices_IIP_2022-23_Monthly_annual_Aug_2026.xlsx,2026-09-28,2026-10-09T06:00:15.558936+00:00,2022-23,NIC-2025,Output PPI,https://www.mospi.gov.in/uploads/latestReleases/latest_release_1790590696008_1b346687-0a5f-445a-83a2-28283c586094_IIP_Press_Release_August_2026.pdf,7ca3d7b8a1fa698cd0eb10cf1b4104ce43bc63573b390231a69c673a28ac015c
2024-01,25,"Manufacture of fabricated metal products, except machinery and equipment",109.1,9.099999999999994,Not specified,https://www.mospi.gov.in/uploads/latestReleases/latest_release_1790590696633_c0f8dc21-040f-4f5c-bfc1-63be2e5775d7_Indices_IIP_2022-23_Monthly_annual_Aug_2026.xlsx,2026-09-28,2026-10-09T06:00:15.558936+00:00,2022-23,NIC-2025,Output PPI,https://www.mospi.gov.in/uploads/latestReleases/latest_release_1790590696008_1b346687-0a5f-445a-83a2-28283c586094_IIP_Press_Release_August_2026.pdf,7ca3d7b8a1fa698cd0eb10cf1b4104ce43bc63573b390231a69c673a28ac015c
2024-01,26,"Manufacture of computer, electronic and optical products",128.9,28.900000000000006,Not specified,https://www.mospi.gov.in/uploads/latestReleases/latest_release_1790590696633_c0f8dc21-040f-4f5c-bfc1-63be2e5775d7_Indices_IIP_2022-23_Monthly_annual_Aug_2026.xlsx,2026-09-28,2026-10-09T06:00:15.558936+00:00,2022-23,NIC-2025,Output PPI,https://www.mospi.gov.in/uploads/latestReleases/latest_release_1790590696008_1b346687-0a5f-445a-83a2-28283c586094_IIP_Press_Release_August_2026.pdf,7ca3d7b8a1fa698cd0eb10cf1b4104ce43bc63573b390231a69c673a28ac015c
2024-01,27,Manufacture of electrical equipment,122.3,22.299999999999997,Not specified,https://www.mospi.gov.in/uploads/latestReleases/latest_release_1790590696633_c0f8dc21-040f-4f5c-bfc1-63be2e5775d7_Indices_IIP_2022-23_Monthly_annual_Aug_2026.xlsx,2026-09-28,2026-10-09T06:00:15.558936+00:00,2022-23,NIC-2025,Output PPI,https://www.mospi.gov.in/uploads/latestReleases/latest_release_1790590696008_1b346687-0a5f-445a-83a2-28283c586094_IIP_Press_Release_August_2026.pdf,7ca3d7b8a1fa698cd0eb10cf1b4104ce43bc63573b390231a69c673a28ac015c
2024-01,28,Manufacture of machinery and equipment n.e.c.,100.7,0.7000000000000028,Not specified,https://www.mospi.gov.in/uploads/latestReleases/latest_release_1790590696633_c0f8dc21-040f-4f5c-bfc1-63be2e5775d7_Indices_IIP_2022-23_Monthly_annual_Aug_2026.xlsx,2026-09-28,2026-10-09T06:00:15.558936+00:00,2022-23,NIC-2025,Output PPI,https://www.mospi.gov.in/uploads/latestReleases/latest_release_1790590696008_1b346687-0a5f-445a-83a2-28283c586094_IIP_Press_Release_August_2026.pdf,7ca3d7b8a1fa698cd0eb10cf1b4104ce43bc63573b390231a69c673a28ac015c
2024-01,29,"Manufacture of motor vehicles, trailers and semi-trailers",113.5,13.5,Not specified,https://www.mospi.gov.in/uploads/latestReleases/latest_release_1790590696633_c0f8dc21-040f-4f5c-bfc1-63be2e5775d7_Indices_IIP_2022-23_Monthly_annual_Aug_2026.xlsx,2026-09-28,2026-10-09T06:00:15.558936+00:00,2022-23,NIC-2025,Output PPI,https://www.mospi.gov.in/uploads/latestReleases/latest_release_1790590696008_1b346687-0a5f-445a-83a2-28283c586094_IIP_Press_Release_August_2026.pdf,7ca3d7b8a1fa698cd0eb10cf1b4104ce43bc63573b390231a69c673a28ac015c
2024-01,30,Manufacture of other transport equipment,122.8,22.799999999999997,Not specified,https://www.mospi.gov.in/uploads/latestReleases/latest_release_1790590696633_c0f8dc21-040f-4f5c-bfc1-63be2e5775d7_Indices_IIP_2022-23_Monthly_annual_Aug_2026.xlsx,2026-09-28,2026-10-09T06:00:15.558936+00:00,2022-23,NIC-2025,Output PPI,https://www.mospi.gov.in/uploads/latestReleases/latest_release_1790590696008_1b346687-0a5f-445a-83a2-28283c586094_IIP_Press_Release_August_2026.pdf,7ca3d7b8a1fa698cd0eb10cf1b4104ce43bc63573b390231a69c673a28ac015c
2024-01,31,Manufacture of furniture,103.1,3.0999999999999943,Not specified,https://www.mospi.gov.in/uploads/latestReleases/latest_release_1790590696633_c0f8dc21-040f-4f5c-bfc1-63be2e5775d7_Indices_IIP_2022-23_Monthly_annual_Aug_2026.xlsx,2026-09-28,2026-10-09T06:00:15.558936+00:00,2022-23,NIC-2025,Output PPI,https://www.mospi.gov.in/uploads/latestReleases/latest_release_1790590696008_1b346687-0a5f-445a-83a2-28283c586094_IIP_Press_Release_August_2026.pdf,7ca3d7b8a1fa698cd0eb10cf1b4104ce43bc63573b390231a69c673a28ac015c
2024-01,32,Other manufacturing,96.6,-3.4000000000000057,Not specified,https://www.mospi.gov.in/uploads/latestReleases/latest_release_1790590696633_c0f8dc21-040f-4f5c-bfc1-63be2e5775d7_Indices_IIP_2022-23_Monthly_annual_Aug_2026.xlsx,2026-09-28,2026-10-09T06:00:15.558936+00:00,2022-23,NIC-2025,Output PPI,https://www.mospi.gov.in/uploads/latestReleases/latest_release_1790590696008_1b346687-0a5f-445a-83a2-28283c586094_IIP_Press_Release_August_2026.pdf,7ca3d7b8a1fa698cd0eb10cf1b4104ce43bc63573b390231a69c673a28ac015c
2024-02,10,Manufacture of food products,108.1,8.099999999999994,Not specified,https://www.mospi.gov.in/uploads/latestReleases/latest_release_1790590696633_c0f8dc21-040f-4f5c-bfc1-63be2e5775d7_Indices_IIP_2022-23_Monthly_annual_Aug_2026.xlsx,2026-09-28,2026-10-09T06:00:15.558936+00:00,2022-23,NIC-2025,Output PPI,https://www.mospi.gov.in/uploads/latestReleases/latest_release_1790590696008_1b346687-0a5f-445a-83a2-28283c586094_IIP_Press_Release_August_2026.pdf,7ca3d7b8a1fa698cd0eb10cf1b4104ce43bc63573b390231a69c673a28ac015c
2024-02,11,Manufacture of beverages,123.9,23.900000000000006,Not specified,https://www.mospi.gov.in/uploads/latestReleases/latest_release_1790590696633_c0f8dc21-040f-4f5c-bfc1-63be2e5775d7_Indices_IIP_2022-23_Monthly_annual_Aug_2026.xlsx,2026-09-28,2026-10-09T06:00:15.558936+00:00,2022-23,NIC-2025,Output PPI,https://www.mospi.gov.in/uploads/latestReleases/latest_release_1790590696008_1b346687-0a5f-445a-83a2-28283c586094_IIP_Press_Release_August_2026.pdf,7ca3d7b8a1fa698cd0eb10cf1b4104ce43bc63573b390231a69c673a28ac015c
2024-02,12,Manufacture of tobacco products,103.9,3.9000000000000057,Not specified,https://www.mospi.gov.in/uploads/latestReleases/latest_release_1790590696633_c0f8dc21-040f-4f5c-bfc1-63be2e5775d7_Indices_IIP_2022-23_Monthly_annual_Aug_2026.xlsx,2026-09-28,2026-10-09T06:00:15.558936+00:00,2022-23,NIC-2025,Output PPI,https://www.mospi.gov.in/uploads/latestReleases/latest_release_1790590696008_1b346687-0a5f-445a-83a2-28283c586094_IIP_Press_Release_August_2026.pdf,7ca3d7b8a1fa698cd0eb10cf1b4104ce43bc63573b390231a69c673a28ac015c
2024-02,13,Manufacture of textiles,114.5,14.5,Not specified,https://www.mospi.gov.in/uploads/latestReleases/latest_release_1790590696633_c0f8dc21-040f-4f5c-bfc1-63be2e5775d7_Indices_IIP_2022-23_Monthly_annual_Aug_2026.xlsx,2026-09-28,2026-10-09T06:00:15.558936+00:00,2022-23,NIC-2025,Output PPI,https://www.mospi.gov.in/uploads/latestReleases/latest_release_1790590696008_1b346687-0a5f-445a-83a2-28283c586094_IIP_Press_Release_August_2026.pdf,7ca3d7b8a1fa698cd0eb10cf1b4104ce43bc63573b390231a69c673a28ac015c
2024-02,14,Manufacture of wearing apparel,108.9,8.900000000000006,Not specified,https://www.mospi.gov.in/uploads/latestReleases/latest_release_1790590696633_c0f8dc21-040f-4f5c-bfc1-63be2e5775d7_Indices_IIP_2022-23_Monthly_annual_Aug_2026.xlsx,2026-09-28,2026-10-09T06:00:15.558936+00:00,2022-23,NIC-2025,Output PPI,https://www.mospi.gov.in/uploads/latestReleases/latest_release_1790590696008_1b346687-0a5f-445a-83a2-28283c586094_IIP_Press_Release_August_2026.pdf,7ca3d7b8a1fa698cd0eb10cf1b4104ce43bc63573b390231a69c673a28ac015c
2024-02,15,Manufacture of leather and related products,91.0,-9.0,Not specified,https://www.mospi.gov.in/uploads/latestReleases/latest_release_1790590696633_c0f8dc21-040f-4f5c-bfc1-63be2e5775d7_Indices_IIP_2022-23_Monthly_annual_Aug_2026.xlsx,2026-09-28,2026-10-09T06:00:15.558936+00:00,2022-23,NIC-2025,Output PPI,https://www.mospi.gov.in/uploads/latestReleases/latest_release_1790590696008_1b346687-0a5f-445a-83a2-28283c586094_IIP_Press_Release_August_2026.pdf,7ca3d7b8a1fa698cd0eb10cf1b4104ce43bc63573b390231a69c673a28ac015c
2024-02,16,"Manufacture of wood and products of wood and cork, except furniture; manufacture of articles of straw and plaiting materials",100.0,0.0,Not specified,https://www.mospi.gov.in/uploads/latestReleases/latest_release_1790590696633_c0f8dc21-040f-4f5c-bfc1-63be2e5775d7_Indices_IIP_2022-23_Monthly_annual_Aug_2026.xlsx,2026-09-28,2026-10-09T06:00:15.558936+00:00,2022-23,NIC-2025,Output PPI,https://www.mospi.gov.in/uploads/latestReleases/latest_release_1790590696008_1b346687-0a5f-445a-83a2-28283c586094_IIP_Press_Release_August_2026.pdf,7ca3d7b8a1fa698cd0eb10cf1b4104ce43bc63573b390231a69c673a28ac015c
2024-02,17,Manufacture of paper and paper products,101.7,1.7000000000000028,Not specified,https://www.mospi.gov.in/uploads/latestReleases/latest_release_1790590696633_c0f8dc21-040f-4f5c-bfc1-63be2e5775d7_Indices_IIP_2022-23_Monthly_annual_Aug_2026.xlsx,2026-09-28,2026-10-09T06:00:15.558936+00:00,2022-23,NIC-2025,Output PPI,https://www.mospi.gov.in/uploads/latestReleases/latest_release_1790590696008_1b346687-0a5f-445a-83a2-28283c586094_IIP_Press_Release_August_2026.pdf,7ca3d7b8a1fa698cd0eb10cf1b4104ce43bc63573b390231a69c673a28ac015c
2024-02,18,Printing and reproduction of recorded media,102.5,2.5,Not specified,https://www.mospi.gov.in/uploads/latestReleases/latest_release_1790590696633_c0f8dc21-040f-4f5c-bfc1-63be2e5775d7_Indices_IIP_2022-23_Monthly_annual_Aug_2026.xlsx,2026-09-28,2026-10-09T06:00:15.558936+00:00,2022-23,NIC-2025,Output PPI,https://www.mospi.gov.in/uploads/latestReleases/latest_release_1790590696008_1b346687-0a5f-445a-83a2-28283c586094_IIP_Press_Release_August_2026.pdf,7ca3d7b8a1fa698cd0eb10cf1b4104ce43bc63573b390231a69c673a28ac015c
2024-02,19,Manufacture of coke and refined petroleum products,103.3,3.299999999999997,Not specified,https://www.mospi.gov.in/uploads/latestReleases/latest_release_1790590696633_c0f8dc21-040f-4f5c-bfc1-63be2e5775d7_Indices_IIP_2022-23_Monthly_annual_Aug_2026.xlsx,2026-09-28,2026-10-09T06:00:15.558936+00:00,2022-23,NIC-2025,Output PPI,https://www.mospi.gov.in/uploads/latestReleases/latest_release_1790590696008_1b346687-0a5f-445a-83a2-28283c586094_IIP_Press_Release_August_2026.pdf,7ca3d7b8a1fa698cd0eb10cf1b4104ce43bc63573b390231a69c673a28ac015c
2024-02,20,Manufacture of chemicals and chemical products,105.4,5.400000000000006,Not specified,https://www.mospi.gov.in/uploads/latestReleases/latest_release_1790590696633_c0f8dc21-040f-4f5c-bfc1-63be2e5775d7_Indices_IIP_2022-23_Monthly_annual_Aug_2026.xlsx,2026-09-28,2026-10-09T06:00:15.558936+00:00,2022-23,NIC-2025,Output PPI,https://www.mospi.gov.in/uploads/latestReleases/latest_release_1790590696008_1b346687-0a5f-445a-83a2-28283c586094_IIP_Press_Release_August_2026.pdf,7ca3d7b8a1fa698cd0eb10cf1b4104ce43bc63573b390231a69c673a28ac015c
2024-02,21,Manufacture of basic pharmaceutical products and pharmaceutical preparations,114.0,14.0,Not specified,https://www.mospi.gov.in/uploads/latestReleases/latest_release_1790590696633_c0f8dc21-040f-4f5c-bfc1-63be2e5775d7_Indices_IIP_2022-23_Monthly_annual_Aug_2026.xlsx,2026-09-28,2026-10-09T06:00:15.558936+00:00,2022-23,NIC-2025,Output PPI,https://www.mospi.gov.in/uploads/latestReleases/latest_release_1790590696008_1b346687-0a5f-445a-83a2-28283c586094_IIP_Press_Release_August_2026.pdf,7ca3d7b8a1fa698cd0eb10cf1b4104ce43bc63573b390231a69c673a28ac015c
2024-02,22,Manufacture of rubber and plastics products,101.9,1.9000000000000057,Not specified,https://www.mospi.gov.in/uploads/latestReleases/latest_release_1790590696633_c0f8dc21-040f-4f5c-bfc1-63be2e5775d7_Indices_IIP_2022-23_Monthly_annual_Aug_2026.xlsx,2026-09-28,2026-10-09T06:00:15.558936+00:00,2022-23,NIC-2025,Output PPI,https://www.mospi.gov.in/uploads/latestReleases/latest_release_1790590696008_1b346687-0a5f-445a-83a2-28283c586094_IIP_Press_Release_August_2026.pdf,7ca3d7b8a1fa698cd0eb10cf1b4104ce43bc63573b390231a69c673a28ac015c
2024-02,23,Manufacture of other non-metallic mineral products,109.0,9.0,Not specified,https://www.mospi.gov.in/uploads/latestReleases/latest_release_1790590696633_c0f8dc21-040f-4f5c-bfc1-63be2e5775d7_Indices_IIP_2022-23_Monthly_annual_Aug_2026.xlsx,2026-09-28,2026-10-09T06:00:15.558936+00:00,2022-23,NIC-2025,Output PPI,https://www.mospi.gov.in/uploads/latestReleases/latest_release_1790590696008_1b346687-0a5f-445a-83a2-28283c586094_IIP_Press_Release_August_2026.pdf,7ca3d7b8a1fa698cd0eb10cf1b4104ce43bc63573b390231a69c673a28ac015c
2024-02,24,Manufacture of basic metals,111.0,11.0,Not specified,https://www.mospi.gov.in/uploads/latestReleases/latest_release_1790590696633_c0f8dc21-040f-4f5c-bfc1-63be2e5775d7_Indices_IIP_2022-23_Monthly_annual_Aug_2026.xlsx,2026-09-28,2026-10-09T06:00:15.558936+00:00,2022-23,NIC-2025,Output PPI,https://www.mospi.gov.in/uploads/latestReleases/latest_release_1790590696008_1b346687-0a5f-445a-83a2-28283c586094_IIP_Press_Release_August_2026.pdf,7ca3d7b8a1fa698cd0eb10cf1b4104ce43bc63573b390231a69c673a28ac015c
2024-02,25,"Manufacture of fabricated metal products, except machinery and equipment",109.1,9.099999999999994,Not specified,https://www.mospi.gov.in/uploads/latestReleases/latest_release_1790590696633_c0f8dc21-040f-4f5c-bfc1-63be2e5775d7_Indices_IIP_2022-23_Monthly_annual_Aug_2026.xlsx,2026-09-28,2026-10-09T06:00:15.558936+00:00,2022-23,NIC-2025,Output PPI,https://www.mospi.gov.in/uploads/latestReleases/latest_release_1790590696008_1b346687-0a5f-445a-83a2-28283c586094_IIP_Press_Release_August_2026.pdf,7ca3d7b8a1fa698cd0eb10cf1b4104ce43bc63573b390231a69c673a28ac015c
2024-02,26,"Manufacture of computer, electronic and optical products",126.6,26.599999999999994,Not specified,https://www.mospi.gov.in/uploads/latestReleases/latest_release_1790590696633_c0f8dc21-040f-4f5c-bfc1-63be2e5775d7_Indices_IIP_2022-23_Monthly_annual_Aug_2026.xlsx,2026-09-28,2026-10-09T06:00:15.558936+00:00,2022-23,NIC-2025,Output PPI,https://www.mospi.gov.in/uploads/latestReleases/latest_release_1790590696008_1b346687-0a5f-445a-83a2-28283c586094_IIP_Press_Release_August_2026.pdf,7ca3d7b8a1fa698cd0eb10cf1b4104ce43bc63573b390231a69c673a28ac015c
2024-02,27,Manufacture of electrical equipment,115.3,15.299999999999997,Not specified,https://www.mospi.gov.in/uploads/latestReleases/latest_release_1790590696633_c0f8dc21-040f-4f5c-bfc1-63be2e5775d7_Indices_IIP_2022-23_Monthly_annual_Aug_2026.xlsx,2026-09-28,2026-10-09T06:00:15.558936+00:00,2022-23,NIC-2025,Output PPI,https://www.mospi.gov.in/uploads/latestReleases/latest_release_1790590696008_1b346687-0a5f-445a-83a2-28283c586094_IIP_Press_Release_August_2026.pdf,7ca3d7b8a1fa698cd0eb10cf1b4104ce43bc63573b390231a69c673a28ac015c
2024-02,28,Manufacture of machinery and equipment n.e.c.,108.2,8.200000000000003,Not specified,https://www.mospi.gov.in/uploads/latestReleases/latest_release_1790590696633_c0f8dc21-040f-4f5c-bfc1-63be2e5775d7_Indices_IIP_2022-23_Monthly_annual_Aug_2026.xlsx,2026-09-28,2026-10-09T06:00:15.558936+00:00,2022-23,NIC-2025,Output PPI,https://www.mospi.gov.in/uploads/latestReleases/latest_release_1790590696008_1b346687-0a5f-445a-83a2-28283c586094_IIP_Press_Release_August_2026.pdf,7ca3d7b8a1fa698cd0eb10cf1b4104ce43bc63573b390231a69c673a28ac015c
2024-02,29,"Manufacture of motor vehicles, trailers and semi-trailers",110.8,10.799999999999997,Not specified,https://www.mospi.gov.in/uploads/latestReleases/latest_release_1790590696633_c0f8dc21-040f-4f5c-bfc1-63be2e5775d7_Indices_IIP_2022-23_Monthly_annual_Aug_2026.xlsx,2026-09-28,2026-10-09T06:00:15.558936+00:00,2022-23,NIC-2025,Output PPI,https://www.mospi.gov.in/uploads/latestReleases/latest_release_1790590696008_1b346687-0a5f-445a-83a2-28283c586094_IIP_Press_Release_August_2026.pdf,7ca3d7b8a1fa698cd0eb10cf1b4104ce43bc63573b390231a69c673a28ac015c
2024-02,30,Manufacture of other transport equipment,122.7,22.700000000000003,Not specified,https://www.mospi.gov.in/uploads/latestReleases/latest_release_1790590696633_c0f8dc21-040f-4f5c-bfc1-63be2e5775d7_Indices_IIP_2022-23_Monthly_annual_Aug_2026.xlsx,2026-09-28,2026-10-09T06:00:15.558936+00:00,2022-23,NIC-2025,Output PPI,https://www.mospi.gov.in/uploads/latestReleases/latest_release_1790590696008_1b346687-0a5f-445a-83a2-28283c586094_IIP_Press_Release_August_2026.pdf,7ca3d7b8a1fa698cd0eb10cf1b4104ce43bc63573b390231a69c673a28ac015c
2024-02,31,Manufacture of furniture,103.7,3.700000000000003,Not specified,https://www.mospi.gov.in/uploads/latestReleases/latest_release_1790590696633_c0f8dc21-040f-4f5c-bfc1-63be2e5775d7_Indices_IIP_2022-23_Monthly_annual_Aug_2026.xlsx,2026-09-28,2026-10-09T06:00:15.558936+00:00,2022-23,NIC-2025,Output PPI,https://www.mospi.gov.in/uploads/latestReleases/latest_release_1790590696008_1b346687-0a5f-445a-83a2-28283c586094_IIP_Press_Release_August_2026.pdf,7ca3d7b8a1fa698cd0eb10cf1b4104ce43bc63573b390231a69c673a28ac015c
2024-02,32,Other manufacturing,100.8,0.7999999999999972,Not specified,https://www.mospi.gov.in/uploads/latestReleases/latest_release_1790590696633_c0f8dc21-040f-4f5c-bfc1-63be2e5775d7_Indices_IIP_2022-23_Monthly_annual_Aug_2026.xlsx,2026-09-28,2026-10-09T06:00:15.558936+00:00,2022-23,NIC-2025,Output PPI,https://www.mospi.gov.in/uploads/latestReleases/latest_release_1790590696008_1b346687-0a5f-445a-83a2-28283c586094_IIP_Press_Release_August_2026.pdf,7ca3d7b8a1fa698cd0eb10cf1b4104ce43bc63573b390231a69c673a28ac015c
2024-03,10,Manufacture of food products,106.3,6.299999999999997,Not specified,https://www.mospi.gov.in/uploads/latestReleases/latest_release_1790590696633_c0f8dc21-040f-4f5c-bfc1-63be2e5775d7_Indices_IIP_2022-23_Monthly_annual_Aug_2026.xlsx,2026-09-28,2026-10-09T06:00:15.558936+00:00,2022-23,NIC-2025,Output PPI,https://www.mospi.gov.in/uploads/latestReleases/latest_release_1790590696008_1b346687-0a5f-445a-83a2-28283c586094_IIP_Press_Release_August_2026.pdf,7ca3d7b8a1fa698cd0eb10cf1b4104ce43bc63573b390231a69c673a28ac015c
2024-03,11,Manufacture of beverages,138.9,38.900000000000006,Not specified,https://www.mospi.gov.in/uploads/latestReleases/latest_release_1790590696633_c0f8dc21-040f-4f5c-bfc1-63be2e5775d7_Indices_IIP_2022-23_Monthly_annual_Aug_2026.xlsx,2026-09-28,2026-10-09T06:00:15.558936+00:00,2022-23,NIC-2025,Output PPI,https://www.mospi.gov.in/uploads/latestReleases/latest_release_1790590696008_1b346687-0a5f-445a-83a2-28283c586094_IIP_Press_Release_August_2026.pdf,7ca3d7b8a1fa698cd0eb10cf1b4104ce43bc63573b390231a69c673a28ac015c
2024-03,12,Manufacture of tobacco products,103.7,3.700000000000003,Not specified,https://www.mospi.gov.in/uploads/latestReleases/latest_release_1790590696633_c0f8dc21-040f-4f5c-bfc1-63be2e5775d7_Indices_IIP_2022-23_Monthly_annual_Aug_2026.xlsx,2026-09-28,2026-10-09T06:00:15.558936+00:00,2022-23,NIC-2025,Output PPI,https://www.mospi.gov.in/uploads/latestReleases/latest_release_1790590696008_1b346687-0a5f-445a-83a2-28283c586094_IIP_Press_Release_August_2026.pdf,7ca3d7b8a1fa698cd0eb10cf1b4104ce43bc63573b390231a69c673a28ac015c
2024-03,13,Manufacture of textiles,117.9,17.900000000000006,Not specified,https://www.mospi.gov.in/uploads/latestReleases/latest_release_1790590696633_c0f8dc21-040f-4f5c-bfc1-63be2e5775d7_Indices_IIP_2022-23_Monthly_annual_Aug_2026.xlsx,2026-09-28,2026-10-09T06:00:15.558936+00:00,2022-23,NIC-2025,Output PPI,https://www.mospi.gov.in/uploads/latestReleases/latest_release_1790590696008_1b346687-0a5f-445a-83a2-28283c586094_IIP_Press_Release_August_2026.pdf,7ca3d7b8a1fa698cd0eb10cf1b4104ce43bc63573b390231a69c673a28ac015c
2024-03,14,Manufacture of wearing apparel,109.9,9.900000000000006,Not specified,https://www.mospi.gov.in/uploads/latestReleases/latest_release_1790590696633_c0f8dc21-040f-4f5c-bfc1-63be2e5775d7_Indices_IIP_2022-23_Monthly_annual_Aug_2026.xlsx,2026-09-28,2026-10-09T06:00:15.558936+00:00,2022-23,NIC-2025,Output PPI,https://www.mospi.gov.in/uploads/latestReleases/latest_release_1790590696008_1b346687-0a5f-445a-83a2-28283c586094_IIP_Press_Release_August_2026.pdf,7ca3d7b8a1fa698cd0eb10cf1b4104ce43bc63573b390231a69c673a28ac015c
2024-03,15,Manufacture of leather and related products,93.0,-7.0,Not specified,https://www.mospi.gov.in/uploads/latestReleases/latest_release_1790590696633_c0f8dc21-040f-4f5c-bfc1-63be2e5775d7_Indices_IIP_2022-23_Monthly_annual_Aug_2026.xlsx,2026-09-28,2026-10-09T06:00:15.558936+00:00,2022-23,NIC-2025,Output PPI,https://www.mospi.gov.in/uploads/latestReleases/latest_release_1790590696008_1b346687-0a5f-445a-83a2-28283c586094_IIP_Press_Release_August_2026.pdf,7ca3d7b8a1fa698cd0eb10cf1b4104ce43bc63573b390231a69c673a28ac015c
2024-03,16,"Manufacture of wood and products of wood and cork, except furniture; manufacture of articles of straw and plaiting materials",116.9,16.900000000000006,Not specified,https://www.mospi.gov.in/uploads/latestReleases/latest_release_1790590696633_c0f8dc21-040f-4f5c-bfc1-63be2e5775d7_Indices_IIP_2022-23_Monthly_annual_Aug_2026.xlsx,2026-09-28,2026-10-09T06:00:15.558936+00:00,2022-23,NIC-2025,Output PPI,https://www.mospi.gov.in/uploads/latestReleases/latest_release_1790590696008_1b346687-0a5f-445a-83a2-28283c586094_IIP_Press_Release_August_2026.pdf,7ca3d7b8a1fa698cd0eb10cf1b4104ce43bc63573b390231a69c673a28ac015c
2024-03,17,Manufacture of paper and paper products,106.7,6.700000000000003,Not specified,https://www.mospi.gov.in/uploads/latestReleases/latest_release_1790590696633_c0f8dc21-040f-4f5c-bfc1-63be2e5775d7_Indices_IIP_2022-23_Monthly_annual_Aug_2026.xlsx,2026-09-28,2026-10-09T06:00:15.558936+00:00,2022-23,NIC-2025,Output PPI,https://www.mospi.gov.in/uploads/latestReleases/latest_release_1790590696008_1b346687-0a5f-445a-83a2-28283c586094_IIP_Press_Release_August_2026.pdf,7ca3d7b8a1fa698cd0eb10cf1b4104ce43bc63573b390231a69c673a28ac015c
2024-03,18,Printing and reproduction of recorded media,108.3,8.299999999999997,Not specified,https://www.mospi.gov.in/uploads/latestReleases/latest_release_1790590696633_c0f8dc21-040f-4f5c-bfc1-63be2e5775d7_Indices_IIP_2022-23_Monthly_annual_Aug_2026.xlsx,2026-09-28,2026-10-09T06:00:15.558936+00:00,2022-23,NIC-2025,Output PPI,https://www.mospi.gov.in/uploads/latestReleases/latest_release_1790590696008_1b346687-0a5f-445a-83a2-28283c586094_IIP_Press_Release_August_2026.pdf,7ca3d7b8a1fa698cd0eb10cf1b4104ce43bc63573b390231a69c673a28ac015c
2024-03,19,Manufacture of coke and refined petroleum products,111.9,11.900000000000006,Not specified,https://www.mospi.gov.in/uploads/latestReleases/latest_release_1790590696633_c0f8dc21-040f-4f5c-bfc1-63be2e5775d7_Indices_IIP_2022-23_Monthly_annual_Aug_2026.xlsx,2026-09-28,2026-10-09T06:00:15.558936+00:00,2022-23,NIC-2025,Output PPI,https://www.mospi.gov.in/uploads/latestReleases/latest_release_1790590696008_1b346687-0a5f-445a-83a2-28283c586094_IIP_Press_Release_August_2026.pdf,7ca3d7b8a1fa698cd0eb10cf1b4104ce43bc63573b390231a69c673a28ac015c
2024-03,20,Manufacture of chemicals and chemical products,111.4,11.400000000000006,Not specified,https://www.mospi.gov.in/uploads/latestReleases/latest_release_1790590696633_c0f8dc21-040f-4f5c-bfc1-63be2e5775d7_Indices_IIP_2022-23_Monthly_annual_Aug_2026.xlsx,2026-09-28,2026-10-09T06:00:15.558936+00:00,2022-23,NIC-2025,Output PPI,https://www.mospi.gov.in/uploads/latestReleases/latest_release_1790590696008_1b346687-0a5f-445a-83a2-28283c586094_IIP_Press_Release_August_2026.pdf,7ca3d7b8a1fa698cd0eb10cf1b4104ce43bc63573b390231a69c673a28ac015c
2024-03,21,Manufacture of basic pharmaceutical products and pharmaceutical preparations,125.0,25.0,Not specified,https://www.mospi.gov.in/uploads/latestReleases/latest_release_1790590696633_c0f8dc21-040f-4f5c-bfc1-63be2e5775d7_Indices_IIP_2022-23_Monthly_annual_Aug_2026.xlsx,2026-09-28,2026-10-09T06:00:15.558936+00:00,2022-23,NIC-2025,Output PPI,https://www.mospi.gov.in/uploads/latestReleases/latest_release_1790590696008_1b346687-0a5f-445a-83a2-28283c586094_IIP_Press_Release_August_2026.pdf,7ca3d7b8a1fa698cd0eb10cf1b4104ce43bc63573b390231a69c673a28ac015c
2024-03,22,Manufacture of rubber and plastics products,105.3,5.299999999999997,Not specified,https://www.mospi.gov.in/uploads/latestReleases/latest_release_1790590696633_c0f8dc21-040f-4f5c-bfc1-63be2e5775d7_Indices_IIP_2022-23_Monthly_annual_Aug_2026.xlsx,2026-09-28,2026-10-09T06:00:15.558936+00:00,2022-23,NIC-2025,Output PPI,https://www.mospi.gov.in/uploads/latestReleases/latest_release_1790590696008_1b346687-0a5f-445a-83a2-28283c586094_IIP_Press_Release_August_2026.pdf,7ca3d7b8a1fa698cd0eb10cf1b4104ce43bc63573b390231a69c673a28ac015c
2024-03,23,Manufacture of other non-metallic mineral products,119.2,19.200000000000003,Not specified,https://www.mospi.gov.in/uploads/latestReleases/latest_release_1790590696633_c0f8dc21-040f-4f5c-bfc1-63be2e5775d7_Indices_IIP_2022-23_Monthly_annual_Aug_2026.xlsx,2026-09-28,2026-10-09T06:00:15.558936+00:00,2022-23,NIC-2025,Output PPI,https://www.mospi.gov.in/uploads/latestReleases/latest_release_1790590696008_1b346687-0a5f-445a-83a2-28283c586094_IIP_Press_Release_August_2026.pdf,7ca3d7b8a1fa698cd0eb10cf1b4104ce43bc63573b390231a69c673a28ac015c
2024-03,24,Manufacture of basic metals,120.0,20.0,Not specified,https://www.mospi.gov.in/uploads/latestReleases/latest_release_1790590696633_c0f8dc21-040f-4f5c-bfc1-63be2e5775d7_Indices_IIP_2022-23_Monthly_annual_Aug_2026.xlsx,2026-09-28,2026-10-09T06:00:15.558936+00:00,2022-23,NIC-2025,Output PPI,https://www.mospi.gov.in/uploads/latestReleases/latest_release_1790590696008_1b346687-0a5f-445a-83a2-28283c586094_IIP_Press_Release_August_2026.pdf,7ca3d7b8a1fa698cd0eb10cf1b4104ce43bc63573b390231a69c673a28ac015c
2024-03,25,"Manufacture of fabricated metal products, except machinery and equipment",129.3,29.30000000000001,Not specified,https://www.mospi.gov.in/uploads/latestReleases/latest_release_1790590696633_c0f8dc21-040f-4f5c-bfc1-63be2e5775d7_Indices_IIP_2022-23_Monthly_annual_Aug_2026.xlsx,2026-09-28,2026-10-09T06:00:15.558936+00:00,2022-23,NIC-2025,Output PPI,https://www.mospi.gov.in/uploads/latestReleases/latest_release_1790590696008_1b346687-0a5f-445a-83a2-28283c586094_IIP_Press_Release_August_2026.pdf,7ca3d7b8a1fa698cd0eb10cf1b4104ce43bc63573b390231a69c673a28ac015c
2024-03,26,"Manufacture of computer, electronic and optical products",138.5,38.5,Not specified,https://www.mospi.gov.in/uploads/latestReleases/latest_release_1790590696633_c0f8dc21-040f-4f5c-bfc1-63be2e5775d7_Indices_IIP_2022-23_Monthly_annual_Aug_2026.xlsx,2026-09-28,2026-10-09T06:00:15.558936+00:00,2022-23,NIC-2025,Output PPI,https://www.mospi.gov.in/uploads/latestReleases/latest_release_1790590696008_1b346687-0a5f-445a-83a2-28283c586094_IIP_Press_Release_August_2026.pdf,7ca3d7b8a1fa698cd0eb10cf1b4104ce43bc63573b390231a69c673a28ac015c
2024-03,27,Manufacture of electrical equipment,129.1,29.099999999999994,Not specified,https://www.mospi.gov.in/uploads/latestReleases/latest_release_1790590696633_c0f8dc21-040f-4f5c-bfc1-63be2e5775d7_Indices_IIP_2022-23_Monthly_annual_Aug_2026.xlsx,2026-09-28,2026-10-09T06:00:15.558936+00:00,2022-23,NIC-2025,Output PPI,https://www.mospi.gov.in/uploads/latestReleases/latest_release_1790590696008_1b346687-0a5f-445a-83a2-28283c586094_IIP_Press_Release_August_2026.pdf,7ca3d7b8a1fa698cd0eb10cf1b4104ce43bc63573b390231a69c673a28ac015c
2024-03,28,Manufacture of machinery and equipment n.e.c.,143.7,43.69999999999999,Not specified,https://www.mospi.gov.in/uploads/latestReleases/latest_release_1790590696633_c0f8dc21-040f-4f5c-bfc1-63be2e5775d7_Indices_IIP_2022-23_Monthly_annual_Aug_2026.xlsx,2026-09-28,2026-10-09T06:00:15.558936+00:00,2022-23,NIC-2025,Output PPI,https://www.mospi.gov.in/uploads/latestReleases/latest_release_1790590696008_1b346687-0a5f-445a-83a2-28283c586094_IIP_Press_Release_August_2026.pdf,7ca3d7b8a1fa698cd0eb10cf1b4104ce43bc63573b390231a69c673a28ac015c
2024-03,29,"Manufacture of motor vehicles, trailers and semi-trailers",111.1,11.099999999999994,Not specified,https://www.mospi.gov.in/uploads/latestReleases/latest_release_1790590696633_c0f8dc21-040f-4f5c-bfc1-63be2e5775d7_Indices_IIP_2022-23_Monthly_annual_Aug_2026.xlsx,2026-09-28,2026-10-09T06:00:15.558936+00:00,2022-23,NIC-2025,Output PPI,https://www.mospi.gov.in/uploads/latestReleases/latest_release_1790590696008_1b346687-0a5f-445a-83a2-28283c586094_IIP_Press_Release_August_2026.pdf,7ca3d7b8a1fa698cd0eb10cf1b4104ce43bc63573b390231a69c673a28ac015c
2024-03,30,Manufacture of other transport equipment,128.6,28.599999999999994,Not specified,https://www.mospi.gov.in/uploads/latestReleases/latest_release_1790590696633_c0f8dc21-040f-4f5c-bfc1-63be2e5775d7_Indices_IIP_2022-23_Monthly_annual_Aug_2026.xlsx,2026-09-28,2026-10-09T06:00:15.558936+00:00,2022-23,NIC-2025,Output PPI,https://www.mospi.gov.in/uploads/latestReleases/latest_release_1790590696008_1b346687-0a5f-445a-83a2-28283c586094_IIP_Press_Release_August_2026.pdf,7ca3d7b8a1fa698cd0eb10cf1b4104ce43bc63573b390231a69c673a28ac015c
2024-03,31,Manufacture of furniture,117.9,17.900000000000006,Not specified,https://www.mospi.gov.in/uploads/latestReleases/latest_release_1790590696633_c0f8dc21-040f-4f5c-bfc1-63be2e5775d7_Indices_IIP_2022-23_Monthly_annual_Aug_2026.xlsx,2026-09-28,2026-10-09T06:00:15.558936+00:00,2022-23,NIC-2025,Output PPI,https://www.mospi.gov.in/uploads/latestReleases/latest_release_1790590696008_1b346687-0a5f-445a-83a2-28283c586094_IIP_Press_Release_August_2026.pdf,7ca3d7b8a1fa698cd0eb10cf1b4104ce43bc63573b390231a69c673a28ac015c
2024-03,32,Other manufacturing,102.3,2.299999999999997,Not specified,https://www.mospi.gov.in/uploads/latestReleases/latest_release_1790590696633_c0f8dc21-040f-4f5c-bfc1-63be2e5775d7_Indices_IIP_2022-23_Monthly_annual_Aug_2026.xlsx,2026-09-28,2026-10-09T06:00:15.558936+00:00,2022-23,NIC-2025,Output PPI,https://www.mospi.gov.in/uploads/latestReleases/latest_release_1790590696008_1b346687-0a5f-445a-83a2-28283c586094_IIP_Press_Release_August_2026.pdf,7ca3d7b8a1fa698cd0eb10cf1b4104ce43bc63573b390231a69c673a28ac015c
2024-04,10,Manufacture of food products,92.2,-6.8,Not specified,https://www.mospi.gov.in/uploads/latestReleases/latest_release_1790590696633_c0f8dc21-040f-4f5c-bfc1-63be2e5775d7_Indices_IIP_2022-23_Monthly_annual_Aug_2026.xlsx,2026-09-28,2026-10-09T06:00:15.558936+00:00,2022-23,NIC-2025,Output PPI,https://www.mospi.gov.in/uploads/latestReleases/latest_release_1790590696008_1b346687-0a5f-445a-83a2-28283c586094_IIP_Press_Release_August_2026.pdf,7ca3d7b8a1fa698cd0eb10cf1b4104ce43bc63573b390231a69c673a28ac015c
2024-04,11,Manufacture of beverages,164.0,33.6,Not specified,https://www.mospi.gov.in/uploads/latestReleases/latest_release_1790590696633_c0f8dc21-040f-4f5c-bfc1-63be2e5775d7_Indices_IIP_2022-23_Monthly_annual_Aug_2026.xlsx,2026-09-28,2026-10-09T06:00:15.558936+00:00,2022-23,NIC-2025,Output PPI,https://www.mospi.gov.in/uploads/latestReleases/latest_release_1790590696008_1b346687-0a5f-445a-83a2-28283c586094_IIP_Press_Release_August_2026.pdf,7ca3d7b8a1fa698cd0eb10cf1b4104ce43bc63573b390231a69c673a28ac015c
2024-04,12,Manufacture of tobacco products,87.4,-0.1,Not specified,https://www.mospi.gov.in/uploads/latestReleases/latest_release_1790590696633_c0f8dc21-040f-4f5c-bfc1-63be2e5775d7_Indices_IIP_2022-23_Monthly_annual_Aug_2026.xlsx,2026-09-28,2026-10-09T06:00:15.558936+00:00,2022-23,NIC-2025,Output PPI,https://www.mospi.gov.in/uploads/latestReleases/latest_release_1790590696008_1b346687-0a5f-445a-83a2-28283c586094_IIP_Press_Release_August_2026.pdf,7ca3d7b8a1fa698cd0eb10cf1b4104ce43bc63573b390231a69c673a28ac015c
2024-04,13,Manufacture of textiles,110.6,4.8,Not specified,https://www.mospi.gov.in/uploads/latestReleases/latest_release_1790590696633_c0f8dc21-040f-4f5c-bfc1-63be2e5775d7_Indices_IIP_2022-23_Monthly_annual_Aug_2026.xlsx,2026-09-28,2026-10-09T06:00:15.558936+00:00,2022-23,NIC-2025,Output PPI,https://www.mospi.gov.in/uploads/latestReleases/latest_release_1790590696008_1b346687-0a5f-445a-83a2-28283c586094_IIP_Press_Release_August_2026.pdf,7ca3d7b8a1fa698cd0eb10cf1b4104ce43bc63573b390231a69c673a28ac015c
2024-04,14,Manufacture of wearing apparel,96.3,4.4,Not specified,https://www.mospi.gov.in/uploads/latestReleases/latest_release_1790590696633_c0f8dc21-040f-4f5c-bfc1-63be2e5775d7_Indices_IIP_2022-23_Monthly_annual_Aug_2026.xlsx,2026-09-28,2026-10-09T06:00:15.558936+00:00,2022-23,NIC-2025,Output PPI,https://www.mospi.gov.in/uploads/latestReleases/latest_release_1790590696008_1b346687-0a5f-445a-83a2-28283c586094_IIP_Press_Release_August_2026.pdf,7ca3d7b8a1fa698cd0eb10cf1b4104ce43bc63573b390231a69c673a28ac015c
2024-04,15,Manufacture of leather and related products,91.2,4.5,Not specified,https://www.mospi.gov.in/uploads/latestReleases/latest_release_1790590696633_c0f8dc21-040f-4f5c-bfc1-63be2e5775d7_Indices_IIP_2022-23_Monthly_annual_Aug_2026.xlsx,2026-09-28,2026-10-09T06:00:15.558936+00:00,2022-23,NIC-2025,Output PPI,https://www.mospi.gov.in/uploads/latestReleases/latest_release_1790590696008_1b346687-0a5f-445a-83a2-28283c586094_IIP_Press_Release_August_2026.pdf,7ca3d7b8a1fa698cd0eb10cf1b4104ce43bc63573b390231a69c673a28ac015c
2024-04,16,"Manufacture of wood and products of wood and cork, except furniture; manufacture of articles of straw and plaiting materials",89.9,-0.3,Not specified,https://www.mospi.gov.in/uploads/latestReleases/latest_release_1790590696633_c0f8dc21-040f-4f5c-bfc1-63be2e5775d7_Indices_IIP_2022-23_Monthly_annual_Aug_2026.xlsx,2026-09-28,2026-10-09T06:00:15.558936+00:00,2022-23,NIC-2025,Output PPI,https://www.mospi.gov.in/uploads/latestReleases/latest_release_1790590696008_1b346687-0a5f-445a-83a2-28283c586094_IIP_Press_Release_August_2026.pdf,7ca3d7b8a1fa698cd0eb10cf1b4104ce43bc63573b390231a69c673a28ac015c
2024-04,17,Manufacture of paper and paper products,96.3,-2.4,Not specified,https://www.mospi.gov.in/uploads/latestReleases/latest_release_1790590696633_c0f8dc21-040f-4f5c-bfc1-63be2e5775d7_Indices_IIP_2022-23_Monthly_annual_Aug_2026.xlsx,2026-09-28,2026-10-09T06:00:15.558936+00:00,2022-23,NIC-2025,Output PPI,https://www.mospi.gov.in/uploads/latestReleases/latest_release_1790590696008_1b346687-0a5f-445a-83a2-28283c586094_IIP_Press_Release_August_2026.pdf,7ca3d7b8a1fa698cd0eb10cf1b4104ce43bc63573b390231a69c673a28ac015c
2024-04,18,Printing and reproduction of recorded media,95.8,-4.4,Not specified,https://www.mospi.gov.in/uploads/latestReleases/latest_release_1790590696633_c0f8dc21-040f-4f5c-bfc1-63be2e5775d7_Indices_IIP_2022-23_Monthly_annual_Aug_2026.xlsx,2026-09-28,2026-10-09T06:00:15.558936+00:00,2022-23,NIC-2025,Output PPI,https://www.mospi.gov.in/uploads/latestReleases/latest_release_1790590696008_1b346687-0a5f-445a-83a2-28283c586094_IIP_Press_Release_August_2026.pdf,7ca3d7b8a1fa698cd0eb10cf1b4104ce43bc63573b390231a69c673a28ac015c
2024-04,19,Manufacture of coke and refined petroleum products,106.5,5.6,Not specified,https://www.mospi.gov.in/uploads/latestReleases/latest_release_1790590696633_c0f8dc21-040f-4f5c-bfc1-63be2e5775d7_Indices_IIP_2022-23_Monthly_annual_Aug_2026.xlsx,2026-09-28,2026-10-09T06:00:15.558936+00:00,2022-23,NIC-2025,Output PPI,https://www.mospi.gov.in/uploads/latestReleases/latest_release_1790590696008_1b346687-0a5f-445a-83a2-28283c586094_IIP_Press_Release_August_2026.pdf,7ca3d7b8a1fa698cd0eb10cf1b4104ce43bc63573b390231a69c673a28ac015c
2024-04,20,Manufacture of chemicals and chemical products,104.5,3.0,Not specified,https://www.mospi.gov.in/uploads/latestReleases/latest_release_1790590696633_c0f8dc21-040f-4f5c-bfc1-63be2e5775d7_Indices_IIP_2022-23_Monthly_annual_Aug_2026.xlsx,2026-09-28,2026-10-09T06:00:15.558936+00:00,2022-23,NIC-2025,Output PPI,https://www.mospi.gov.in/uploads/latestReleases/latest_release_1790590696008_1b346687-0a5f-445a-83a2-28283c586094_IIP_Press_Release_August_2026.pdf,7ca3d7b8a1fa698cd0eb10cf1b4104ce43bc63573b390231a69c673a28ac015c
2024-04,21,Manufacture of basic pharmaceutical products and pharmaceutical preparations,112.8,10.7,Not specified,https://www.mospi.gov.in/uploads/latestReleases/latest_release_1790590696633_c0f8dc21-040f-4f5c-bfc1-63be2e5775d7_Indices_IIP_2022-23_Monthly_annual_Aug_2026.xlsx,2026-09-28,2026-10-09T06:00:15.558936+00:00,2022-23,NIC-2025,Output PPI,https://www.mospi.gov.in/uploads/latestReleases/latest_release_1790590696008_1b346687-0a5f-445a-83a2-28283c586094_IIP_Press_Release_August_2026.pdf,7ca3d7b8a1fa698cd0eb10cf1b4104ce43bc63573b390231a69c673a28ac015c
2024-04,22,Manufacture of rubber and plastics products,100.3,6.0,Not specified,https://www.mospi.gov.in/uploads/latestReleases/latest_release_1790590696633_c0f8dc21-040f-4f5c-bfc1-63be2e5775d7_Indices_IIP_2022-23_Monthly_annual_Aug_2026.xlsx,2026-09-28,2026-10-09T06:00:15.558936+00:00,2022-23,NIC-2025,Output PPI,https://www.mospi.gov.in/uploads/latestReleases/latest_release_1790590696008_1b346687-0a5f-445a-83a2-28283c586094_IIP_Press_Release_August_2026.pdf,7ca3d7b8a1fa698cd0eb10cf1b4104ce43bc63573b390231a69c673a28ac015c
2024-04,23,Manufacture of other non-metallic mineral products,107.8,3.4,Not specified,https://www.mospi.gov.in/uploads/latestReleases/latest_release_1790590696633_c0f8dc21-040f-4f5c-bfc1-63be2e5775d7_Indices_IIP_2022-23_Monthly_annual_Aug_2026.xlsx,2026-09-28,2026-10-09T06:00:15.558936+00:00,2022-23,NIC-2025,Output PPI,https://www.mospi.gov.in/uploads/latestReleases/latest_release_1790590696008_1b346687-0a5f-445a-83a2-28283c586094_IIP_Press_Release_August_2026.pdf,7ca3d7b8a1fa698cd0eb10cf1b4104ce43bc63573b390231a69c673a28ac015c
2024-04,24,Manufacture of basic metals,112.6,7.2,Not specified,https://www.mospi.gov.in/uploads/latestReleases/latest_release_1790590696633_c0f8dc21-040f-4f5c-bfc1-63be2e5775d7_Indices_IIP_2022-23_Monthly_annual_Aug_2026.xlsx,2026-09-28,2026-10-09T06:00:15.558936+00:00,2022-23,NIC-2025,Output PPI,https://www.mospi.gov.in/uploads/latestReleases/latest_release_1790590696008_1b346687-0a5f-445a-83a2-28283c586094_IIP_Press_Release_August_2026.pdf,7ca3d7b8a1fa698cd0eb10cf1b4104ce43bc63573b390231a69c673a28ac015c
2024-04,25,"Manufacture of fabricated metal products, except machinery and equipment",102.7,4.1,Not specified,https://www.mospi.gov.in/uploads/latestReleases/latest_release_1790590696633_c0f8dc21-040f-4f5c-bfc1-63be2e5775d7_Indices_IIP_2022-23_Monthly_annual_Aug_2026.xlsx,2026-09-28,2026-10-09T06:00:15.558936+00:00,2022-23,NIC-2025,Output PPI,https://www.mospi.gov.in/uploads/latestReleases/latest_release_1790590696008_1b346687-0a5f-445a-83a2-28283c586094_IIP_Press_Release_August_2026.pdf,7ca3d7b8a1fa698cd0eb10cf1b4104ce43bc63573b390231a69c673a28ac015c
2024-04,26,"Manufacture of computer, electronic and optical products",113.4,5.4,Not specified,https://www.mospi.gov.in/uploads/latestReleases/latest_release_1790590696633_c0f8dc21-040f-4f5c-bfc1-63be2e5775d7_Indices_IIP_2022-23_Monthly_annual_Aug_2026.xlsx,2026-09-28,2026-10-09T06:00:15.558936+00:00,2022-23,NIC-2025,Output PPI,https://www.mospi.gov.in/uploads/latestReleases/latest_release_1790590696008_1b346687-0a5f-445a-83a2-28283c586094_IIP_Press_Release_August_2026.pdf,7ca3d7b8a1fa698cd0eb10cf1b4104ce43bc63573b390231a69c673a28ac015c
2024-04,27,Manufacture of electrical equipment,107.3,7.9,Not specified,https://www.mospi.gov.in/uploads/latestReleases/latest_release_1790590696633_c0f8dc21-040f-4f5c-bfc1-63be2e5775d7_Indices_IIP_2022-23_Monthly_annual_Aug_2026.xlsx,2026-09-28,2026-10-09T06:00:15.558936+00:00,2022-23,NIC-2025,Output PPI,https://www.mospi.gov.in/uploads/latestReleases/latest_release_1790590696008_1b346687-0a5f-445a-83a2-28283c586094_IIP_Press_Release_August_2026.pdf,7ca3d7b8a1fa698cd0eb10cf1b4104ce43bc63573b390231a69c673a28ac015c
2024-04,28,Manufacture of machinery and equipment n.e.c.,92.2,2.3,Not specified,https://www.mospi.gov.in/uploads/latestReleases/latest_release_1790590696633_c0f8dc21-040f-4f5c-bfc1-63be2e5775d7_Indices_IIP_2022-23_Monthly_annual_Aug_2026.xlsx,2026-09-28,2026-10-09T06:00:15.558936+00:00,2022-23,NIC-2025,Output PPI,https://www.mospi.gov.in/uploads/latestReleases/latest_release_1790590696008_1b346687-0a5f-445a-83a2-28283c586094_IIP_Press_Release_August_2026.pdf,7ca3d7b8a1fa698cd0eb10cf1b4104ce43bc63573b390231a69c673a28ac015c
2024-04,29,"Manufacture of motor vehicles, trailers and semi-trailers",103.8,5.7,Not specified,https://www.mospi.gov.in/uploads/latestReleases/latest_release_1790590696633_c0f8dc21-040f-4f5c-bfc1-63be2e5775d7_Indices_IIP_2022-23_Monthly_annual_Aug_2026.xlsx,2026-09-28,2026-10-09T06:00:15.558936+00:00,2022-23,NIC-2025,Output PPI,https://www.mospi.gov.in/uploads/latestReleases/latest_release_1790590696008_1b346687-0a5f-445a-83a2-28283c586094_IIP_Press_Release_August_2026.pdf,7ca3d7b8a1fa698cd0eb10cf1b4104ce43bc63573b390231a69c673a28ac015c
2024-04,30,Manufacture of other transport equipment,118.6,20.0,Not specified,https://www.mospi.gov.in/uploads/latestReleases/latest_release_1790590696633_c0f8dc21-040f-4f5c-bfc1-63be2e5775d7_Indices_IIP_2022-23_Monthly_annual_Aug_2026.xlsx,2026-09-28,2026-10-09T06:00:15.558936+00:00,2022-23,NIC-2025,Output PPI,https://www.mospi.gov.in/uploads/latestReleases/latest_release_1790590696008_1b346687-0a5f-445a-83a2-28283c586094_IIP_Press_Release_August_2026.pdf,7ca3d7b8a1fa698cd0eb10cf1b4104ce43bc63573b390231a69c673a28ac015c
2024-04,31,Manufacture of furniture,91.0,14.6,Not specified,https://www.mospi.gov.in/uploads/latestReleases/latest_release_1790590696633_c0f8dc21-040f-4f5c-bfc1-63be2e5775d7_Indices_IIP_2022-23_Monthly_annual_Aug_2026.xlsx,2026-09-28,2026-10-09T06:00:15.558936+00:00,2022-23,NIC-2025,Output PPI,https://www.mospi.gov.in/uploads/latestReleases/latest_release_1790590696008_1b346687-0a5f-445a-83a2-28283c586094_IIP_Press_Release_August_2026.pdf,7ca3d7b8a1fa698cd0eb10cf1b4104ce43bc63573b390231a69c673a28ac015c
2024-04,32,Other manufacturing,117.9,20.8,Not specified,https://www.mospi.gov.in/uploads/latestReleases/latest_release_1790590696633_c0f8dc21-040f-4f5c-bfc1-63be2e5775d7_Indices_IIP_2022-23_Monthly_annual_Aug_2026.xlsx,2026-09-28,2026-10-09T06:00:15.558936+00:00,2022-23,NIC-2025,Output PPI,https://www.mospi.gov.in/uploads/latestReleases/latest_release_1790590696008_1b346687-0a5f-445a-83a2-28283c586094_IIP_Press_Release_August_2026.pdf,7ca3d7b8a1fa698cd0eb10cf1b4104ce43bc63573b390231a69c673a28ac015c
2024-05,10,Manufacture of food products,92.3,-5.4,Not specified,https://www.mospi.gov.in/uploads/latestReleases/latest_release_1790590696633_c0f8dc21-040f-4f5c-bfc1-63be2e5775d7_Indices_IIP_2022-23_Monthly_annual_Aug_2026.xlsx,2026-09-28,2026-10-09T06:00:15.558936+00:00,2022-23,NIC-2025,Output PPI,https://www.mospi.gov.in/uploads/latestReleases/latest_release_1790590696008_1b346687-0a5f-445a-83a2-28283c586094_IIP_Press_Release_August_2026.pdf,7ca3d7b8a1fa698cd0eb10cf1b4104ce43bc63573b390231a69c673a28ac015c
2024-05,11,Manufacture of beverages,179.3,30.7,Not specified,https://www.mospi.gov.in/uploads/latestReleases/latest_release_1790590696633_c0f8dc21-040f-4f5c-bfc1-63be2e5775d7_Indices_IIP_2022-23_Monthly_annual_Aug_2026.xlsx,2026-09-28,2026-10-09T06:00:15.558936+00:00,2022-23,NIC-2025,Output PPI,https://www.mospi.gov.in/uploads/latestReleases/latest_release_1790590696008_1b346687-0a5f-445a-83a2-28283c586094_IIP_Press_Release_August_2026.pdf,7ca3d7b8a1fa698cd0eb10cf1b4104ce43bc63573b390231a69c673a28ac015c
2024-05,12,Manufacture of tobacco products,110.6,10.7,Not specified,https://www.mospi.gov.in/uploads/latestReleases/latest_release_1790590696633_c0f8dc21-040f-4f5c-bfc1-63be2e5775d7_Indices_IIP_2022-23_Monthly_annual_Aug_2026.xlsx,2026-09-28,2026-10-09T06:00:15.558936+00:00,2022-23,NIC-2025,Output PPI,https://www.mospi.gov.in/uploads/latestReleases/latest_release_1790590696008_1b346687-0a5f-445a-83a2-28283c586094_IIP_Press_Release_August_2026.pdf,7ca3d7b8a1fa698cd0eb10cf1b4104ce43bc63573b390231a69c673a28ac015c
2024-05,13,Manufacture of textiles,113.9,7.5,Not specified,https://www.mospi.gov.in/uploads/latestReleases/latest_release_1790590696633_c0f8dc21-040f-4f5c-bfc1-63be2e5775d7_Indices_IIP_2022-23_Monthly_annual_Aug_2026.xlsx,2026-09-28,2026-10-09T06:00:15.558936+00:00,2022-23,NIC-2025,Output PPI,https://www.mospi.gov.in/uploads/latestReleases/latest_release_1790590696008_1b346687-0a5f-445a-83a2-28283c586094_IIP_Press_Release_August_2026.pdf,7ca3d7b8a1fa698cd0eb10cf1b4104ce43bc63573b390231a69c673a28ac015c
2024-05,14,Manufacture of wearing apparel,102.0,7.6,Not specified,https://www.mospi.gov.in/uploads/latestReleases/latest_release_1790590696633_c0f8dc21-040f-4f5c-bfc1-63be2e5775d7_Indices_IIP_2022-23_Monthly_annual_Aug_2026.xlsx,2026-09-28,2026-10-09T06:00:15.558936+00:00,2022-23,NIC-2025,Output PPI,https://www.mospi.gov.in/uploads/latestReleases/latest_release_1790590696008_1b346687-0a5f-445a-83a2-28283c586094_IIP_Press_Release_August_2026.pdf,7ca3d7b8a1fa698cd0eb10cf1b4104ce43bc63573b390231a69c673a28ac015c
2024-05,15,Manufacture of leather and related products,102.7,-0.4,Not specified,https://www.mospi.gov.in/uploads/latestReleases/latest_release_1790590696633_c0f8dc21-040f-4f5c-bfc1-63be2e5775d7_Indices_IIP_2022-23_Monthly_annual_Aug_2026.xlsx,2026-09-28,2026-10-09T06:00:15.558936+00:00,2022-23,NIC-2025,Output PPI,https://www.mospi.gov.in/uploads/latestReleases/latest_release_1790590696008_1b346687-0a5f-445a-83a2-28283c586094_IIP_Press_Release_August_2026.pdf,7ca3d7b8a1fa698cd0eb10cf1b4104ce43bc63573b390231a69c673a28ac015c
2024-05,16,"Manufacture of wood and products of wood and cork, except furniture; manufacture of articles of straw and plaiting materials",102.5,-1.4,Not specified,https://www.mospi.gov.in/uploads/latestReleases/latest_release_1790590696633_c0f8dc21-040f-4f5c-bfc1-63be2e5775d7_Indices_IIP_2022-23_Monthly_annual_Aug_2026.xlsx,2026-09-28,2026-10-09T06:00:15.558936+00:00,2022-23,NIC-2025,Output PPI,https://www.mospi.gov.in/uploads/latestReleases/latest_release_1790590696008_1b346687-0a5f-445a-83a2-28283c586094_IIP_Press_Release_August_2026.pdf,7ca3d7b8a1fa698cd0eb10cf1b4104ce43bc63573b390231a69c673a28ac015c
2024-05,17,Manufacture of paper and paper products,106.5,11.6,Not specified,https://www.mospi.gov.in/uploads/latestReleases/latest_release_1790590696633_c0f8dc21-040f-4f5c-bfc1-63be2e5775d7_Indices_IIP_2022-23_Monthly_annual_Aug_2026.xlsx,2026-09-28,2026-10-09T06:00:15.558936+00:00,2022-23,NIC-2025,Output PPI,https://www.mospi.gov.in/uploads/latestReleases/latest_release_1790590696008_1b346687-0a5f-445a-83a2-28283c586094_IIP_Press_Release_August_2026.pdf,7ca3d7b8a1fa698cd0eb10cf1b4104ce43bc63573b390231a69c673a28ac015c
2024-05,18,Printing and reproduction of recorded media,101.7,4.5,Not specified,https://www.mospi.gov.in/uploads/latestReleases/latest_release_1790590696633_c0f8dc21-040f-4f5c-bfc1-63be2e5775d7_Indices_IIP_2022-23_Monthly_annual_Aug_2026.xlsx,2026-09-28,2026-10-09T06:00:15.558936+00:00,2022-23,NIC-2025,Output PPI,https://www.mospi.gov.in/uploads/latestReleases/latest_release_1790590696008_1b346687-0a5f-445a-83a2-28283c586094_IIP_Press_Release_August_2026.pdf,7ca3d7b8a1fa698cd0eb10cf1b4104ce43bc63573b390231a69c673a28ac015c
2024-05,19,Manufacture of coke and refined petroleum products,111.2,3.2,Not specified,https://www.mospi.gov.in/uploads/latestReleases/latest_release_1790590696633_c0f8dc21-040f-4f5c-bfc1-63be2e5775d7_Indices_IIP_2022-23_Monthly_annual_Aug_2026.xlsx,2026-09-28,2026-10-09T06:00:15.558936+00:00,2022-23,NIC-2025,Output PPI,https://www.mospi.gov.in/uploads/latestReleases/latest_release_1790590696008_1b346687-0a5f-445a-83a2-28283c586094_IIP_Press_Release_August_2026.pdf,7ca3d7b8a1fa698cd0eb10cf1b4104ce43bc63573b390231a69c673a28ac015c
2024-05,20,Manufacture of chemicals and chemical products,111.4,1.5,Not specified,https://www.mospi.gov.in/uploads/latestReleases/latest_release_1790590696633_c0f8dc21-040f-4f5c-bfc1-63be2e5775d7_Indices_IIP_2022-23_Monthly_annual_Aug_2026.xlsx,2026-09-28,2026-10-09T06:00:15.558936+00:00,2022-23,NIC-2025,Output PPI,https://www.mospi.gov.in/uploads/latestReleases/latest_release_1790590696008_1b346687-0a5f-445a-83a2-28283c586094_IIP_Press_Release_August_2026.pdf,7ca3d7b8a1fa698cd0eb10cf1b4104ce43bc63573b390231a69c673a28ac015c
2024-05,21,Manufacture of basic pharmaceutical products and pharmaceutical preparations,115.5,-1.1,Not specified,https://www.mospi.gov.in/uploads/latestReleases/latest_release_1790590696633_c0f8dc21-040f-4f5c-bfc1-63be2e5775d7_Indices_IIP_2022-23_Monthly_annual_Aug_2026.xlsx,2026-09-28,2026-10-09T06:00:15.558936+00:00,2022-23,NIC-2025,Output PPI,https://www.mospi.gov.in/uploads/latestReleases/latest_release_1790590696008_1b346687-0a5f-445a-83a2-28283c586094_IIP_Press_Release_August_2026.pdf,7ca3d7b8a1fa698cd0eb10cf1b4104ce43bc63573b390231a69c673a28ac015c
2024-05,22,Manufacture of rubber and plastics products,101.1,4.0,Not specified,https://www.mospi.gov.in/uploads/latestReleases/latest_release_1790590696633_c0f8dc21-040f-4f5c-bfc1-63be2e5775d7_Indices_IIP_2022-23_Monthly_annual_Aug_2026.xlsx,2026-09-28,2026-10-09T06:00:15.558936+00:00,2022-23,NIC-2025,Output PPI,https://www.mospi.gov.in/uploads/latestReleases/latest_release_1790590696008_1b346687-0a5f-445a-83a2-28283c586094_IIP_Press_Release_August_2026.pdf,7ca3d7b8a1fa698cd0eb10cf1b4104ce43bc63573b390231a69c673a28ac015c
2024-05,23,Manufacture of other non-metallic mineral products,110.0,1.9,Not specified,https://www.mospi.gov.in/uploads/latestReleases/latest_release_1790590696633_c0f8dc21-040f-4f5c-bfc1-63be2e5775d7_Indices_IIP_2022-23_Monthly_annual_Aug_2026.xlsx,2026-09-28,2026-10-09T06:00:15.558936+00:00,2022-23,NIC-2025,Output PPI,https://www.mospi.gov.in/uploads/latestReleases/latest_release_1790590696008_1b346687-0a5f-445a-83a2-28283c586094_IIP_Press_Release_August_2026.pdf,7ca3d7b8a1fa698cd0eb10cf1b4104ce43bc63573b390231a69c673a28ac015c
2024-05,24,Manufacture of basic metals,116.9,8.5,Not specified,https://www.mospi.gov.in/uploads/latestReleases/latest_release_1790590696633_c0f8dc21-040f-4f5c-bfc1-63be2e5775d7_Indices_IIP_2022-23_Monthly_annual_Aug_2026.xlsx,2026-09-28,2026-10-09T06:00:15.558936+00:00,2022-23,NIC-2025,Output PPI,https://www.mospi.gov.in/uploads/latestReleases/latest_release_1790590696008_1b346687-0a5f-445a-83a2-28283c586094_IIP_Press_Release_August_2026.pdf,7ca3d7b8a1fa698cd0eb10cf1b4104ce43bc63573b390231a69c673a28ac015c
2024-05,25,"Manufacture of fabricated metal products, except machinery and equipment",109.7,8.0,Not specified,https://www.mospi.gov.in/uploads/latestReleases/latest_release_1790590696633_c0f8dc21-040f-4f5c-bfc1-63be2e5775d7_Indices_IIP_2022-23_Monthly_annual_Aug_2026.xlsx,2026-09-28,2026-10-09T06:00:15.558936+00:00,2022-23,NIC-2025,Output PPI,https://www.mospi.gov.in/uploads/latestReleases/latest_release_1790590696008_1b346687-0a5f-445a-83a2-28283c586094_IIP_Press_Release_August_2026.pdf,7ca3d7b8a1fa698cd0eb10cf1b4104ce43bc63573b390231a69c673a28ac015c
2024-05,26,"Manufacture of computer, electronic and optical products",127.2,21.7,Not specified,https://www.mospi.gov.in/uploads/latestReleases/latest_release_1790590696633_c0f8dc21-040f-4f5c-bfc1-63be2e5775d7_Indices_IIP_2022-23_Monthly_annual_Aug_2026.xlsx,2026-09-28,2026-10-09T06:00:15.558936+00:00,2022-23,NIC-2025,Output PPI,https://www.mospi.gov.in/uploads/latestReleases/latest_release_1790590696008_1b346687-0a5f-445a-83a2-28283c586094_IIP_Press_Release_August_2026.pdf,7ca3d7b8a1fa698cd0eb10cf1b4104ce43bc63573b390231a69c673a28ac015c
2024-05,27,Manufacture of electrical equipment,121.2,21.8,Not specified,https://www.mospi.gov.in/uploads/latestReleases/latest_release_1790590696633_c0f8dc21-040f-4f5c-bfc1-63be2e5775d7_Indices_IIP_2022-23_Monthly_annual_Aug_2026.xlsx,2026-09-28,2026-10-09T06:00:15.558936+00:00,2022-23,NIC-2025,Output PPI,https://www.mospi.gov.in/uploads/latestReleases/latest_release_1790590696008_1b346687-0a5f-445a-83a2-28283c586094_IIP_Press_Release_August_2026.pdf,7ca3d7b8a1fa698cd0eb10cf1b4104ce43bc63573b390231a69c673a28ac015c
2024-05,28,Manufacture of machinery and equipment n.e.c.,107.6,9.6,Not specified,https://www.mospi.gov.in/uploads/latestReleases/latest_release_1790590696633_c0f8dc21-040f-4f5c-bfc1-63be2e5775d7_Indices_IIP_2022-23_Monthly_annual_Aug_2026.xlsx,2026-09-28,2026-10-09T06:00:15.558936+00:00,2022-23,NIC-2025,Output PPI,https://www.mospi.gov.in/uploads/latestReleases/latest_release_1790590696008_1b346687-0a5f-445a-83a2-28283c586094_IIP_Press_Release_August_2026.pdf,7ca3d7b8a1fa698cd0eb10cf1b4104ce43bc63573b390231a69c673a28ac015c
2024-05,29,"Manufacture of motor vehicles, trailers and semi-trailers",107.5,2.1,Not specified,https://www.mospi.gov.in/uploads/latestReleases/latest_release_1790590696633_c0f8dc21-040f-4f5c-bfc1-63be2e5775d7_Indices_IIP_2022-23_Monthly_annual_Aug_2026.xlsx,2026-09-28,2026-10-09T06:00:15.558936+00:00,2022-23,NIC-2025,Output PPI,https://www.mospi.gov.in/uploads/latestReleases/latest_release_1790590696008_1b346687-0a5f-445a-83a2-28283c586094_IIP_Press_Release_August_2026.pdf,7ca3d7b8a1fa698cd0eb10cf1b4104ce43bc63573b390231a69c673a28ac015c
2024-05,30,Manufacture of other transport equipment,130.1,19.9,Not specified,https://www.mospi.gov.in/uploads/latestReleases/latest_release_1790590696633_c0f8dc21-040f-4f5c-bfc1-63be2e5775d7_Indices_IIP_2022-23_Monthly_annual_Aug_2026.xlsx,2026-09-28,2026-10-09T06:00:15.558936+00:00,2022-23,NIC-2025,Output PPI,https://www.mospi.gov.in/uploads/latestReleases/latest_release_1790590696008_1b346687-0a5f-445a-83a2-28283c586094_IIP_Press_Release_August_2026.pdf,7ca3d7b8a1fa698cd0eb10cf1b4104ce43bc63573b390231a69c673a28ac015c
2024-05,31,Manufacture of furniture,100.6,10.8,Not specified,https://www.mospi.gov.in/uploads/latestReleases/latest_release_1790590696633_c0f8dc21-040f-4f5c-bfc1-63be2e5775d7_Indices_IIP_2022-23_Monthly_annual_Aug_2026.xlsx,2026-09-28,2026-10-09T06:00:15.558936+00:00,2022-23,NIC-2025,Output PPI,https://www.mospi.gov.in/uploads/latestReleases/latest_release_1790590696008_1b346687-0a5f-445a-83a2-28283c586094_IIP_Press_Release_August_2026.pdf,7ca3d7b8a1fa698cd0eb10cf1b4104ce43bc63573b390231a69c673a28ac015c
2024-05,32,Other manufacturing,100.1,6.6,Not specified,https://www.mospi.gov.in/uploads/latestReleases/latest_release_1790590696633_c0f8dc21-040f-4f5c-bfc1-63be2e5775d7_Indices_IIP_2022-23_Monthly_annual_Aug_2026.xlsx,2026-09-28,2026-10-09T06:00:15.558936+00:00,2022-23,NIC-2025,Output PPI,https://www.mospi.gov.in/uploads/latestReleases/latest_release_1790590696008_1b346687-0a5f-445a-83a2-28283c586094_IIP_Press_Release_August_2026.pdf,7ca3d7b8a1fa698cd0eb10cf1b4104ce43bc63573b390231a69c673a28ac015c
2024-06,10,Manufacture of food products,94.8,2.4,Not specified,https://www.mospi.gov.in/uploads/latestReleases/latest_release_1790590696633_c0f8dc21-040f-4f5c-bfc1-63be2e5775d7_Indices_IIP_2022-23_Monthly_annual_Aug_2026.xlsx,2026-09-28,2026-10-09T06:00:15.558936+00:00,2022-23,NIC-2025,Output PPI,https://www.mospi.gov.in/uploads/latestReleases/latest_release_1790590696008_1b346687-0a5f-445a-83a2-28283c586094_IIP_Press_Release_August_2026.pdf,7ca3d7b8a1fa698cd0eb10cf1b4104ce43bc63573b390231a69c673a28ac015c
2024-06,11,Manufacture of beverages,158.2,11.4,Not specified,https://www.mospi.gov.in/uploads/latestReleases/latest_release_1790590696633_c0f8dc21-040f-4f5c-bfc1-63be2e5775d7_Indices_IIP_2022-23_Monthly_annual_Aug_2026.xlsx,2026-09-28,2026-10-09T06:00:15.558936+00:00,2022-23,NIC-2025,Output PPI,https://www.mospi.gov.in/uploads/latestReleases/latest_release_1790590696008_1b346687-0a5f-445a-83a2-28283c586094_IIP_Press_Release_August_2026.pdf,7ca3d7b8a1fa698cd0eb10cf1b4104ce43bc63573b390231a69c673a28ac015c
2024-06,12,Manufacture of tobacco products,111.7,-0.8,Not specified,https://www.mospi.gov.in/uploads/latestReleases/latest_release_1790590696633_c0f8dc21-040f-4f5c-bfc1-63be2e5775d7_Indices_IIP_2022-23_Monthly_annual_Aug_2026.xlsx,2026-09-28,2026-10-09T06:00:15.558936+00:00,2022-23,NIC-2025,Output PPI,https://www.mospi.gov.in/uploads/latestReleases/latest_release_1790590696008_1b346687-0a5f-445a-83a2-28283c586094_IIP_Press_Release_August_2026.pdf,7ca3d7b8a1fa698cd0eb10cf1b4104ce43bc63573b390231a69c673a28ac015c
2024-06,13,Manufacture of textiles,115.6,12.5,Not specified,https://www.mospi.gov.in/uploads/latestReleases/latest_release_1790590696633_c0f8dc21-040f-4f5c-bfc1-63be2e5775d7_Indices_IIP_2022-23_Monthly_annual_Aug_2026.xlsx,2026-09-28,2026-10-09T06:00:15.558936+00:00,2022-23,NIC-2025,Output PPI,https://www.mospi.gov.in/uploads/latestReleases/latest_release_1790590696008_1b346687-0a5f-445a-83a2-28283c586094_IIP_Press_Release_August_2026.pdf,7ca3d7b8a1fa698cd0eb10cf1b4104ce43bc63573b390231a69c673a28ac015c
2024-06,14,Manufacture of wearing apparel,103.1,8.3,Not specified,https://www.mospi.gov.in/uploads/latestReleases/latest_release_1790590696633_c0f8dc21-040f-4f5c-bfc1-63be2e5775d7_Indices_IIP_2022-23_Monthly_annual_Aug_2026.xlsx,2026-09-28,2026-10-09T06:00:15.558936+00:00,2022-23,NIC-2025,Output PPI,https://www.mospi.gov.in/uploads/latestReleases/latest_release_1790590696008_1b346687-0a5f-445a-83a2-28283c586094_IIP_Press_Release_August_2026.pdf,7ca3d7b8a1fa698cd0eb10cf1b4104ce43bc63573b390231a69c673a28ac015c
2024-06,15,Manufacture of leather and related products,106.1,11.1,Not specified,https://www.mospi.gov.in/uploads/latestReleases/latest_release_1790590696633_c0f8dc21-040f-4f5c-bfc1-63be2e5775d7_Indices_IIP_2022-23_Monthly_annual_Aug_2026.xlsx,2026-09-28,2026-10-09T06:00:15.558936+00:00,2022-23,NIC-2025,Output PPI,https://www.mospi.gov.in/uploads/latestReleases/latest_release_1790590696008_1b346687-0a5f-445a-83a2-28283c586094_IIP_Press_Release_August_2026.pdf,7ca3d7b8a1fa698cd0eb10cf1b4104ce43bc63573b390231a69c673a28ac015c
2024-06,16,"Manufacture of wood and products of wood and cork, except furniture; manufacture of articles of straw and plaiting materials",107.7,22.5,Not specified,https://www.mospi.gov.in/uploads/latestReleases/latest_release_1790590696633_c0f8dc21-040f-4f5c-bfc1-63be2e5775d7_Indices_IIP_2022-23_Monthly_annual_Aug_2026.xlsx,2026-09-28,2026-10-09T06:00:15.558936+00:00,2022-23,NIC-2025,Output PPI,https://www.mospi.gov.in/uploads/latestReleases/latest_release_1790590696008_1b346687-0a5f-445a-83a2-28283c586094_IIP_Press_Release_August_2026.pdf,7ca3d7b8a1fa698cd0eb10cf1b4104ce43bc63573b390231a69c673a28ac015c
2024-06,17,Manufacture of paper and paper products,103.0,2.9,Not specified,https://www.mospi.gov.in/uploads/latestReleases/latest_release_1790590696633_c0f8dc21-040f-4f5c-bfc1-63be2e5775d7_Indices_IIP_2022-23_Monthly_annual_Aug_2026.xlsx,2026-09-28,2026-10-09T06:00:15.558936+00:00,2022-23,NIC-2025,Output PPI,https://www.mospi.gov.in/uploads/latestReleases/latest_release_1790590696008_1b346687-0a5f-445a-83a2-28283c586094_IIP_Press_Release_August_2026.pdf,7ca3d7b8a1fa698cd0eb10cf1b4104ce43bc63573b390231a69c673a28ac015c
2024-06,18,Printing and reproduction of recorded media,98.5,10.9,Not specified,https://www.mospi.gov.in/uploads/latestReleases/latest_release_1790590696633_c0f8dc21-040f-4f5c-bfc1-63be2e5775d7_Indices_IIP_2022-23_Monthly_annual_Aug_2026.xlsx,2026-09-28,2026-10-09T06:00:15.558936+00:00,2022-23,NIC-2025,Output PPI,https://www.mospi.gov.in/uploads/latestReleases/latest_release_1790590696008_1b346687-0a5f-445a-83a2-28283c586094_IIP_Press_Release_August_2026.pdf,7ca3d7b8a1fa698cd0eb10cf1b4104ce43bc63573b390231a69c673a28ac015c
2024-06,19,Manufacture of coke and refined petroleum products,104.1,-0.4,Not specified,https://www.mospi.gov.in/uploads/latestReleases/latest_release_1790590696633_c0f8dc21-040f-4f5c-bfc1-63be2e5775d7_Indices_IIP_2022-23_Monthly_annual_Aug_2026.xlsx,2026-09-28,2026-10-09T06:00:15.558936+00:00,2022-23,NIC-2025,Output PPI,https://www.mospi.gov.in/uploads/latestReleases/latest_release_1790590696008_1b346687-0a5f-445a-83a2-28283c586094_IIP_Press_Release_August_2026.pdf,7ca3d7b8a1fa698cd0eb10cf1b4104ce43bc63573b390231a69c673a28ac015c
2024-06,20,Manufacture of chemicals and chemical products,111.2,8.0,Not specified,https://www.mospi.gov.in/uploads/latestReleases/latest_release_1790590696633_c0f8dc21-040f-4f5c-bfc1-63be2e5775d7_Indices_IIP_2022-23_Monthly_annual_Aug_2026.xlsx,2026-09-28,2026-10-09T06:00:15.558936+00:00,2022-23,NIC-2025,Output PPI,https://www.mospi.gov.in/uploads/latestReleases/latest_release_1790590696008_1b346687-0a5f-445a-83a2-28283c586094_IIP_Press_Release_August_2026.pdf,7ca3d7b8a1fa698cd0eb10cf1b4104ce43bc63573b390231a69c673a28ac015c
2024-06,21,Manufacture of basic pharmaceutical products and pharmaceutical preparations,120.1,6.3,Not specified,https://www.mospi.gov.in/uploads/latestReleases/latest_release_1790590696633_c0f8dc21-040f-4f5c-bfc1-63be2e5775d7_Indices_IIP_2022-23_Monthly_annual_Aug_2026.xlsx,2026-09-28,2026-10-09T06:00:15.558936+00:00,2022-23,NIC-2025,Output PPI,https://www.mospi.gov.in/uploads/latestReleases/latest_release_1790590696008_1b346687-0a5f-445a-83a2-28283c586094_IIP_Press_Release_August_2026.pdf,7ca3d7b8a1fa698cd0eb10cf1b4104ce43bc63573b390231a69c673a28ac015c
2024-06,22,Manufacture of rubber and plastics products,101.2,7.5,Not specified,https://www.mospi.gov.in/uploads/latestReleases/latest_release_1790590696633_c0f8dc21-040f-4f5c-bfc1-63be2e5775d7_Indices_IIP_2022-23_Monthly_annual_Aug_2026.xlsx,2026-09-28,2026-10-09T06:00:15.558936+00:00,2022-23,NIC-2025,Output PPI,https://www.mospi.gov.in/uploads/latestReleases/latest_release_1790590696008_1b346687-0a5f-445a-83a2-28283c586094_IIP_Press_Release_August_2026.pdf,7ca3d7b8a1fa698cd0eb10cf1b4104ce43bc63573b390231a69c673a28ac015c
2024-06,23,Manufacture of other non-metallic mineral products,110.2,2.7,Not specified,https://www.mospi.gov.in/uploads/latestReleases/latest_release_1790590696633_c0f8dc21-040f-4f5c-bfc1-63be2e5775d7_Indices_IIP_2022-23_Monthly_annual_Aug_2026.xlsx,2026-09-28,2026-10-09T06:00:15.558936+00:00,2022-23,NIC-2025,Output PPI,https://www.mospi.gov.in/uploads/latestReleases/latest_release_1790590696008_1b346687-0a5f-445a-83a2-28283c586094_IIP_Press_Release_August_2026.pdf,7ca3d7b8a1fa698cd0eb10cf1b4104ce43bc63573b390231a69c673a28ac015c
2024-06,24,Manufacture of basic metals,115.3,8.7,Not specified,https://www.mospi.gov.in/uploads/latestReleases/latest_release_1790590696633_c0f8dc21-040f-4f5c-bfc1-63be2e5775d7_Indices_IIP_2022-23_Monthly_annual_Aug_2026.xlsx,2026-09-28,2026-10-09T06:00:15.558936+00:00,2022-23,NIC-2025,Output PPI,https://www.mospi.gov.in/uploads/latestReleases/latest_release_1790590696008_1b346687-0a5f-445a-83a2-28283c586094_IIP_Press_Release_August_2026.pdf,7ca3d7b8a1fa698cd0eb10cf1b4104ce43bc63573b390231a69c673a28ac015c
2024-06,25,"Manufacture of fabricated metal products, except machinery and equipment",112.8,11.2,Not specified,https://www.mospi.gov.in/uploads/latestReleases/latest_release_1790590696633_c0f8dc21-040f-4f5c-bfc1-63be2e5775d7_Indices_IIP_2022-23_Monthly_annual_Aug_2026.xlsx,2026-09-28,2026-10-09T06:00:15.558936+00:00,2022-23,NIC-2025,Output PPI,https://www.mospi.gov.in/uploads/latestReleases/latest_release_1790590696008_1b346687-0a5f-445a-83a2-28283c586094_IIP_Press_Release_August_2026.pdf,7ca3d7b8a1fa698cd0eb10cf1b4104ce43bc63573b390231a69c673a28ac015c
2024-06,26,"Manufacture of computer, electronic and optical products",129.1,21.4,Not specified,https://www.mospi.gov.in/uploads/latestReleases/latest_release_1790590696633_c0f8dc21-040f-4f5c-bfc1-63be2e5775d7_Indices_IIP_2022-23_Monthly_annual_Aug_2026.xlsx,2026-09-28,2026-10-09T06:00:15.558936+00:00,2022-23,NIC-2025,Output PPI,https://www.mospi.gov.in/uploads/latestReleases/latest_release_1790590696008_1b346687-0a5f-445a-83a2-28283c586094_IIP_Press_Release_August_2026.pdf,7ca3d7b8a1fa698cd0eb10cf1b4104ce43bc63573b390231a69c673a28ac015c
2024-06,27,Manufacture of electrical equipment,125.4,23.3,Not specified,https://www.mospi.gov.in/uploads/latestReleases/latest_release_1790590696633_c0f8dc21-040f-4f5c-bfc1-63be2e5775d7_Indices_IIP_2022-23_Monthly_annual_Aug_2026.xlsx,2026-09-28,2026-10-09T06:00:15.558936+00:00,2022-23,NIC-2025,Output PPI,https://www.mospi.gov.in/uploads/latestReleases/latest_release_1790590696008_1b346687-0a5f-445a-83a2-28283c586094_IIP_Press_Release_August_2026.pdf,7ca3d7b8a1fa698cd0eb10cf1b4104ce43bc63573b390231a69c673a28ac015c
2024-06,28,Manufacture of machinery and equipment n.e.c.,119.4,10.6,Not specified,https://www.mospi.gov.in/uploads/latestReleases/latest_release_1790590696633_c0f8dc21-040f-4f5c-bfc1-63be2e5775d7_Indices_IIP_2022-23_Monthly_annual_Aug_2026.xlsx,2026-09-28,2026-10-09T06:00:15.558936+00:00,2022-23,NIC-2025,Output PPI,https://www.mospi.gov.in/uploads/latestReleases/latest_release_1790590696008_1b346687-0a5f-445a-83a2-28283c586094_IIP_Press_Release_August_2026.pdf,7ca3d7b8a1fa698cd0eb10cf1b4104ce43bc63573b390231a69c673a28ac015c
2024-06,29,"Manufacture of motor vehicles, trailers and semi-trailers",107.9,3.6,Not specified,https://www.mospi.gov.in/uploads/latestReleases/latest_release_1790590696633_c0f8dc21-040f-4f5c-bfc1-63be2e5775d7_Indices_IIP_2022-23_Monthly_annual_Aug_2026.xlsx,2026-09-28,2026-10-09T06:00:15.558936+00:00,2022-23,NIC-2025,Output PPI,https://www.mospi.gov.in/uploads/latestReleases/latest_release_1790590696008_1b346687-0a5f-445a-83a2-28283c586094_IIP_Press_Release_August_2026.pdf,7ca3d7b8a1fa698cd0eb10cf1b4104ce43bc63573b390231a69c673a28ac015c
2024-06,30,Manufacture of other transport equipment,124.2,9.1,Not specified,https://www.mospi.gov.in/uploads/latestReleases/latest_release_1790590696633_c0f8dc21-040f-4f5c-bfc1-63be2e5775d7_Indices_IIP_2022-23_Monthly_annual_Aug_2026.xlsx,2026-09-28,2026-10-09T06:00:15.558936+00:00,2022-23,NIC-2025,Output PPI,https://www.mospi.gov.in/uploads/latestReleases/latest_release_1790590696008_1b346687-0a5f-445a-83a2-28283c586094_IIP_Press_Release_August_2026.pdf,7ca3d7b8a1fa698cd0eb10cf1b4104ce43bc63573b390231a69c673a28ac015c
2024-06,31,Manufacture of furniture,94.2,-0.8,Not specified,https://www.mospi.gov.in/uploads/latestReleases/latest_release_1790590696633_c0f8dc21-040f-4f5c-bfc1-63be2e5775d7_Indices_IIP_2022-23_Monthly_annual_Aug_2026.xlsx,2026-09-28,2026-10-09T06:00:15.558936+00:00,2022-23,NIC-2025,Output PPI,https://www.mospi.gov.in/uploads/latestReleases/latest_release_1790590696008_1b346687-0a5f-445a-83a2-28283c586094_IIP_Press_Release_August_2026.pdf,7ca3d7b8a1fa698cd0eb10cf1b4104ce43bc63573b390231a69c673a28ac015c
2024-06,32,Other manufacturing,97.3,-3.8,Not specified,https://www.mospi.gov.in/uploads/latestReleases/latest_release_1790590696633_c0f8dc21-040f-4f5c-bfc1-63be2e5775d7_Indices_IIP_2022-23_Monthly_annual_Aug_2026.xlsx,2026-09-28,2026-10-09T06:00:15.558936+00:00,2022-23,NIC-2025,Output PPI,https://www.mospi.gov.in/uploads/latestReleases/latest_release_1790590696008_1b346687-0a5f-445a-83a2-28283c586094_IIP_Press_Release_August_2026.pdf,7ca3d7b8a1fa698cd0eb10cf1b4104ce43bc63573b390231a69c673a28ac015c
2024-07,10,Manufacture of food products,96.3,-1.0,Not specified,https://www.mospi.gov.in/uploads/latestReleases/latest_release_1790590696633_c0f8dc21-040f-4f5c-bfc1-63be2e5775d7_Indices_IIP_2022-23_Monthly_annual_Aug_2026.xlsx,2026-09-28,2026-10-09T06:00:15.558936+00:00,2022-23,NIC-2025,Output PPI,https://www.mospi.gov.in/uploads/latestReleases/latest_release_1790590696008_1b346687-0a5f-445a-83a2-28283c586094_IIP_Press_Release_August_2026.pdf,7ca3d7b8a1fa698cd0eb10cf1b4104ce43bc63573b390231a69c673a28ac015c
2024-07,11,Manufacture of beverages,119.2,7.2,Not specified,https://www.mospi.gov.in/uploads/latestReleases/latest_release_1790590696633_c0f8dc21-040f-4f5c-bfc1-63be2e5775d7_Indices_IIP_2022-23_Monthly_annual_Aug_2026.xlsx,2026-09-28,2026-10-09T06:00:15.558936+00:00,2022-23,NIC-2025,Output PPI,https://www.mospi.gov.in/uploads/latestReleases/latest_release_1790590696008_1b346687-0a5f-445a-83a2-28283c586094_IIP_Press_Release_August_2026.pdf,7ca3d7b8a1fa698cd0eb10cf1b4104ce43bc63573b390231a69c673a28ac015c
2024-07,12,Manufacture of tobacco products,113.9,14.5,Not specified,https://www.mospi.gov.in/uploads/latestReleases/latest_release_1790590696633_c0f8dc21-040f-4f5c-bfc1-63be2e5775d7_Indices_IIP_2022-23_Monthly_annual_Aug_2026.xlsx,2026-09-28,2026-10-09T06:00:15.558936+00:00,2022-23,NIC-2025,Output PPI,https://www.mospi.gov.in/uploads/latestReleases/latest_release_1790590696008_1b346687-0a5f-445a-83a2-28283c586094_IIP_Press_Release_August_2026.pdf,7ca3d7b8a1fa698cd0eb10cf1b4104ce43bc63573b390231a69c673a28ac015c
2024-07,13,Manufacture of textiles,116.8,7.4,Not specified,https://www.mospi.gov.in/uploads/latestReleases/latest_release_1790590696633_c0f8dc21-040f-4f5c-bfc1-63be2e5775d7_Indices_IIP_2022-23_Monthly_annual_Aug_2026.xlsx,2026-09-28,2026-10-09T06:00:15.558936+00:00,2022-23,NIC-2025,Output PPI,https://www.mospi.gov.in/uploads/latestReleases/latest_release_1790590696008_1b346687-0a5f-445a-83a2-28283c586094_IIP_Press_Release_August_2026.pdf,7ca3d7b8a1fa698cd0eb10cf1b4104ce43bc63573b390231a69c673a28ac015c
2024-07,14,Manufacture of wearing apparel,98.8,11.9,Not specified,https://www.mospi.gov.in/uploads/latestReleases/latest_release_1790590696633_c0f8dc21-040f-4f5c-bfc1-63be2e5775d7_Indices_IIP_2022-23_Monthly_annual_Aug_2026.xlsx,2026-09-28,2026-10-09T06:00:15.558936+00:00,2022-23,NIC-2025,Output PPI,https://www.mospi.gov.in/uploads/latestReleases/latest_release_1790590696008_1b346687-0a5f-445a-83a2-28283c586094_IIP_Press_Release_August_2026.pdf,7ca3d7b8a1fa698cd0eb10cf1b4104ce43bc63573b390231a69c673a28ac015c
2024-07,15,Manufacture of leather and related products,108.7,21.0,Not specified,https://www.mospi.gov.in/uploads/latestReleases/latest_release_1790590696633_c0f8dc21-040f-4f5c-bfc1-63be2e5775d7_Indices_IIP_2022-23_Monthly_annual_Aug_2026.xlsx,2026-09-28,2026-10-09T06:00:15.558936+00:00,2022-23,NIC-2025,Output PPI,https://www.mospi.gov.in/uploads/latestReleases/latest_release_1790590696008_1b346687-0a5f-445a-83a2-28283c586094_IIP_Press_Release_August_2026.pdf,7ca3d7b8a1fa698cd0eb10cf1b4104ce43bc63573b390231a69c673a28ac015c
2024-07,16,"Manufacture of wood and products of wood and cork, except furniture; manufacture of articles of straw and plaiting materials",111.8,18.4,Not specified,https://www.mospi.gov.in/uploads/latestReleases/latest_release_1790590696633_c0f8dc21-040f-4f5c-bfc1-63be2e5775d7_Indices_IIP_2022-23_Monthly_annual_Aug_2026.xlsx,2026-09-28,2026-10-09T06:00:15.558936+00:00,2022-23,NIC-2025,Output PPI,https://www.mospi.gov.in/uploads/latestReleases/latest_release_1790590696008_1b346687-0a5f-445a-83a2-28283c586094_IIP_Press_Release_August_2026.pdf,7ca3d7b8a1fa698cd0eb10cf1b4104ce43bc63573b390231a69c673a28ac015c
2024-07,17,Manufacture of paper and paper products,107.2,2.8,Not specified,https://www.mospi.gov.in/uploads/latestReleases/latest_release_1790590696633_c0f8dc21-040f-4f5c-bfc1-63be2e5775d7_Indices_IIP_2022-23_Monthly_annual_Aug_2026.xlsx,2026-09-28,2026-10-09T06:00:15.558936+00:00,2022-23,NIC-2025,Output PPI,https://www.mospi.gov.in/uploads/latestReleases/latest_release_1790590696008_1b346687-0a5f-445a-83a2-28283c586094_IIP_Press_Release_August_2026.pdf,7ca3d7b8a1fa698cd0eb10cf1b4104ce43bc63573b390231a69c673a28ac015c
2024-07,18,Printing and reproduction of recorded media,100.8,5.2,Not specified,https://www.mospi.gov.in/uploads/latestReleases/latest_release_1790590696633_c0f8dc21-040f-4f5c-bfc1-63be2e5775d7_Indices_IIP_2022-23_Monthly_annual_Aug_2026.xlsx,2026-09-28,2026-10-09T06:00:15.558936+00:00,2022-23,NIC-2025,Output PPI,https://www.mospi.gov.in/uploads/latestReleases/latest_release_1790590696008_1b346687-0a5f-445a-83a2-28283c586094_IIP_Press_Release_August_2026.pdf,7ca3d7b8a1fa698cd0eb10cf1b4104ce43bc63573b390231a69c673a28ac015c
2024-07,19,Manufacture of coke and refined petroleum products,111.0,7.1,Not specified,https://www.mospi.gov.in/uploads/latestReleases/latest_release_1790590696633_c0f8dc21-040f-4f5c-bfc1-63be2e5775d7_Indices_IIP_2022-23_Monthly_annual_Aug_2026.xlsx,2026-09-28,2026-10-09T06:00:15.558936+00:00,2022-23,NIC-2025,Output PPI,https://www.mospi.gov.in/uploads/latestReleases/latest_release_1790590696008_1b346687-0a5f-445a-83a2-28283c586094_IIP_Press_Release_August_2026.pdf,7ca3d7b8a1fa698cd0eb10cf1b4104ce43bc63573b390231a69c673a28ac015c
2024-07,20,Manufacture of chemicals and chemical products,117.5,10.6,Not specified,https://www.mospi.gov.in/uploads/latestReleases/latest_release_1790590696633_c0f8dc21-040f-4f5c-bfc1-63be2e5775d7_Indices_IIP_2022-23_Monthly_annual_Aug_2026.xlsx,2026-09-28,2026-10-09T06:00:15.558936+00:00,2022-23,NIC-2025,Output PPI,https://www.mospi.gov.in/uploads/latestReleases/latest_release_1790590696008_1b346687-0a5f-445a-83a2-28283c586094_IIP_Press_Release_August_2026.pdf,7ca3d7b8a1fa698cd0eb10cf1b4104ce43bc63573b390231a69c673a28ac015c
2024-07,21,Manufacture of basic pharmaceutical products and pharmaceutical preparations,113.7,3.9,Not specified,https://www.mospi.gov.in/uploads/latestReleases/latest_release_1790590696633_c0f8dc21-040f-4f5c-bfc1-63be2e5775d7_Indices_IIP_2022-23_Monthly_annual_Aug_2026.xlsx,2026-09-28,2026-10-09T06:00:15.558936+00:00,2022-23,NIC-2025,Output PPI,https://www.mospi.gov.in/uploads/latestReleases/latest_release_1790590696008_1b346687-0a5f-445a-83a2-28283c586094_IIP_Press_Release_August_2026.pdf,7ca3d7b8a1fa698cd0eb10cf1b4104ce43bc63573b390231a69c673a28ac015c
2024-07,22,Manufacture of rubber and plastics products,103.1,4.7,Not specified,https://www.mospi.gov.in/uploads/latestReleases/latest_release_1790590696633_c0f8dc21-040f-4f5c-bfc1-63be2e5775d7_Indices_IIP_2022-23_Monthly_annual_Aug_2026.xlsx,2026-09-28,2026-10-09T06:00:15.558936+00:00,2022-23,NIC-2025,Output PPI,https://www.mospi.gov.in/uploads/latestReleases/latest_release_1790590696008_1b346687-0a5f-445a-83a2-28283c586094_IIP_Press_Release_August_2026.pdf,7ca3d7b8a1fa698cd0eb10cf1b4104ce43bc63573b390231a69c673a28ac015c
2024-07,23,Manufacture of other non-metallic mineral products,104.5,6.3,Not specified,https://www.mospi.gov.in/uploads/latestReleases/latest_release_1790590696633_c0f8dc21-040f-4f5c-bfc1-63be2e5775d7_Indices_IIP_2022-23_Monthly_annual_Aug_2026.xlsx,2026-09-28,2026-10-09T06:00:15.558936+00:00,2022-23,NIC-2025,Output PPI,https://www.mospi.gov.in/uploads/latestReleases/latest_release_1790590696008_1b346687-0a5f-445a-83a2-28283c586094_IIP_Press_Release_August_2026.pdf,7ca3d7b8a1fa698cd0eb10cf1b4104ce43bc63573b390231a69c673a28ac015c
2024-07,24,Manufacture of basic metals,117.7,8.4,Not specified,https://www.mospi.gov.in/uploads/latestReleases/latest_release_1790590696633_c0f8dc21-040f-4f5c-bfc1-63be2e5775d7_Indices_IIP_2022-23_Monthly_annual_Aug_2026.xlsx,2026-09-28,2026-10-09T06:00:15.558936+00:00,2022-23,NIC-2025,Output PPI,https://www.mospi.gov.in/uploads/latestReleases/latest_release_1790590696008_1b346687-0a5f-445a-83a2-28283c586094_IIP_Press_Release_August_2026.pdf,7ca3d7b8a1fa698cd0eb10cf1b4104ce43bc63573b390231a69c673a28ac015c
2024-07,25,"Manufacture of fabricated metal products, except machinery and equipment",116.1,14.5,Not specified,https://www.mospi.gov.in/uploads/latestReleases/latest_release_1790590696633_c0f8dc21-040f-4f5c-bfc1-63be2e5775d7_Indices_IIP_2022-23_Monthly_annual_Aug_2026.xlsx,2026-09-28,2026-10-09T06:00:15.558936+00:00,2022-23,NIC-2025,Output PPI,https://www.mospi.gov.in/uploads/latestReleases/latest_release_1790590696008_1b346687-0a5f-445a-83a2-28283c586094_IIP_Press_Release_August_2026.pdf,7ca3d7b8a1fa698cd0eb10cf1b4104ce43bc63573b390231a69c673a28ac015c
2024-07,26,"Manufacture of computer, electronic and optical products",128.2,11.0,Not specified,https://www.mospi.gov.in/uploads/latestReleases/latest_release_1790590696633_c0f8dc21-040f-4f5c-bfc1-63be2e5775d7_Indices_IIP_2022-23_Monthly_annual_Aug_2026.xlsx,2026-09-28,2026-10-09T06:00:15.558936+00:00,2022-23,NIC-2025,Output PPI,https://www.mospi.gov.in/uploads/latestReleases/latest_release_1790590696008_1b346687-0a5f-445a-83a2-28283c586094_IIP_Press_Release_August_2026.pdf,7ca3d7b8a1fa698cd0eb10cf1b4104ce43bc63573b390231a69c673a28ac015c
2024-07,27,Manufacture of electrical equipment,127.3,24.8,Not specified,https://www.mospi.gov.in/uploads/latestReleases/latest_release_1790590696633_c0f8dc21-040f-4f5c-bfc1-63be2e5775d7_Indices_IIP_2022-23_Monthly_annual_Aug_2026.xlsx,2026-09-28,2026-10-09T06:00:15.558936+00:00,2022-23,NIC-2025,Output PPI,https://www.mospi.gov.in/uploads/latestReleases/latest_release_1790590696008_1b346687-0a5f-445a-83a2-28283c586094_IIP_Press_Release_August_2026.pdf,7ca3d7b8a1fa698cd0eb10cf1b4104ce43bc63573b390231a69c673a28ac015c
2024-07,28,Manufacture of machinery and equipment n.e.c.,111.4,11.6,Not specified,https://www.mospi.gov.in/uploads/latestReleases/latest_release_1790590696633_c0f8dc21-040f-4f5c-bfc1-63be2e5775d7_Indices_IIP_2022-23_Monthly_annual_Aug_2026.xlsx,2026-09-28,2026-10-09T06:00:15.558936+00:00,2022-23,NIC-2025,Output PPI,https://www.mospi.gov.in/uploads/latestReleases/latest_release_1790590696008_1b346687-0a5f-445a-83a2-28283c586094_IIP_Press_Release_August_2026.pdf,7ca3d7b8a1fa698cd0eb10cf1b4104ce43bc63573b390231a69c673a28ac015c
2024-07,29,"Manufacture of motor vehicles, trailers and semi-trailers",114.1,1.5,Not specified,https://www.mospi.gov.in/uploads/latestReleases/latest_release_1790590696633_c0f8dc21-040f-4f5c-bfc1-63be2e5775d7_Indices_IIP_2022-23_Monthly_annual_Aug_2026.xlsx,2026-09-28,2026-10-09T06:00:15.558936+00:00,2022-23,NIC-2025,Output PPI,https://www.mospi.gov.in/uploads/latestReleases/latest_release_1790590696008_1b346687-0a5f-445a-83a2-28283c586094_IIP_Press_Release_August_2026.pdf,7ca3d7b8a1fa698cd0eb10cf1b4104ce43bc63573b390231a69c673a28ac015c
2024-07,30,Manufacture of other transport equipment,127.5,16.1,Not specified,https://www.mospi.gov.in/uploads/latestReleases/latest_release_1790590696633_c0f8dc21-040f-4f5c-bfc1-63be2e5775d7_Indices_IIP_2022-23_Monthly_annual_Aug_2026.xlsx,2026-09-28,2026-10-09T06:00:15.558936+00:00,2022-23,NIC-2025,Output PPI,https://www.mospi.gov.in/uploads/latestReleases/latest_release_1790590696008_1b346687-0a5f-445a-83a2-28283c586094_IIP_Press_Release_August_2026.pdf,7ca3d7b8a1fa698cd0eb10cf1b4104ce43bc63573b390231a69c673a28ac015c
2024-07,31,Manufacture of furniture,104.6,11.3,Not specified,https://www.mospi.gov.in/uploads/latestReleases/latest_release_1790590696633_c0f8dc21-040f-4f5c-bfc1-63be2e5775d7_Indices_IIP_2022-23_Monthly_annual_Aug_2026.xlsx,2026-09-28,2026-10-09T06:00:15.558936+00:00,2022-23,NIC-2025,Output PPI,https://www.mospi.gov.in/uploads/latestReleases/latest_release_1790590696008_1b346687-0a5f-445a-83a2-28283c586094_IIP_Press_Release_August_2026.pdf,7ca3d7b8a1fa698cd0eb10cf1b4104ce43bc63573b390231a69c673a28ac015c
2024-07,32,Other manufacturing,109.8,-1.8,Not specified,https://www.mospi.gov.in/uploads/latestReleases/latest_release_1790590696633_c0f8dc21-040f-4f5c-bfc1-63be2e5775d7_Indices_IIP_2022-23_Monthly_annual_Aug_2026.xlsx,2026-09-28,2026-10-09T06:00:15.558936+00:00,2022-23,NIC-2025,Output PPI,https://www.mospi.gov.in/uploads/latestReleases/latest_release_1790590696008_1b346687-0a5f-445a-83a2-28283c586094_IIP_Press_Release_August_2026.pdf,7ca3d7b8a1fa698cd0eb10cf1b4104ce43bc63573b390231a69c673a28ac015c
2024-08,10,Manufacture of food products,99.7,0.5,Not specified,https://www.mospi.gov.in/uploads/latestReleases/latest_release_1790590696633_c0f8dc21-040f-4f5c-bfc1-63be2e5775d7_Indices_IIP_2022-23_Monthly_annual_Aug_2026.xlsx,2026-09-28,2026-10-09T06:00:15.558936+00:00,2022-23,NIC-2025,Output PPI,https://www.mospi.gov.in/uploads/latestReleases/latest_release_1790590696008_1b346687-0a5f-445a-83a2-28283c586094_IIP_Press_Release_August_2026.pdf,7ca3d7b8a1fa698cd0eb10cf1b4104ce43bc63573b390231a69c673a28ac015c
2024-08,11,Manufacture of beverages,107.0,-1.7,Not specified,https://www.mospi.gov.in/uploads/latestReleases/latest_release_1790590696633_c0f8dc21-040f-4f5c-bfc1-63be2e5775d7_Indices_IIP_2022-23_Monthly_annual_Aug_2026.xlsx,2026-09-28,2026-10-09T06:00:15.558936+00:00,2022-23,NIC-2025,Output PPI,https://www.mospi.gov.in/uploads/latestReleases/latest_release_1790590696008_1b346687-0a5f-445a-83a2-28283c586094_IIP_Press_Release_August_2026.pdf,7ca3d7b8a1fa698cd0eb10cf1b4104ce43bc63573b390231a69c673a28ac015c
2024-08,12,Manufacture of tobacco products,110.7,3.5,Not specified,https://www.mospi.gov.in/uploads/latestReleases/latest_release_1790590696633_c0f8dc21-040f-4f5c-bfc1-63be2e5775d7_Indices_IIP_2022-23_Monthly_annual_Aug_2026.xlsx,2026-09-28,2026-10-09T06:00:15.558936+00:00,2022-23,NIC-2025,Output PPI,https://www.mospi.gov.in/uploads/latestReleases/latest_release_1790590696008_1b346687-0a5f-445a-83a2-28283c586094_IIP_Press_Release_August_2026.pdf,7ca3d7b8a1fa698cd0eb10cf1b4104ce43bc63573b390231a69c673a28ac015c
2024-08,13,Manufacture of textiles,116.4,5.0,Not specified,https://www.mospi.gov.in/uploads/latestReleases/latest_release_1790590696633_c0f8dc21-040f-4f5c-bfc1-63be2e5775d7_Indices_IIP_2022-23_Monthly_annual_Aug_2026.xlsx,2026-09-28,2026-10-09T06:00:15.558936+00:00,2022-23,NIC-2025,Output PPI,https://www.mospi.gov.in/uploads/latestReleases/latest_release_1790590696008_1b346687-0a5f-445a-83a2-28283c586094_IIP_Press_Release_August_2026.pdf,7ca3d7b8a1fa698cd0eb10cf1b4104ce43bc63573b390231a69c673a28ac015c
2024-08,14,Manufacture of wearing apparel,99.5,12.4,Not specified,https://www.mospi.gov.in/uploads/latestReleases/latest_release_1790590696633_c0f8dc21-040f-4f5c-bfc1-63be2e5775d7_Indices_IIP_2022-23_Monthly_annual_Aug_2026.xlsx,2026-09-28,2026-10-09T06:00:15.558936+00:00,2022-23,NIC-2025,Output PPI,https://www.mospi.gov.in/uploads/latestReleases/latest_release_1790590696008_1b346687-0a5f-445a-83a2-28283c586094_IIP_Press_Release_August_2026.pdf,7ca3d7b8a1fa698cd0eb10cf1b4104ce43bc63573b390231a69c673a28ac015c
2024-08,15,Manufacture of leather and related products,103.8,13.7,Not specified,https://www.mospi.gov.in/uploads/latestReleases/latest_release_1790590696633_c0f8dc21-040f-4f5c-bfc1-63be2e5775d7_Indices_IIP_2022-23_Monthly_annual_Aug_2026.xlsx,2026-09-28,2026-10-09T06:00:15.558936+00:00,2022-23,NIC-2025,Output PPI,https://www.mospi.gov.in/uploads/latestReleases/latest_release_1790590696008_1b346687-0a5f-445a-83a2-28283c586094_IIP_Press_Release_August_2026.pdf,7ca3d7b8a1fa698cd0eb10cf1b4104ce43bc63573b390231a69c673a28ac015c
2024-08,16,"Manufacture of wood and products of wood and cork, except furniture; manufacture of articles of straw and plaiting materials",99.1,7.5,Not specified,https://www.mospi.gov.in/uploads/latestReleases/latest_release_1790590696633_c0f8dc21-040f-4f5c-bfc1-63be2e5775d7_Indices_IIP_2022-23_Monthly_annual_Aug_2026.xlsx,2026-09-28,2026-10-09T06:00:15.558936+00:00,2022-23,NIC-2025,Output PPI,https://www.mospi.gov.in/uploads/latestReleases/latest_release_1790590696008_1b346687-0a5f-445a-83a2-28283c586094_IIP_Press_Release_August_2026.pdf,7ca3d7b8a1fa698cd0eb10cf1b4104ce43bc63573b390231a69c673a28ac015c
2024-08,17,Manufacture of paper and paper products,108.5,3.6,Not specified,https://www.mospi.gov.in/uploads/latestReleases/latest_release_1790590696633_c0f8dc21-040f-4f5c-bfc1-63be2e5775d7_Indices_IIP_2022-23_Monthly_annual_Aug_2026.xlsx,2026-09-28,2026-10-09T06:00:15.558936+00:00,2022-23,NIC-2025,Output PPI,https://www.mospi.gov.in/uploads/latestReleases/latest_release_1790590696008_1b346687-0a5f-445a-83a2-28283c586094_IIP_Press_Release_August_2026.pdf,7ca3d7b8a1fa698cd0eb10cf1b4104ce43bc63573b390231a69c673a28ac015c
2024-08,18,Printing and reproduction of recorded media,93.9,3.8,Not specified,https://www.mospi.gov.in/uploads/latestReleases/latest_release_1790590696633_c0f8dc21-040f-4f5c-bfc1-63be2e5775d7_Indices_IIP_2022-23_Monthly_annual_Aug_2026.xlsx,2026-09-28,2026-10-09T06:00:15.558936+00:00,2022-23,NIC-2025,Output PPI,https://www.mospi.gov.in/uploads/latestReleases/latest_release_1790590696008_1b346687-0a5f-445a-83a2-28283c586094_IIP_Press_Release_August_2026.pdf,7ca3d7b8a1fa698cd0eb10cf1b4104ce43bc63573b390231a69c673a28ac015c
2024-08,19,Manufacture of coke and refined petroleum products,103.6,3.5,Not specified,https://www.mospi.gov.in/uploads/latestReleases/latest_release_1790590696633_c0f8dc21-040f-4f5c-bfc1-63be2e5775d7_Indices_IIP_2022-23_Monthly_annual_Aug_2026.xlsx,2026-09-28,2026-10-09T06:00:15.558936+00:00,2022-23,NIC-2025,Output PPI,https://www.mospi.gov.in/uploads/latestReleases/latest_release_1790590696008_1b346687-0a5f-445a-83a2-28283c586094_IIP_Press_Release_August_2026.pdf,7ca3d7b8a1fa698cd0eb10cf1b4104ce43bc63573b390231a69c673a28ac015c
2024-08,20,Manufacture of chemicals and chemical products,112.0,3.6,Not specified,https://www.mospi.gov.in/uploads/latestReleases/latest_release_1790590696633_c0f8dc21-040f-4f5c-bfc1-63be2e5775d7_Indices_IIP_2022-23_Monthly_annual_Aug_2026.xlsx,2026-09-28,2026-10-09T06:00:15.558936+00:00,2022-23,NIC-2025,Output PPI,https://www.mospi.gov.in/uploads/latestReleases/latest_release_1790590696008_1b346687-0a5f-445a-83a2-28283c586094_IIP_Press_Release_August_2026.pdf,7ca3d7b8a1fa698cd0eb10cf1b4104ce43bc63573b390231a69c673a28ac015c
2024-08,21,Manufacture of basic pharmaceutical products and pharmaceutical preparations,124.1,6.2,Not specified,https://www.mospi.gov.in/uploads/latestReleases/latest_release_1790590696633_c0f8dc21-040f-4f5c-bfc1-63be2e5775d7_Indices_IIP_2022-23_Monthly_annual_Aug_2026.xlsx,2026-09-28,2026-10-09T06:00:15.558936+00:00,2022-23,NIC-2025,Output PPI,https://www.mospi.gov.in/uploads/latestReleases/latest_release_1790590696008_1b346687-0a5f-445a-83a2-28283c586094_IIP_Press_Release_August_2026.pdf,7ca3d7b8a1fa698cd0eb10cf1b4104ce43bc63573b390231a69c673a28ac015c
2024-08,22,Manufacture of rubber and plastics products,102.3,3.1,Not specified,https://www.mospi.gov.in/uploads/latestReleases/latest_release_1790590696633_c0f8dc21-040f-4f5c-bfc1-63be2e5775d7_Indices_IIP_2022-23_Monthly_annual_Aug_2026.xlsx,2026-09-28,2026-10-09T06:00:15.558936+00:00,2022-23,NIC-2025,Output PPI,https://www.mospi.gov.in/uploads/latestReleases/latest_release_1790590696008_1b346687-0a5f-445a-83a2-28283c586094_IIP_Press_Release_August_2026.pdf,7ca3d7b8a1fa698cd0eb10cf1b4104ce43bc63573b390231a69c673a28ac015c
2024-08,23,Manufacture of other non-metallic mineral products,104.3,-0.4,Not specified,https://www.mospi.gov.in/uploads/latestReleases/latest_release_1790590696633_c0f8dc21-040f-4f5c-bfc1-63be2e5775d7_Indices_IIP_2022-23_Monthly_annual_Aug_2026.xlsx,2026-09-28,2026-10-09T06:00:15.558936+00:00,2022-23,NIC-2025,Output PPI,https://www.mospi.gov.in/uploads/latestReleases/latest_release_1790590696008_1b346687-0a5f-445a-83a2-28283c586094_IIP_Press_Release_August_2026.pdf,7ca3d7b8a1fa698cd0eb10cf1b4104ce43bc63573b390231a69c673a28ac015c
2024-08,24,Manufacture of basic metals,117.9,4.2,Not specified,https://www.mospi.gov.in/uploads/latestReleases/latest_release_1790590696633_c0f8dc21-040f-4f5c-bfc1-63be2e5775d7_Indices_IIP_2022-23_Monthly_annual_Aug_2026.xlsx,2026-09-28,2026-10-09T06:00:15.558936+00:00,2022-23,NIC-2025,Output PPI,https://www.mospi.gov.in/uploads/latestReleases/latest_release_1790590696008_1b346687-0a5f-445a-83a2-28283c586094_IIP_Press_Release_August_2026.pdf,7ca3d7b8a1fa698cd0eb10cf1b4104ce43bc63573b390231a69c673a28ac015c
2024-08,25,"Manufacture of fabricated metal products, except machinery and equipment",115.2,7.4,Not specified,https://www.mospi.gov.in/uploads/latestReleases/latest_release_1790590696633_c0f8dc21-040f-4f5c-bfc1-63be2e5775d7_Indices_IIP_2022-23_Monthly_annual_Aug_2026.xlsx,2026-09-28,2026-10-09T06:00:15.558936+00:00,2022-23,NIC-2025,Output PPI,https://www.mospi.gov.in/uploads/latestReleases/latest_release_1790590696008_1b346687-0a5f-445a-83a2-28283c586094_IIP_Press_Release_August_2026.pdf,7ca3d7b8a1fa698cd0eb10cf1b4104ce43bc63573b390231a69c673a28ac015c
2024-08,26,"Manufacture of computer, electronic and optical products",130.0,3.2,Not specified,https://www.mospi.gov.in/uploads/latestReleases/latest_release_1790590696633_c0f8dc21-040f-4f5c-bfc1-63be2e5775d7_Indices_IIP_2022-23_Monthly_annual_Aug_2026.xlsx,2026-09-28,2026-10-09T06:00:15.558936+00:00,2022-23,NIC-2025,Output PPI,https://www.mospi.gov.in/uploads/latestReleases/latest_release_1790590696008_1b346687-0a5f-445a-83a2-28283c586094_IIP_Press_Release_August_2026.pdf,7ca3d7b8a1fa698cd0eb10cf1b4104ce43bc63573b390231a69c673a28ac015c
2024-08,27,Manufacture of electrical equipment,119.3,2.9,Not specified,https://www.mospi.gov.in/uploads/latestReleases/latest_release_1790590696633_c0f8dc21-040f-4f5c-bfc1-63be2e5775d7_Indices_IIP_2022-23_Monthly_annual_Aug_2026.xlsx,2026-09-28,2026-10-09T06:00:15.558936+00:00,2022-23,NIC-2025,Output PPI,https://www.mospi.gov.in/uploads/latestReleases/latest_release_1790590696008_1b346687-0a5f-445a-83a2-28283c586094_IIP_Press_Release_August_2026.pdf,7ca3d7b8a1fa698cd0eb10cf1b4104ce43bc63573b390231a69c673a28ac015c
2024-08,28,Manufacture of machinery and equipment n.e.c.,113.2,3.8,Not specified,https://www.mospi.gov.in/uploads/latestReleases/latest_release_1790590696633_c0f8dc21-040f-4f5c-bfc1-63be2e5775d7_Indices_IIP_2022-23_Monthly_annual_Aug_2026.xlsx,2026-09-28,2026-10-09T06:00:15.558936+00:00,2022-23,NIC-2025,Output PPI,https://www.mospi.gov.in/uploads/latestReleases/latest_release_1790590696008_1b346687-0a5f-445a-83a2-28283c586094_IIP_Press_Release_August_2026.pdf,7ca3d7b8a1fa698cd0eb10cf1b4104ce43bc63573b390231a69c673a28ac015c
2024-08,29,"Manufacture of motor vehicles, trailers and semi-trailers",112.3,-1.6,Not specified,https://www.mospi.gov.in/uploads/latestReleases/latest_release_1790590696633_c0f8dc21-040f-4f5c-bfc1-63be2e5775d7_Indices_IIP_2022-23_Monthly_annual_Aug_2026.xlsx,2026-09-28,2026-10-09T06:00:15.558936+00:00,2022-23,NIC-2025,Output PPI,https://www.mospi.gov.in/uploads/latestReleases/latest_release_1790590696008_1b346687-0a5f-445a-83a2-28283c586094_IIP_Press_Release_August_2026.pdf,7ca3d7b8a1fa698cd0eb10cf1b4104ce43bc63573b390231a69c673a28ac015c
2024-08,30,Manufacture of other transport equipment,131.1,9.4,Not specified,https://www.mospi.gov.in/uploads/latestReleases/latest_release_1790590696633_c0f8dc21-040f-4f5c-bfc1-63be2e5775d7_Indices_IIP_2022-23_Monthly_annual_Aug_2026.xlsx,2026-09-28,2026-10-09T06:00:15.558936+00:00,2022-23,NIC-2025,Output PPI,https://www.mospi.gov.in/uploads/latestReleases/latest_release_1790590696008_1b346687-0a5f-445a-83a2-28283c586094_IIP_Press_Release_August_2026.pdf,7ca3d7b8a1fa698cd0eb10cf1b4104ce43bc63573b390231a69c673a28ac015c
2024-08,31,Manufacture of furniture,107.2,9.8,Not specified,https://www.mospi.gov.in/uploads/latestReleases/latest_release_1790590696633_c0f8dc21-040f-4f5c-bfc1-63be2e5775d7_Indices_IIP_2022-23_Monthly_annual_Aug_2026.xlsx,2026-09-28,2026-10-09T06:00:15.558936+00:00,2022-23,NIC-2025,Output PPI,https://www.mospi.gov.in/uploads/latestReleases/latest_release_1790590696008_1b346687-0a5f-445a-83a2-28283c586094_IIP_Press_Release_August_2026.pdf,7ca3d7b8a1fa698cd0eb10cf1b4104ce43bc63573b390231a69c673a28ac015c
2024-08,32,Other manufacturing,119.8,0.8,Not specified,https://www.mospi.gov.in/uploads/latestReleases/latest_release_1790590696633_c0f8dc21-040f-4f5c-bfc1-63be2e5775d7_Indices_IIP_2022-23_Monthly_annual_Aug_2026.xlsx,2026-09-28,2026-10-09T06:00:15.558936+00:00,2022-23,NIC-2025,Output PPI,https://www.mospi.gov.in/uploads/latestReleases/latest_release_1790590696008_1b346687-0a5f-445a-83a2-28283c586094_IIP_Press_Release_August_2026.pdf,7ca3d7b8a1fa698cd0eb10cf1b4104ce43bc63573b390231a69c673a28ac015c
2024-09,10,Manufacture of food products,97.5,4.8,Not specified,https://www.mospi.gov.in/uploads/latestReleases/latest_release_1790590696633_c0f8dc21-040f-4f5c-bfc1-63be2e5775d7_Indices_IIP_2022-23_Monthly_annual_Aug_2026.xlsx,2026-09-28,2026-10-09T06:00:15.558936+00:00,2022-23,NIC-2025,Output PPI,https://www.mospi.gov.in/uploads/latestReleases/latest_release_1790590696008_1b346687-0a5f-445a-83a2-28283c586094_IIP_Press_Release_August_2026.pdf,7ca3d7b8a1fa698cd0eb10cf1b4104ce43bc63573b390231a69c673a28ac015c
2024-09,11,Manufacture of beverages,106.0,-0.5,Not specified,https://www.mospi.gov.in/uploads/latestReleases/latest_release_1790590696633_c0f8dc21-040f-4f5c-bfc1-63be2e5775d7_Indices_IIP_2022-23_Monthly_annual_Aug_2026.xlsx,2026-09-28,2026-10-09T06:00:15.558936+00:00,2022-23,NIC-2025,Output PPI,https://www.mospi.gov.in/uploads/latestReleases/latest_release_1790590696008_1b346687-0a5f-445a-83a2-28283c586094_IIP_Press_Release_August_2026.pdf,7ca3d7b8a1fa698cd0eb10cf1b4104ce43bc63573b390231a69c673a28ac015c
2024-09,12,Manufacture of tobacco products,123.5,16.3,Not specified,https://www.mospi.gov.in/uploads/latestReleases/latest_release_1790590696633_c0f8dc21-040f-4f5c-bfc1-63be2e5775d7_Indices_IIP_2022-23_Monthly_annual_Aug_2026.xlsx,2026-09-28,2026-10-09T06:00:15.558936+00:00,2022-23,NIC-2025,Output PPI,https://www.mospi.gov.in/uploads/latestReleases/latest_release_1790590696008_1b346687-0a5f-445a-83a2-28283c586094_IIP_Press_Release_August_2026.pdf,7ca3d7b8a1fa698cd0eb10cf1b4104ce43bc63573b390231a69c673a28ac015c
2024-09,13,Manufacture of textiles,120.6,8.9,Not specified,https://www.mospi.gov.in/uploads/latestReleases/latest_release_1790590696633_c0f8dc21-040f-4f5c-bfc1-63be2e5775d7_Indices_IIP_2022-23_Monthly_annual_Aug_2026.xlsx,2026-09-28,2026-10-09T06:00:15.558936+00:00,2022-23,NIC-2025,Output PPI,https://www.mospi.gov.in/uploads/latestReleases/latest_release_1790590696008_1b346687-0a5f-445a-83a2-28283c586094_IIP_Press_Release_August_2026.pdf,7ca3d7b8a1fa698cd0eb10cf1b4104ce43bc63573b390231a69c673a28ac015c
2024-09,14,Manufacture of wearing apparel,97.6,13.9,Not specified,https://www.mospi.gov.in/uploads/latestReleases/latest_release_1790590696633_c0f8dc21-040f-4f5c-bfc1-63be2e5775d7_Indices_IIP_2022-23_Monthly_annual_Aug_2026.xlsx,2026-09-28,2026-10-09T06:00:15.558936+00:00,2022-23,NIC-2025,Output PPI,https://www.mospi.gov.in/uploads/latestReleases/latest_release_1790590696008_1b346687-0a5f-445a-83a2-28283c586094_IIP_Press_Release_August_2026.pdf,7ca3d7b8a1fa698cd0eb10cf1b4104ce43bc63573b390231a69c673a28ac015c
2024-09,15,Manufacture of leather and related products,96.4,9.2,Not specified,https://www.mospi.gov.in/uploads/latestReleases/latest_release_1790590696633_c0f8dc21-040f-4f5c-bfc1-63be2e5775d7_Indices_IIP_2022-23_Monthly_annual_Aug_2026.xlsx,2026-09-28,2026-10-09T06:00:15.558936+00:00,2022-23,NIC-2025,Output PPI,https://www.mospi.gov.in/uploads/latestReleases/latest_release_1790590696008_1b346687-0a5f-445a-83a2-28283c586094_IIP_Press_Release_August_2026.pdf,7ca3d7b8a1fa698cd0eb10cf1b4104ce43bc63573b390231a69c673a28ac015c
2024-09,16,"Manufacture of wood and products of wood and cork, except furniture; manufacture of articles of straw and plaiting materials",96.9,3.7,Not specified,https://www.mospi.gov.in/uploads/latestReleases/latest_release_1790590696633_c0f8dc21-040f-4f5c-bfc1-63be2e5775d7_Indices_IIP_2022-23_Monthly_annual_Aug_2026.xlsx,2026-09-28,2026-10-09T06:00:15.558936+00:00,2022-23,NIC-2025,Output PPI,https://www.mospi.gov.in/uploads/latestReleases/latest_release_1790590696008_1b346687-0a5f-445a-83a2-28283c586094_IIP_Press_Release_August_2026.pdf,7ca3d7b8a1fa698cd0eb10cf1b4104ce43bc63573b390231a69c673a28ac015c
2024-09,17,Manufacture of paper and paper products,106.5,6.2,Not specified,https://www.mospi.gov.in/uploads/latestReleases/latest_release_1790590696633_c0f8dc21-040f-4f5c-bfc1-63be2e5775d7_Indices_IIP_2022-23_Monthly_annual_Aug_2026.xlsx,2026-09-28,2026-10-09T06:00:15.558936+00:00,2022-23,NIC-2025,Output PPI,https://www.mospi.gov.in/uploads/latestReleases/latest_release_1790590696008_1b346687-0a5f-445a-83a2-28283c586094_IIP_Press_Release_August_2026.pdf,7ca3d7b8a1fa698cd0eb10cf1b4104ce43bc63573b390231a69c673a28ac015c
2024-09,18,Printing and reproduction of recorded media,92.3,2.0,Not specified,https://www.mospi.gov.in/uploads/latestReleases/latest_release_1790590696633_c0f8dc21-040f-4f5c-bfc1-63be2e5775d7_Indices_IIP_2022-23_Monthly_annual_Aug_2026.xlsx,2026-09-28,2026-10-09T06:00:15.558936+00:00,2022-23,NIC-2025,Output PPI,https://www.mospi.gov.in/uploads/latestReleases/latest_release_1790590696008_1b346687-0a5f-445a-83a2-28283c586094_IIP_Press_Release_August_2026.pdf,7ca3d7b8a1fa698cd0eb10cf1b4104ce43bc63573b390231a69c673a28ac015c
2024-09,19,Manufacture of coke and refined petroleum products,102.3,6.1,Not specified,https://www.mospi.gov.in/uploads/latestReleases/latest_release_1790590696633_c0f8dc21-040f-4f5c-bfc1-63be2e5775d7_Indices_IIP_2022-23_Monthly_annual_Aug_2026.xlsx,2026-09-28,2026-10-09T06:00:15.558936+00:00,2022-23,NIC-2025,Output PPI,https://www.mospi.gov.in/uploads/latestReleases/latest_release_1790590696008_1b346687-0a5f-445a-83a2-28283c586094_IIP_Press_Release_August_2026.pdf,7ca3d7b8a1fa698cd0eb10cf1b4104ce43bc63573b390231a69c673a28ac015c
2024-09,20,Manufacture of chemicals and chemical products,105.4,1.5,Not specified,https://www.mospi.gov.in/uploads/latestReleases/latest_release_1790590696633_c0f8dc21-040f-4f5c-bfc1-63be2e5775d7_Indices_IIP_2022-23_Monthly_annual_Aug_2026.xlsx,2026-09-28,2026-10-09T06:00:15.558936+00:00,2022-23,NIC-2025,Output PPI,https://www.mospi.gov.in/uploads/latestReleases/latest_release_1790590696008_1b346687-0a5f-445a-83a2-28283c586094_IIP_Press_Release_August_2026.pdf,7ca3d7b8a1fa698cd0eb10cf1b4104ce43bc63573b390231a69c673a28ac015c
2024-09,21,Manufacture of basic pharmaceutical products and pharmaceutical preparations,122.9,3.9,Not specified,https://www.mospi.gov.in/uploads/latestReleases/latest_release_1790590696633_c0f8dc21-040f-4f5c-bfc1-63be2e5775d7_Indices_IIP_2022-23_Monthly_annual_Aug_2026.xlsx,2026-09-28,2026-10-09T06:00:15.558936+00:00,2022-23,NIC-2025,Output PPI,https://www.mospi.gov.in/uploads/latestReleases/latest_release_1790590696008_1b346687-0a5f-445a-83a2-28283c586094_IIP_Press_Release_August_2026.pdf,7ca3d7b8a1fa698cd0eb10cf1b4104ce43bc63573b390231a69c673a28ac015c
2024-09,22,Manufacture of rubber and plastics products,102.5,4.9,Not specified,https://www.mospi.gov.in/uploads/latestReleases/latest_release_1790590696633_c0f8dc21-040f-4f5c-bfc1-63be2e5775d7_Indices_IIP_2022-23_Monthly_annual_Aug_2026.xlsx,2026-09-28,2026-10-09T06:00:15.558936+00:00,2022-23,NIC-2025,Output PPI,https://www.mospi.gov.in/uploads/latestReleases/latest_release_1790590696008_1b346687-0a5f-445a-83a2-28283c586094_IIP_Press_Release_August_2026.pdf,7ca3d7b8a1fa698cd0eb10cf1b4104ce43bc63573b390231a69c673a28ac015c
2024-09,23,Manufacture of other non-metallic mineral products,101.5,1.8,Not specified,https://www.mospi.gov.in/uploads/latestReleases/latest_release_1790590696633_c0f8dc21-040f-4f5c-bfc1-63be2e5775d7_Indices_IIP_2022-23_Monthly_annual_Aug_2026.xlsx,2026-09-28,2026-10-09T06:00:15.558936+00:00,2022-23,NIC-2025,Output PPI,https://www.mospi.gov.in/uploads/latestReleases/latest_release_1790590696008_1b346687-0a5f-445a-83a2-28283c586094_IIP_Press_Release_August_2026.pdf,7ca3d7b8a1fa698cd0eb10cf1b4104ce43bc63573b390231a69c673a28ac015c
2024-09,24,Manufacture of basic metals,116.4,4.7,Not specified,https://www.mospi.gov.in/uploads/latestReleases/latest_release_1790590696633_c0f8dc21-040f-4f5c-bfc1-63be2e5775d7_Indices_IIP_2022-23_Monthly_annual_Aug_2026.xlsx,2026-09-28,2026-10-09T06:00:15.558936+00:00,2022-23,NIC-2025,Output PPI,https://www.mospi.gov.in/uploads/latestReleases/latest_release_1790590696008_1b346687-0a5f-445a-83a2-28283c586094_IIP_Press_Release_August_2026.pdf,7ca3d7b8a1fa698cd0eb10cf1b4104ce43bc63573b390231a69c673a28ac015c
2024-09,25,"Manufacture of fabricated metal products, except machinery and equipment",115.4,8.2,Not specified,https://www.mospi.gov.in/uploads/latestReleases/latest_release_1790590696633_c0f8dc21-040f-4f5c-bfc1-63be2e5775d7_Indices_IIP_2022-23_Monthly_annual_Aug_2026.xlsx,2026-09-28,2026-10-09T06:00:15.558936+00:00,2022-23,NIC-2025,Output PPI,https://www.mospi.gov.in/uploads/latestReleases/latest_release_1790590696008_1b346687-0a5f-445a-83a2-28283c586094_IIP_Press_Release_August_2026.pdf,7ca3d7b8a1fa698cd0eb10cf1b4104ce43bc63573b390231a69c673a28ac015c
2024-09,26,"Manufacture of computer, electronic and optical products",151.2,11.8,Not specified,https://www.mospi.gov.in/uploads/latestReleases/latest_release_1790590696633_c0f8dc21-040f-4f5c-bfc1-63be2e5775d7_Indices_IIP_2022-23_Monthly_annual_Aug_2026.xlsx,2026-09-28,2026-10-09T06:00:15.558936+00:00,2022-23,NIC-2025,Output PPI,https://www.mospi.gov.in/uploads/latestReleases/latest_release_1790590696008_1b346687-0a5f-445a-83a2-28283c586094_IIP_Press_Release_August_2026.pdf,7ca3d7b8a1fa698cd0eb10cf1b4104ce43bc63573b390231a69c673a28ac015c
2024-09,27,Manufacture of electrical equipment,118.6,9.1,Not specified,https://www.mospi.gov.in/uploads/latestReleases/latest_release_1790590696633_c0f8dc21-040f-4f5c-bfc1-63be2e5775d7_Indices_IIP_2022-23_Monthly_annual_Aug_2026.xlsx,2026-09-28,2026-10-09T06:00:15.558936+00:00,2022-23,NIC-2025,Output PPI,https://www.mospi.gov.in/uploads/latestReleases/latest_release_1790590696008_1b346687-0a5f-445a-83a2-28283c586094_IIP_Press_Release_August_2026.pdf,7ca3d7b8a1fa698cd0eb10cf1b4104ce43bc63573b390231a69c673a28ac015c
2024-09,28,Manufacture of machinery and equipment n.e.c.,122.3,7.0,Not specified,https://www.mospi.gov.in/uploads/latestReleases/latest_release_1790590696633_c0f8dc21-040f-4f5c-bfc1-63be2e5775d7_Indices_IIP_2022-23_Monthly_annual_Aug_2026.xlsx,2026-09-28,2026-10-09T06:00:15.558936+00:00,2022-23,NIC-2025,Output PPI,https://www.mospi.gov.in/uploads/latestReleases/latest_release_1790590696008_1b346687-0a5f-445a-83a2-28283c586094_IIP_Press_Release_August_2026.pdf,7ca3d7b8a1fa698cd0eb10cf1b4104ce43bc63573b390231a69c673a28ac015c
2024-09,29,"Manufacture of motor vehicles, trailers and semi-trailers",112.5,1.6,Not specified,https://www.mospi.gov.in/uploads/latestReleases/latest_release_1790590696633_c0f8dc21-040f-4f5c-bfc1-63be2e5775d7_Indices_IIP_2022-23_Monthly_annual_Aug_2026.xlsx,2026-09-28,2026-10-09T06:00:15.558936+00:00,2022-23,NIC-2025,Output PPI,https://www.mospi.gov.in/uploads/latestReleases/latest_release_1790590696008_1b346687-0a5f-445a-83a2-28283c586094_IIP_Press_Release_August_2026.pdf,7ca3d7b8a1fa698cd0eb10cf1b4104ce43bc63573b390231a69c673a28ac015c
2024-09,30,Manufacture of other transport equipment,145.6,10.0,Not specified,https://www.mospi.gov.in/uploads/latestReleases/latest_release_1790590696633_c0f8dc21-040f-4f5c-bfc1-63be2e5775d7_Indices_IIP_2022-23_Monthly_annual_Aug_2026.xlsx,2026-09-28,2026-10-09T06:00:15.558936+00:00,2022-23,NIC-2025,Output PPI,https://www.mospi.gov.in/uploads/latestReleases/latest_release_1790590696008_1b346687-0a5f-445a-83a2-28283c586094_IIP_Press_Release_August_2026.pdf,7ca3d7b8a1fa698cd0eb10cf1b4104ce43bc63573b390231a69c673a28ac015c
2024-09,31,Manufacture of furniture,113.2,11.2,Not specified,https://www.mospi.gov.in/uploads/latestReleases/latest_release_1790590696633_c0f8dc21-040f-4f5c-bfc1-63be2e5775d7_Indices_IIP_2022-23_Monthly_annual_Aug_2026.xlsx,2026-09-28,2026-10-09T06:00:15.558936+00:00,2022-23,NIC-2025,Output PPI,https://www.mospi.gov.in/uploads/latestReleases/latest_release_1790590696008_1b346687-0a5f-445a-83a2-28283c586094_IIP_Press_Release_August_2026.pdf,7ca3d7b8a1fa698cd0eb10cf1b4104ce43bc63573b390231a69c673a28ac015c
2024-09,32,Other manufacturing,131.0,8.4,Not specified,https://www.mospi.gov.in/uploads/latestReleases/latest_release_1790590696633_c0f8dc21-040f-4f5c-bfc1-63be2e5775d7_Indices_IIP_2022-23_Monthly_annual_Aug_2026.xlsx,2026-09-28,2026-10-09T06:00:15.558936+00:00,2022-23,NIC-2025,Output PPI,https://www.mospi.gov.in/uploads/latestReleases/latest_release_1790590696008_1b346687-0a5f-445a-83a2-28283c586094_IIP_Press_Release_August_2026.pdf,7ca3d7b8a1fa698cd0eb10cf1b4104ce43bc63573b390231a69c673a28ac015c
2024-10,10,Manufacture of food products,105.7,5.7,Not specified,https://www.mospi.gov.in/uploads/latestReleases/latest_release_1790590696633_c0f8dc21-040f-4f5c-bfc1-63be2e5775d7_Indices_IIP_2022-23_Monthly_annual_Aug_2026.xlsx,2026-09-28,2026-10-09T06:00:15.558936+00:00,2022-23,NIC-2025,Output PPI,https://www.mospi.gov.in/uploads/latestReleases/latest_release_1790590696008_1b346687-0a5f-445a-83a2-28283c586094_IIP_Press_Release_August_2026.pdf,7ca3d7b8a1fa698cd0eb10cf1b4104ce43bc63573b390231a69c673a28ac015c
2024-10,11,Manufacture of beverages,103.4,9.4,Not specified,https://www.mospi.gov.in/uploads/latestReleases/latest_release_1790590696633_c0f8dc21-040f-4f5c-bfc1-63be2e5775d7_Indices_IIP_2022-23_Monthly_annual_Aug_2026.xlsx,2026-09-28,2026-10-09T06:00:15.558936+00:00,2022-23,NIC-2025,Output PPI,https://www.mospi.gov.in/uploads/latestReleases/latest_release_1790590696008_1b346687-0a5f-445a-83a2-28283c586094_IIP_Press_Release_August_2026.pdf,7ca3d7b8a1fa698cd0eb10cf1b4104ce43bc63573b390231a69c673a28ac015c
2024-10,12,Manufacture of tobacco products,113.7,14.7,Not specified,https://www.mospi.gov.in/uploads/latestReleases/latest_release_1790590696633_c0f8dc21-040f-4f5c-bfc1-63be2e5775d7_Indices_IIP_2022-23_Monthly_annual_Aug_2026.xlsx,2026-09-28,2026-10-09T06:00:15.558936+00:00,2022-23,NIC-2025,Output PPI,https://www.mospi.gov.in/uploads/latestReleases/latest_release_1790590696008_1b346687-0a5f-445a-83a2-28283c586094_IIP_Press_Release_August_2026.pdf,7ca3d7b8a1fa698cd0eb10cf1b4104ce43bc63573b390231a69c673a28ac015c
2024-10,13,Manufacture of textiles,119.4,6.4,Not specified,https://www.mospi.gov.in/uploads/latestReleases/latest_release_1790590696633_c0f8dc21-040f-4f5c-bfc1-63be2e5775d7_Indices_IIP_2022-23_Monthly_annual_Aug_2026.xlsx,2026-09-28,2026-10-09T06:00:15.558936+00:00,2022-23,NIC-2025,Output PPI,https://www.mospi.gov.in/uploads/latestReleases/latest_release_1790590696008_1b346687-0a5f-445a-83a2-28283c586094_IIP_Press_Release_August_2026.pdf,7ca3d7b8a1fa698cd0eb10cf1b4104ce43bc63573b390231a69c673a28ac015c
2024-10,14,Manufacture of wearing apparel,92.2,11.6,Not specified,https://www.mospi.gov.in/uploads/latestReleases/latest_release_1790590696633_c0f8dc21-040f-4f5c-bfc1-63be2e5775d7_Indices_IIP_2022-23_Monthly_annual_Aug_2026.xlsx,2026-09-28,2026-10-09T06:00:15.558936+00:00,2022-23,NIC-2025,Output PPI,https://www.mospi.gov.in/uploads/latestReleases/latest_release_1790590696008_1b346687-0a5f-445a-83a2-28283c586094_IIP_Press_Release_August_2026.pdf,7ca3d7b8a1fa698cd0eb10cf1b4104ce43bc63573b390231a69c673a28ac015c
2024-10,15,Manufacture of leather and related products,99.2,11.6,Not specified,https://www.mospi.gov.in/uploads/latestReleases/latest_release_1790590696633_c0f8dc21-040f-4f5c-bfc1-63be2e5775d7_Indices_IIP_2022-23_Monthly_annual_Aug_2026.xlsx,2026-09-28,2026-10-09T06:00:15.558936+00:00,2022-23,NIC-2025,Output PPI,https://www.mospi.gov.in/uploads/latestReleases/latest_release_1790590696008_1b346687-0a5f-445a-83a2-28283c586094_IIP_Press_Release_August_2026.pdf,7ca3d7b8a1fa698cd0eb10cf1b4104ce43bc63573b390231a69c673a28ac015c
2024-10,16,"Manufacture of wood and products of wood and cork, except furniture; manufacture of articles of straw and plaiting materials",98.1,0.6,Not specified,https://www.mospi.gov.in/uploads/latestReleases/latest_release_1790590696633_c0f8dc21-040f-4f5c-bfc1-63be2e5775d7_Indices_IIP_2022-23_Monthly_annual_Aug_2026.xlsx,2026-09-28,2026-10-09T06:00:15.558936+00:00,2022-23,NIC-2025,Output PPI,https://www.mospi.gov.in/uploads/latestReleases/latest_release_1790590696008_1b346687-0a5f-445a-83a2-28283c586094_IIP_Press_Release_August_2026.pdf,7ca3d7b8a1fa698cd0eb10cf1b4104ce43bc63573b390231a69c673a28ac015c
2024-10,17,Manufacture of paper and paper products,103.6,-1.7,Not specified,https://www.mospi.gov.in/uploads/latestReleases/latest_release_1790590696633_c0f8dc21-040f-4f5c-bfc1-63be2e5775d7_Indices_IIP_2022-23_Monthly_annual_Aug_2026.xlsx,2026-09-28,2026-10-09T06:00:15.558936+00:00,2022-23,NIC-2025,Output PPI,https://www.mospi.gov.in/uploads/latestReleases/latest_release_1790590696008_1b346687-0a5f-445a-83a2-28283c586094_IIP_Press_Release_August_2026.pdf,7ca3d7b8a1fa698cd0eb10cf1b4104ce43bc63573b390231a69c673a28ac015c
2024-10,18,Printing and reproduction of recorded media,93.8,-4.8,Not specified,https://www.mospi.gov.in/uploads/latestReleases/latest_release_1790590696633_c0f8dc21-040f-4f5c-bfc1-63be2e5775d7_Indices_IIP_2022-23_Monthly_annual_Aug_2026.xlsx,2026-09-28,2026-10-09T06:00:15.558936+00:00,2022-23,NIC-2025,Output PPI,https://www.mospi.gov.in/uploads/latestReleases/latest_release_1790590696008_1b346687-0a5f-445a-83a2-28283c586094_IIP_Press_Release_August_2026.pdf,7ca3d7b8a1fa698cd0eb10cf1b4104ce43bc63573b390231a69c673a28ac015c
2024-10,19,Manufacture of coke and refined petroleum products,105.0,6.5,Not specified,https://www.mospi.gov.in/uploads/latestReleases/latest_release_1790590696633_c0f8dc21-040f-4f5c-bfc1-63be2e5775d7_Indices_IIP_2022-23_Monthly_annual_Aug_2026.xlsx,2026-09-28,2026-10-09T06:00:15.558936+00:00,2022-23,NIC-2025,Output PPI,https://www.mospi.gov.in/uploads/latestReleases/latest_release_1790590696008_1b346687-0a5f-445a-83a2-28283c586094_IIP_Press_Release_August_2026.pdf,7ca3d7b8a1fa698cd0eb10cf1b4104ce43bc63573b390231a69c673a28ac015c
2024-10,20,Manufacture of chemicals and chemical products,107.8,3.4,Not specified,https://www.mospi.gov.in/uploads/latestReleases/latest_release_1790590696633_c0f8dc21-040f-4f5c-bfc1-63be2e5775d7_Indices_IIP_2022-23_Monthly_annual_Aug_2026.xlsx,2026-09-28,2026-10-09T06:00:15.558936+00:00,2022-23,NIC-2025,Output PPI,https://www.mospi.gov.in/uploads/latestReleases/latest_release_1790590696008_1b346687-0a5f-445a-83a2-28283c586094_IIP_Press_Release_August_2026.pdf,7ca3d7b8a1fa698cd0eb10cf1b4104ce43bc63573b390231a69c673a28ac015c
2024-10,21,Manufacture of basic pharmaceutical products and pharmaceutical preparations,122.4,16.0,Not specified,https://www.mospi.gov.in/uploads/latestReleases/latest_release_1790590696633_c0f8dc21-040f-4f5c-bfc1-63be2e5775d7_Indices_IIP_2022-23_Monthly_annual_Aug_2026.xlsx,2026-09-28,2026-10-09T06:00:15.558936+00:00,2022-23,NIC-2025,Output PPI,https://www.mospi.gov.in/uploads/latestReleases/latest_release_1790590696008_1b346687-0a5f-445a-83a2-28283c586094_IIP_Press_Release_August_2026.pdf,7ca3d7b8a1fa698cd0eb10cf1b4104ce43bc63573b390231a69c673a28ac015c
2024-10,22,Manufacture of rubber and plastics products,103.5,2.3,Not specified,https://www.mospi.gov.in/uploads/latestReleases/latest_release_1790590696633_c0f8dc21-040f-4f5c-bfc1-63be2e5775d7_Indices_IIP_2022-23_Monthly_annual_Aug_2026.xlsx,2026-09-28,2026-10-09T06:00:15.558936+00:00,2022-23,NIC-2025,Output PPI,https://www.mospi.gov.in/uploads/latestReleases/latest_release_1790590696008_1b346687-0a5f-445a-83a2-28283c586094_IIP_Press_Release_August_2026.pdf,7ca3d7b8a1fa698cd0eb10cf1b4104ce43bc63573b390231a69c673a28ac015c
2024-10,23,Manufacture of other non-metallic mineral products,106.6,3.6,Not specified,https://www.mospi.gov.in/uploads/latestReleases/latest_release_1790590696633_c0f8dc21-040f-4f5c-bfc1-63be2e5775d7_Indices_IIP_2022-23_Monthly_annual_Aug_2026.xlsx,2026-09-28,2026-10-09T06:00:15.558936+00:00,2022-23,NIC-2025,Output PPI,https://www.mospi.gov.in/uploads/latestReleases/latest_release_1790590696008_1b346687-0a5f-445a-83a2-28283c586094_IIP_Press_Release_August_2026.pdf,7ca3d7b8a1fa698cd0eb10cf1b4104ce43bc63573b390231a69c673a28ac015c
2024-10,24,Manufacture of basic metals,120.2,6.3,Not specified,https://www.mospi.gov.in/uploads/latestReleases/latest_release_1790590696633_c0f8dc21-040f-4f5c-bfc1-63be2e5775d7_Indices_IIP_2022-23_Monthly_annual_Aug_2026.xlsx,2026-09-28,2026-10-09T06:00:15.558936+00:00,2022-23,NIC-2025,Output PPI,https://www.mospi.gov.in/uploads/latestReleases/latest_release_1790590696008_1b346687-0a5f-445a-83a2-28283c586094_IIP_Press_Release_August_2026.pdf,7ca3d7b8a1fa698cd0eb10cf1b4104ce43bc63573b390231a69c673a28ac015c
2024-10,25,"Manufacture of fabricated metal products, except machinery and equipment",111.8,5.7,Not specified,https://www.mospi.gov.in/uploads/latestReleases/latest_release_1790590696633_c0f8dc21-040f-4f5c-bfc1-63be2e5775d7_Indices_IIP_2022-23_Monthly_annual_Aug_2026.xlsx,2026-09-28,2026-10-09T06:00:15.558936+00:00,2022-23,NIC-2025,Output PPI,https://www.mospi.gov.in/uploads/latestReleases/latest_release_1790590696008_1b346687-0a5f-445a-83a2-28283c586094_IIP_Press_Release_August_2026.pdf,7ca3d7b8a1fa698cd0eb10cf1b4104ce43bc63573b390231a69c673a28ac015c
2024-10,26,"Manufacture of computer, electronic and optical products",140.8,11.3,Not specified,https://www.mospi.gov.in/uploads/latestReleases/latest_release_1790590696633_c0f8dc21-040f-4f5c-bfc1-63be2e5775d7_Indices_IIP_2022-23_Monthly_annual_Aug_2026.xlsx,2026-09-28,2026-10-09T06:00:15.558936+00:00,2022-23,NIC-2025,Output PPI,https://www.mospi.gov.in/uploads/latestReleases/latest_release_1790590696008_1b346687-0a5f-445a-83a2-28283c586094_IIP_Press_Release_August_2026.pdf,7ca3d7b8a1fa698cd0eb10cf1b4104ce43bc63573b390231a69c673a28ac015c
2024-10,27,Manufacture of electrical equipment,113.1,7.8,Not specified,https://www.mospi.gov.in/uploads/latestReleases/latest_release_1790590696633_c0f8dc21-040f-4f5c-bfc1-63be2e5775d7_Indices_IIP_2022-23_Monthly_annual_Aug_2026.xlsx,2026-09-28,2026-10-09T06:00:15.558936+00:00,2022-23,NIC-2025,Output PPI,https://www.mospi.gov.in/uploads/latestReleases/latest_release_1790590696008_1b346687-0a5f-445a-83a2-28283c586094_IIP_Press_Release_August_2026.pdf,7ca3d7b8a1fa698cd0eb10cf1b4104ce43bc63573b390231a69c673a28ac015c
2024-10,28,Manufacture of machinery and equipment n.e.c.,108.2,7.7,Not specified,https://www.mospi.gov.in/uploads/latestReleases/latest_release_1790590696633_c0f8dc21-040f-4f5c-bfc1-63be2e5775d7_Indices_IIP_2022-23_Monthly_annual_Aug_2026.xlsx,2026-09-28,2026-10-09T06:00:15.558936+00:00,2022-23,NIC-2025,Output PPI,https://www.mospi.gov.in/uploads/latestReleases/latest_release_1790590696008_1b346687-0a5f-445a-83a2-28283c586094_IIP_Press_Release_August_2026.pdf,7ca3d7b8a1fa698cd0eb10cf1b4104ce43bc63573b390231a69c673a28ac015c
2024-10,29,"Manufacture of motor vehicles, trailers and semi-trailers",118.0,0.3,Not specified,https://www.mospi.gov.in/uploads/latestReleases/latest_release_1790590696633_c0f8dc21-040f-4f5c-bfc1-63be2e5775d7_Indices_IIP_2022-23_Monthly_annual_Aug_2026.xlsx,2026-09-28,2026-10-09T06:00:15.558936+00:00,2022-23,NIC-2025,Output PPI,https://www.mospi.gov.in/uploads/latestReleases/latest_release_1790590696008_1b346687-0a5f-445a-83a2-28283c586094_IIP_Press_Release_August_2026.pdf,7ca3d7b8a1fa698cd0eb10cf1b4104ce43bc63573b390231a69c673a28ac015c
2024-10,30,Manufacture of other transport equipment,147.0,10.8,Not specified,https://www.mospi.gov.in/uploads/latestReleases/latest_release_1790590696633_c0f8dc21-040f-4f5c-bfc1-63be2e5775d7_Indices_IIP_2022-23_Monthly_annual_Aug_2026.xlsx,2026-09-28,2026-10-09T06:00:15.558936+00:00,2022-23,NIC-2025,Output PPI,https://www.mospi.gov.in/uploads/latestReleases/latest_release_1790590696008_1b346687-0a5f-445a-83a2-28283c586094_IIP_Press_Release_August_2026.pdf,7ca3d7b8a1fa698cd0eb10cf1b4104ce43bc63573b390231a69c673a28ac015c
2024-10,31,Manufacture of furniture,126.5,18.1,Not specified,https://www.mospi.gov.in/uploads/latestReleases/latest_release_1790590696633_c0f8dc21-040f-4f5c-bfc1-63be2e5775d7_Indices_IIP_2022-23_Monthly_annual_Aug_2026.xlsx,2026-09-28,2026-10-09T06:00:15.558936+00:00,2022-23,NIC-2025,Output PPI,https://www.mospi.gov.in/uploads/latestReleases/latest_release_1790590696008_1b346687-0a5f-445a-83a2-28283c586094_IIP_Press_Release_August_2026.pdf,7ca3d7b8a1fa698cd0eb10cf1b4104ce43bc63573b390231a69c673a28ac015c
2024-10,32,Other manufacturing,129.4,2.9,Not specified,https://www.mospi.gov.in/uploads/latestReleases/latest_release_1790590696633_c0f8dc21-040f-4f5c-bfc1-63be2e5775d7_Indices_IIP_2022-23_Monthly_annual_Aug_2026.xlsx,2026-09-28,2026-10-09T06:00:15.558936+00:00,2022-23,NIC-2025,Output PPI,https://www.mospi.gov.in/uploads/latestReleases/latest_release_1790590696008_1b346687-0a5f-445a-83a2-28283c586094_IIP_Press_Release_August_2026.pdf,7ca3d7b8a1fa698cd0eb10cf1b4104ce43bc63573b390231a69c673a28ac015c
2024-11,10,Manufacture of food products,107.8,-0.5,Not specified,https://www.mospi.gov.in/uploads/latestReleases/latest_release_1790590696633_c0f8dc21-040f-4f5c-bfc1-63be2e5775d7_Indices_IIP_2022-23_Monthly_annual_Aug_2026.xlsx,2026-09-28,2026-10-09T06:00:15.558936+00:00,2022-23,NIC-2025,Output PPI,https://www.mospi.gov.in/uploads/latestReleases/latest_release_1790590696008_1b346687-0a5f-445a-83a2-28283c586094_IIP_Press_Release_August_2026.pdf,7ca3d7b8a1fa698cd0eb10cf1b4104ce43bc63573b390231a69c673a28ac015c
2024-11,11,Manufacture of beverages,85.8,4.4,Not specified,https://www.mospi.gov.in/uploads/latestReleases/latest_release_1790590696633_c0f8dc21-040f-4f5c-bfc1-63be2e5775d7_Indices_IIP_2022-23_Monthly_annual_Aug_2026.xlsx,2026-09-28,2026-10-09T06:00:15.558936+00:00,2022-23,NIC-2025,Output PPI,https://www.mospi.gov.in/uploads/latestReleases/latest_release_1790590696008_1b346687-0a5f-445a-83a2-28283c586094_IIP_Press_Release_August_2026.pdf,7ca3d7b8a1fa698cd0eb10cf1b4104ce43bc63573b390231a69c673a28ac015c
2024-11,12,Manufacture of tobacco products,108.1,8.2,Not specified,https://www.mospi.gov.in/uploads/latestReleases/latest_release_1790590696633_c0f8dc21-040f-4f5c-bfc1-63be2e5775d7_Indices_IIP_2022-23_Monthly_annual_Aug_2026.xlsx,2026-09-28,2026-10-09T06:00:15.558936+00:00,2022-23,NIC-2025,Output PPI,https://www.mospi.gov.in/uploads/latestReleases/latest_release_1790590696008_1b346687-0a5f-445a-83a2-28283c586094_IIP_Press_Release_August_2026.pdf,7ca3d7b8a1fa698cd0eb10cf1b4104ce43bc63573b390231a69c673a28ac015c
2024-11,13,Manufacture of textiles,110.1,9.4,Not specified,https://www.mospi.gov.in/uploads/latestReleases/latest_release_1790590696633_c0f8dc21-040f-4f5c-bfc1-63be2e5775d7_Indices_IIP_2022-23_Monthly_annual_Aug_2026.xlsx,2026-09-28,2026-10-09T06:00:15.558936+00:00,2022-23,NIC-2025,Output PPI,https://www.mospi.gov.in/uploads/latestReleases/latest_release_1790590696008_1b346687-0a5f-445a-83a2-28283c586094_IIP_Press_Release_August_2026.pdf,7ca3d7b8a1fa698cd0eb10cf1b4104ce43bc63573b390231a69c673a28ac015c
2024-11,14,Manufacture of wearing apparel,93.0,7.5,Not specified,https://www.mospi.gov.in/uploads/latestReleases/latest_release_1790590696633_c0f8dc21-040f-4f5c-bfc1-63be2e5775d7_Indices_IIP_2022-23_Monthly_annual_Aug_2026.xlsx,2026-09-28,2026-10-09T06:00:15.558936+00:00,2022-23,NIC-2025,Output PPI,https://www.mospi.gov.in/uploads/latestReleases/latest_release_1790590696008_1b346687-0a5f-445a-83a2-28283c586094_IIP_Press_Release_August_2026.pdf,7ca3d7b8a1fa698cd0eb10cf1b4104ce43bc63573b390231a69c673a28ac015c
2024-11,15,Manufacture of leather and related products,96.7,14.3,Not specified,https://www.mospi.gov.in/uploads/latestReleases/latest_release_1790590696633_c0f8dc21-040f-4f5c-bfc1-63be2e5775d7_Indices_IIP_2022-23_Monthly_annual_Aug_2026.xlsx,2026-09-28,2026-10-09T06:00:15.558936+00:00,2022-23,NIC-2025,Output PPI,https://www.mospi.gov.in/uploads/latestReleases/latest_release_1790590696008_1b346687-0a5f-445a-83a2-28283c586094_IIP_Press_Release_August_2026.pdf,7ca3d7b8a1fa698cd0eb10cf1b4104ce43bc63573b390231a69c673a28ac015c
2024-11,16,"Manufacture of wood and products of wood and cork, except furniture; manufacture of articles of straw and plaiting materials",95.2,6.7,Not specified,https://www.mospi.gov.in/uploads/latestReleases/latest_release_1790590696633_c0f8dc21-040f-4f5c-bfc1-63be2e5775d7_Indices_IIP_2022-23_Monthly_annual_Aug_2026.xlsx,2026-09-28,2026-10-09T06:00:15.558936+00:00,2022-23,NIC-2025,Output PPI,https://www.mospi.gov.in/uploads/latestReleases/latest_release_1790590696008_1b346687-0a5f-445a-83a2-28283c586094_IIP_Press_Release_August_2026.pdf,7ca3d7b8a1fa698cd0eb10cf1b4104ce43bc63573b390231a69c673a28ac015c
2024-11,17,Manufacture of paper and paper products,99.1,8.2,Not specified,https://www.mospi.gov.in/uploads/latestReleases/latest_release_1790590696633_c0f8dc21-040f-4f5c-bfc1-63be2e5775d7_Indices_IIP_2022-23_Monthly_annual_Aug_2026.xlsx,2026-09-28,2026-10-09T06:00:15.558936+00:00,2022-23,NIC-2025,Output PPI,https://www.mospi.gov.in/uploads/latestReleases/latest_release_1790590696008_1b346687-0a5f-445a-83a2-28283c586094_IIP_Press_Release_August_2026.pdf,7ca3d7b8a1fa698cd0eb10cf1b4104ce43bc63573b390231a69c673a28ac015c
2024-11,18,Printing and reproduction of recorded media,97.2,2.2,Not specified,https://www.mospi.gov.in/uploads/latestReleases/latest_release_1790590696633_c0f8dc21-040f-4f5c-bfc1-63be2e5775d7_Indices_IIP_2022-23_Monthly_annual_Aug_2026.xlsx,2026-09-28,2026-10-09T06:00:15.558936+00:00,2022-23,NIC-2025,Output PPI,https://www.mospi.gov.in/uploads/latestReleases/latest_release_1790590696008_1b346687-0a5f-445a-83a2-28283c586094_IIP_Press_Release_August_2026.pdf,7ca3d7b8a1fa698cd0eb10cf1b4104ce43bc63573b390231a69c673a28ac015c
2024-11,19,Manufacture of coke and refined petroleum products,107.0,2.5,Not specified,https://www.mospi.gov.in/uploads/latestReleases/latest_release_1790590696633_c0f8dc21-040f-4f5c-bfc1-63be2e5775d7_Indices_IIP_2022-23_Monthly_annual_Aug_2026.xlsx,2026-09-28,2026-10-09T06:00:15.558936+00:00,2022-23,NIC-2025,Output PPI,https://www.mospi.gov.in/uploads/latestReleases/latest_release_1790590696008_1b346687-0a5f-445a-83a2-28283c586094_IIP_Press_Release_August_2026.pdf,7ca3d7b8a1fa698cd0eb10cf1b4104ce43bc63573b390231a69c673a28ac015c
2024-11,20,Manufacture of chemicals and chemical products,103.6,4.4,Not specified,https://www.mospi.gov.in/uploads/latestReleases/latest_release_1790590696633_c0f8dc21-040f-4f5c-bfc1-63be2e5775d7_Indices_IIP_2022-23_Monthly_annual_Aug_2026.xlsx,2026-09-28,2026-10-09T06:00:15.558936+00:00,2022-23,NIC-2025,Output PPI,https://www.mospi.gov.in/uploads/latestReleases/latest_release_1790590696008_1b346687-0a5f-445a-83a2-28283c586094_IIP_Press_Release_August_2026.pdf,7ca3d7b8a1fa698cd0eb10cf1b4104ce43bc63573b390231a69c673a28ac015c
2024-11,21,Manufacture of basic pharmaceutical products and pharmaceutical preparations,114.3,7.3,Not specified,https://www.mospi.gov.in/uploads/latestReleases/latest_release_1790590696633_c0f8dc21-040f-4f5c-bfc1-63be2e5775d7_Indices_IIP_2022-23_Monthly_annual_Aug_2026.xlsx,2026-09-28,2026-10-09T06:00:15.558936+00:00,2022-23,NIC-2025,Output PPI,https://www.mospi.gov.in/uploads/latestReleases/latest_release_1790590696008_1b346687-0a5f-445a-83a2-28283c586094_IIP_Press_Release_August_2026.pdf,7ca3d7b8a1fa698cd0eb10cf1b4104ce43bc63573b390231a69c673a28ac015c
2024-11,22,Manufacture of rubber and plastics products,98.2,6.0,Not specified,https://www.mospi.gov.in/uploads/latestReleases/latest_release_1790590696633_c0f8dc21-040f-4f5c-bfc1-63be2e5775d7_Indices_IIP_2022-23_Monthly_annual_Aug_2026.xlsx,2026-09-28,2026-10-09T06:00:15.558936+00:00,2022-23,NIC-2025,Output PPI,https://www.mospi.gov.in/uploads/latestReleases/latest_release_1790590696008_1b346687-0a5f-445a-83a2-28283c586094_IIP_Press_Release_August_2026.pdf,7ca3d7b8a1fa698cd0eb10cf1b4104ce43bc63573b390231a69c673a28ac015c
2024-11,23,Manufacture of other non-metallic mineral products,101.6,5.0,Not specified,https://www.mospi.gov.in/uploads/latestReleases/latest_release_1790590696633_c0f8dc21-040f-4f5c-bfc1-63be2e5775d7_Indices_IIP_2022-23_Monthly_annual_Aug_2026.xlsx,2026-09-28,2026-10-09T06:00:15.558936+00:00,2022-23,NIC-2025,Output PPI,https://www.mospi.gov.in/uploads/latestReleases/latest_release_1790590696008_1b346687-0a5f-445a-83a2-28283c586094_IIP_Press_Release_August_2026.pdf,7ca3d7b8a1fa698cd0eb10cf1b4104ce43bc63573b390231a69c673a28ac015c
2024-11,24,Manufacture of basic metals,117.0,9.4,Not specified,https://www.mospi.gov.in/uploads/latestReleases/latest_release_1790590696633_c0f8dc21-040f-4f5c-bfc1-63be2e5775d7_Indices_IIP_2022-23_Monthly_annual_Aug_2026.xlsx,2026-09-28,2026-10-09T06:00:15.558936+00:00,2022-23,NIC-2025,Output PPI,https://www.mospi.gov.in/uploads/latestReleases/latest_release_1790590696008_1b346687-0a5f-445a-83a2-28283c586094_IIP_Press_Release_August_2026.pdf,7ca3d7b8a1fa698cd0eb10cf1b4104ce43bc63573b390231a69c673a28ac015c
2024-11,25,"Manufacture of fabricated metal products, except machinery and equipment",112.0,17.2,Not specified,https://www.mospi.gov.in/uploads/latestReleases/latest_release_1790590696633_c0f8dc21-040f-4f5c-bfc1-63be2e5775d7_Indices_IIP_2022-23_Monthly_annual_Aug_2026.xlsx,2026-09-28,2026-10-09T06:00:15.558936+00:00,2022-23,NIC-2025,Output PPI,https://www.mospi.gov.in/uploads/latestReleases/latest_release_1790590696008_1b346687-0a5f-445a-83a2-28283c586094_IIP_Press_Release_August_2026.pdf,7ca3d7b8a1fa698cd0eb10cf1b4104ce43bc63573b390231a69c673a28ac015c
2024-11,26,"Manufacture of computer, electronic and optical products",124.0,14.4,Not specified,https://www.mospi.gov.in/uploads/latestReleases/latest_release_1790590696633_c0f8dc21-040f-4f5c-bfc1-63be2e5775d7_Indices_IIP_2022-23_Monthly_annual_Aug_2026.xlsx,2026-09-28,2026-10-09T06:00:15.558936+00:00,2022-23,NIC-2025,Output PPI,https://www.mospi.gov.in/uploads/latestReleases/latest_release_1790590696008_1b346687-0a5f-445a-83a2-28283c586094_IIP_Press_Release_August_2026.pdf,7ca3d7b8a1fa698cd0eb10cf1b4104ce43bc63573b390231a69c673a28ac015c
2024-11,27,Manufacture of electrical equipment,106.8,2.5,Not specified,https://www.mospi.gov.in/uploads/latestReleases/latest_release_1790590696633_c0f8dc21-040f-4f5c-bfc1-63be2e5775d7_Indices_IIP_2022-23_Monthly_annual_Aug_2026.xlsx,2026-09-28,2026-10-09T06:00:15.558936+00:00,2022-23,NIC-2025,Output PPI,https://www.mospi.gov.in/uploads/latestReleases/latest_release_1790590696008_1b346687-0a5f-445a-83a2-28283c586094_IIP_Press_Release_August_2026.pdf,7ca3d7b8a1fa698cd0eb10cf1b4104ce43bc63573b390231a69c673a28ac015c
2024-11,28,Manufacture of machinery and equipment n.e.c.,105.8,11.0,Not specified,https://www.mospi.gov.in/uploads/latestReleases/latest_release_1790590696633_c0f8dc21-040f-4f5c-bfc1-63be2e5775d7_Indices_IIP_2022-23_Monthly_annual_Aug_2026.xlsx,2026-09-28,2026-10-09T06:00:15.558936+00:00,2022-23,NIC-2025,Output PPI,https://www.mospi.gov.in/uploads/latestReleases/latest_release_1790590696008_1b346687-0a5f-445a-83a2-28283c586094_IIP_Press_Release_August_2026.pdf,7ca3d7b8a1fa698cd0eb10cf1b4104ce43bc63573b390231a69c673a28ac015c
2024-11,29,"Manufacture of motor vehicles, trailers and semi-trailers",108.5,4.4,Not specified,https://www.mospi.gov.in/uploads/latestReleases/latest_release_1790590696633_c0f8dc21-040f-4f5c-bfc1-63be2e5775d7_Indices_IIP_2022-23_Monthly_annual_Aug_2026.xlsx,2026-09-28,2026-10-09T06:00:15.558936+00:00,2022-23,NIC-2025,Output PPI,https://www.mospi.gov.in/uploads/latestReleases/latest_release_1790590696008_1b346687-0a5f-445a-83a2-28283c586094_IIP_Press_Release_August_2026.pdf,7ca3d7b8a1fa698cd0eb10cf1b4104ce43bc63573b390231a69c673a28ac015c
2024-11,30,Manufacture of other transport equipment,130.7,11.9,Not specified,https://www.mospi.gov.in/uploads/latestReleases/latest_release_1790590696633_c0f8dc21-040f-4f5c-bfc1-63be2e5775d7_Indices_IIP_2022-23_Monthly_annual_Aug_2026.xlsx,2026-09-28,2026-10-09T06:00:15.558936+00:00,2022-23,NIC-2025,Output PPI,https://www.mospi.gov.in/uploads/latestReleases/latest_release_1790590696008_1b346687-0a5f-445a-83a2-28283c586094_IIP_Press_Release_August_2026.pdf,7ca3d7b8a1fa698cd0eb10cf1b4104ce43bc63573b390231a69c673a28ac015c
2024-11,31,Manufacture of furniture,100.6,-1.0,Not specified,https://www.mospi.gov.in/uploads/latestReleases/latest_release_1790590696633_c0f8dc21-040f-4f5c-bfc1-63be2e5775d7_Indices_IIP_2022-23_Monthly_annual_Aug_2026.xlsx,2026-09-28,2026-10-09T06:00:15.558936+00:00,2022-23,NIC-2025,Output PPI,https://www.mospi.gov.in/uploads/latestReleases/latest_release_1790590696008_1b346687-0a5f-445a-83a2-28283c586094_IIP_Press_Release_August_2026.pdf,7ca3d7b8a1fa698cd0eb10cf1b4104ce43bc63573b390231a69c673a28ac015c
2024-11,32,Other manufacturing,85.0,-6.4,Not specified,https://www.mospi.gov.in/uploads/latestReleases/latest_release_1790590696633_c0f8dc21-040f-4f5c-bfc1-63be2e5775d7_Indices_IIP_2022-23_Monthly_annual_Aug_2026.xlsx,2026-09-28,2026-10-09T06:00:15.558936+00:00,2022-23,NIC-2025,Output PPI,https://www.mospi.gov.in/uploads/latestReleases/latest_release_1790590696008_1b346687-0a5f-445a-83a2-28283c586094_IIP_Press_Release_August_2026.pdf,7ca3d7b8a1fa698cd0eb10cf1b4104ce43bc63573b390231a69c673a28ac015c
2024-12,10,Manufacture of food products,114.3,-4.3,Not specified,https://www.mospi.gov.in/uploads/latestReleases/latest_release_1790590696633_c0f8dc21-040f-4f5c-bfc1-63be2e5775d7_Indices_IIP_2022-23_Monthly_annual_Aug_2026.xlsx,2026-09-28,2026-10-09T06:00:15.558936+00:00,2022-23,NIC-2025,Output PPI,https://www.mospi.gov.in/uploads/latestReleases/latest_release_1790590696008_1b346687-0a5f-445a-83a2-28283c586094_IIP_Press_Release_August_2026.pdf,7ca3d7b8a1fa698cd0eb10cf1b4104ce43bc63573b390231a69c673a28ac015c
2024-12,11,Manufacture of beverages,73.9,-4.0,Not specified,https://www.mospi.gov.in/uploads/latestReleases/latest_release_1790590696633_c0f8dc21-040f-4f5c-bfc1-63be2e5775d7_Indices_IIP_2022-23_Monthly_annual_Aug_2026.xlsx,2026-09-28,2026-10-09T06:00:15.558936+00:00,2022-23,NIC-2025,Output PPI,https://www.mospi.gov.in/uploads/latestReleases/latest_release_1790590696008_1b346687-0a5f-445a-83a2-28283c586094_IIP_Press_Release_August_2026.pdf,7ca3d7b8a1fa698cd0eb10cf1b4104ce43bc63573b390231a69c673a28ac015c
2024-12,12,Manufacture of tobacco products,118.4,8.6,Not specified,https://www.mospi.gov.in/uploads/latestReleases/latest_release_1790590696633_c0f8dc21-040f-4f5c-bfc1-63be2e5775d7_Indices_IIP_2022-23_Monthly_annual_Aug_2026.xlsx,2026-09-28,2026-10-09T06:00:15.558936+00:00,2022-23,NIC-2025,Output PPI,https://www.mospi.gov.in/uploads/latestReleases/latest_release_1790590696008_1b346687-0a5f-445a-83a2-28283c586094_IIP_Press_Release_August_2026.pdf,7ca3d7b8a1fa698cd0eb10cf1b4104ce43bc63573b390231a69c673a28ac015c
2024-12,13,Manufacture of textiles,123.8,8.6,Not specified,https://www.mospi.gov.in/uploads/latestReleases/latest_release_1790590696633_c0f8dc21-040f-4f5c-bfc1-63be2e5775d7_Indices_IIP_2022-23_Monthly_annual_Aug_2026.xlsx,2026-09-28,2026-10-09T06:00:15.558936+00:00,2022-23,NIC-2025,Output PPI,https://www.mospi.gov.in/uploads/latestReleases/latest_release_1790590696008_1b346687-0a5f-445a-83a2-28283c586094_IIP_Press_Release_August_2026.pdf,7ca3d7b8a1fa698cd0eb10cf1b4104ce43bc63573b390231a69c673a28ac015c
2024-12,14,Manufacture of wearing apparel,107.3,7.7,Not specified,https://www.mospi.gov.in/uploads/latestReleases/latest_release_1790590696633_c0f8dc21-040f-4f5c-bfc1-63be2e5775d7_Indices_IIP_2022-23_Monthly_annual_Aug_2026.xlsx,2026-09-28,2026-10-09T06:00:15.558936+00:00,2022-23,NIC-2025,Output PPI,https://www.mospi.gov.in/uploads/latestReleases/latest_release_1790590696008_1b346687-0a5f-445a-83a2-28283c586094_IIP_Press_Release_August_2026.pdf,7ca3d7b8a1fa698cd0eb10cf1b4104ce43bc63573b390231a69c673a28ac015c
2024-12,15,Manufacture of leather and related products,106.0,11.1,Not specified,https://www.mospi.gov.in/uploads/latestReleases/latest_release_1790590696633_c0f8dc21-040f-4f5c-bfc1-63be2e5775d7_Indices_IIP_2022-23_Monthly_annual_Aug_2026.xlsx,2026-09-28,2026-10-09T06:00:15.558936+00:00,2022-23,NIC-2025,Output PPI,https://www.mospi.gov.in/uploads/latestReleases/latest_release_1790590696008_1b346687-0a5f-445a-83a2-28283c586094_IIP_Press_Release_August_2026.pdf,7ca3d7b8a1fa698cd0eb10cf1b4104ce43bc63573b390231a69c673a28ac015c
2024-12,16,"Manufacture of wood and products of wood and cork, except furniture; manufacture of articles of straw and plaiting materials",115.0,9.8,Not specified,https://www.mospi.gov.in/uploads/latestReleases/latest_release_1790590696633_c0f8dc21-040f-4f5c-bfc1-63be2e5775d7_Indices_IIP_2022-23_Monthly_annual_Aug_2026.xlsx,2026-09-28,2026-10-09T06:00:15.558936+00:00,2022-23,NIC-2025,Output PPI,https://www.mospi.gov.in/uploads/latestReleases/latest_release_1790590696008_1b346687-0a5f-445a-83a2-28283c586094_IIP_Press_Release_August_2026.pdf,7ca3d7b8a1fa698cd0eb10cf1b4104ce43bc63573b390231a69c673a28ac015c
2024-12,17,Manufacture of paper and paper products,102.2,1.5,Not specified,https://www.mospi.gov.in/uploads/latestReleases/latest_release_1790590696633_c0f8dc21-040f-4f5c-bfc1-63be2e5775d7_Indices_IIP_2022-23_Monthly_annual_Aug_2026.xlsx,2026-09-28,2026-10-09T06:00:15.558936+00:00,2022-23,NIC-2025,Output PPI,https://www.mospi.gov.in/uploads/latestReleases/latest_release_1790590696008_1b346687-0a5f-445a-83a2-28283c586094_IIP_Press_Release_August_2026.pdf,7ca3d7b8a1fa698cd0eb10cf1b4104ce43bc63573b390231a69c673a28ac015c
2024-12,18,Printing and reproduction of recorded media,108.7,4.0,Not specified,https://www.mospi.gov.in/uploads/latestReleases/latest_release_1790590696633_c0f8dc21-040f-4f5c-bfc1-63be2e5775d7_Indices_IIP_2022-23_Monthly_annual_Aug_2026.xlsx,2026-09-28,2026-10-09T06:00:15.558936+00:00,2022-23,NIC-2025,Output PPI,https://www.mospi.gov.in/uploads/latestReleases/latest_release_1790590696008_1b346687-0a5f-445a-83a2-28283c586094_IIP_Press_Release_August_2026.pdf,7ca3d7b8a1fa698cd0eb10cf1b4104ce43bc63573b390231a69c673a28ac015c
2024-12,19,Manufacture of coke and refined petroleum products,116.3,4.1,Not specified,https://www.mospi.gov.in/uploads/latestReleases/latest_release_1790590696633_c0f8dc21-040f-4f5c-bfc1-63be2e5775d7_Indices_IIP_2022-23_Monthly_annual_Aug_2026.xlsx,2026-09-28,2026-10-09T06:00:15.558936+00:00,2022-23,NIC-2025,Output PPI,https://www.mospi.gov.in/uploads/latestReleases/latest_release_1790590696008_1b346687-0a5f-445a-83a2-28283c586094_IIP_Press_Release_August_2026.pdf,7ca3d7b8a1fa698cd0eb10cf1b4104ce43bc63573b390231a69c673a28ac015c
2024-12,20,Manufacture of chemicals and chemical products,111.8,3.8,Not specified,https://www.mospi.gov.in/uploads/latestReleases/latest_release_1790590696633_c0f8dc21-040f-4f5c-bfc1-63be2e5775d7_Indices_IIP_2022-23_Monthly_annual_Aug_2026.xlsx,2026-09-28,2026-10-09T06:00:15.558936+00:00,2022-23,NIC-2025,Output PPI,https://www.mospi.gov.in/uploads/latestReleases/latest_release_1790590696008_1b346687-0a5f-445a-83a2-28283c586094_IIP_Press_Release_August_2026.pdf,7ca3d7b8a1fa698cd0eb10cf1b4104ce43bc63573b390231a69c673a28ac015c
2024-12,21,Manufacture of basic pharmaceutical products and pharmaceutical preparations,127.9,0.6,Not specified,https://www.mospi.gov.in/uploads/latestReleases/latest_release_1790590696633_c0f8dc21-040f-4f5c-bfc1-63be2e5775d7_Indices_IIP_2022-23_Monthly_annual_Aug_2026.xlsx,2026-09-28,2026-10-09T06:00:15.558936+00:00,2022-23,NIC-2025,Output PPI,https://www.mospi.gov.in/uploads/latestReleases/latest_release_1790590696008_1b346687-0a5f-445a-83a2-28283c586094_IIP_Press_Release_August_2026.pdf,7ca3d7b8a1fa698cd0eb10cf1b4104ce43bc63573b390231a69c673a28ac015c
2024-12,22,Manufacture of rubber and plastics products,106.9,6.8,Not specified,https://www.mospi.gov.in/uploads/latestReleases/latest_release_1790590696633_c0f8dc21-040f-4f5c-bfc1-63be2e5775d7_Indices_IIP_2022-23_Monthly_annual_Aug_2026.xlsx,2026-09-28,2026-10-09T06:00:15.558936+00:00,2022-23,NIC-2025,Output PPI,https://www.mospi.gov.in/uploads/latestReleases/latest_release_1790590696008_1b346687-0a5f-445a-83a2-28283c586094_IIP_Press_Release_August_2026.pdf,7ca3d7b8a1fa698cd0eb10cf1b4104ce43bc63573b390231a69c673a28ac015c
2024-12,23,Manufacture of other non-metallic mineral products,115.6,6.3,Not specified,https://www.mospi.gov.in/uploads/latestReleases/latest_release_1790590696633_c0f8dc21-040f-4f5c-bfc1-63be2e5775d7_Indices_IIP_2022-23_Monthly_annual_Aug_2026.xlsx,2026-09-28,2026-10-09T06:00:15.558936+00:00,2022-23,NIC-2025,Output PPI,https://www.mospi.gov.in/uploads/latestReleases/latest_release_1790590696008_1b346687-0a5f-445a-83a2-28283c586094_IIP_Press_Release_August_2026.pdf,7ca3d7b8a1fa698cd0eb10cf1b4104ce43bc63573b390231a69c673a28ac015c
2024-12,24,Manufacture of basic metals,124.6,8.9,Not specified,https://www.mospi.gov.in/uploads/latestReleases/latest_release_1790590696633_c0f8dc21-040f-4f5c-bfc1-63be2e5775d7_Indices_IIP_2022-23_Monthly_annual_Aug_2026.xlsx,2026-09-28,2026-10-09T06:00:15.558936+00:00,2022-23,NIC-2025,Output PPI,https://www.mospi.gov.in/uploads/latestReleases/latest_release_1790590696008_1b346687-0a5f-445a-83a2-28283c586094_IIP_Press_Release_August_2026.pdf,7ca3d7b8a1fa698cd0eb10cf1b4104ce43bc63573b390231a69c673a28ac015c
2024-12,25,"Manufacture of fabricated metal products, except machinery and equipment",122.9,14.2,Not specified,https://www.mospi.gov.in/uploads/latestReleases/latest_release_1790590696633_c0f8dc21-040f-4f5c-bfc1-63be2e5775d7_Indices_IIP_2022-23_Monthly_annual_Aug_2026.xlsx,2026-09-28,2026-10-09T06:00:15.558936+00:00,2022-23,NIC-2025,Output PPI,https://www.mospi.gov.in/uploads/latestReleases/latest_release_1790590696008_1b346687-0a5f-445a-83a2-28283c586094_IIP_Press_Release_August_2026.pdf,7ca3d7b8a1fa698cd0eb10cf1b4104ce43bc63573b390231a69c673a28ac015c
2024-12,26,"Manufacture of computer, electronic and optical products",129.3,12.2,Not specified,https://www.mospi.gov.in/uploads/latestReleases/latest_release_1790590696633_c0f8dc21-040f-4f5c-bfc1-63be2e5775d7_Indices_IIP_2022-23_Monthly_annual_Aug_2026.xlsx,2026-09-28,2026-10-09T06:00:15.558936+00:00,2022-23,NIC-2025,Output PPI,https://www.mospi.gov.in/uploads/latestReleases/latest_release_1790590696008_1b346687-0a5f-445a-83a2-28283c586094_IIP_Press_Release_August_2026.pdf,7ca3d7b8a1fa698cd0eb10cf1b4104ce43bc63573b390231a69c673a28ac015c
2024-12,27,Manufacture of electrical equipment,119.1,3.9,Not specified,https://www.mospi.gov.in/uploads/latestReleases/latest_release_1790590696633_c0f8dc21-040f-4f5c-bfc1-63be2e5775d7_Indices_IIP_2022-23_Monthly_annual_Aug_2026.xlsx,2026-09-28,2026-10-09T06:00:15.558936+00:00,2022-23,NIC-2025,Output PPI,https://www.mospi.gov.in/uploads/latestReleases/latest_release_1790590696008_1b346687-0a5f-445a-83a2-28283c586094_IIP_Press_Release_August_2026.pdf,7ca3d7b8a1fa698cd0eb10cf1b4104ce43bc63573b390231a69c673a28ac015c
2024-12,28,Manufacture of machinery and equipment n.e.c.,122.9,19.3,Not specified,https://www.mospi.gov.in/uploads/latestReleases/latest_release_1790590696633_c0f8dc21-040f-4f5c-bfc1-63be2e5775d7_Indices_IIP_2022-23_Monthly_annual_Aug_2026.xlsx,2026-09-28,2026-10-09T06:00:15.558936+00:00,2022-23,NIC-2025,Output PPI,https://www.mospi.gov.in/uploads/latestReleases/latest_release_1790590696008_1b346687-0a5f-445a-83a2-28283c586094_IIP_Press_Release_August_2026.pdf,7ca3d7b8a1fa698cd0eb10cf1b4104ce43bc63573b390231a69c673a28ac015c
2024-12,29,"Manufacture of motor vehicles, trailers and semi-trailers",110.4,10.7,Not specified,https://www.mospi.gov.in/uploads/latestReleases/latest_release_1790590696633_c0f8dc21-040f-4f5c-bfc1-63be2e5775d7_Indices_IIP_2022-23_Monthly_annual_Aug_2026.xlsx,2026-09-28,2026-10-09T06:00:15.558936+00:00,2022-23,NIC-2025,Output PPI,https://www.mospi.gov.in/uploads/latestReleases/latest_release_1790590696008_1b346687-0a5f-445a-83a2-28283c586094_IIP_Press_Release_August_2026.pdf,7ca3d7b8a1fa698cd0eb10cf1b4104ce43bc63573b390231a69c673a28ac015c
2024-12,30,Manufacture of other transport equipment,113.0,0.9,Not specified,https://www.mospi.gov.in/uploads/latestReleases/latest_release_1790590696633_c0f8dc21-040f-4f5c-bfc1-63be2e5775d7_Indices_IIP_2022-23_Monthly_annual_Aug_2026.xlsx,2026-09-28,2026-10-09T06:00:15.558936+00:00,2022-23,NIC-2025,Output PPI,https://www.mospi.gov.in/uploads/latestReleases/latest_release_1790590696008_1b346687-0a5f-445a-83a2-28283c586094_IIP_Press_Release_August_2026.pdf,7ca3d7b8a1fa698cd0eb10cf1b4104ce43bc63573b390231a69c673a28ac015c
2024-12,31,Manufacture of furniture,110.6,8.6,Not specified,https://www.mospi.gov.in/uploads/latestReleases/latest_release_1790590696633_c0f8dc21-040f-4f5c-bfc1-63be2e5775d7_Indices_IIP_2022-23_Monthly_annual_Aug_2026.xlsx,2026-09-28,2026-10-09T06:00:15.558936+00:00,2022-23,NIC-2025,Output PPI,https://www.mospi.gov.in/uploads/latestReleases/latest_release_1790590696008_1b346687-0a5f-445a-83a2-28283c586094_IIP_Press_Release_August_2026.pdf,7ca3d7b8a1fa698cd0eb10cf1b4104ce43bc63573b390231a69c673a28ac015c
2024-12,32,Other manufacturing,107.6,18.1,Not specified,https://www.mospi.gov.in/uploads/latestReleases/latest_release_1790590696633_c0f8dc21-040f-4f5c-bfc1-63be2e5775d7_Indices_IIP_2022-23_Monthly_annual_Aug_2026.xlsx,2026-09-28,2026-10-09T06:00:15.558936+00:00,2022-23,NIC-2025,Output PPI,https://www.mospi.gov.in/uploads/latestReleases/latest_release_1790590696008_1b346687-0a5f-445a-83a2-28283c586094_IIP_Press_Release_August_2026.pdf,7ca3d7b8a1fa698cd0eb10cf1b4104ce43bc63573b390231a69c673a28ac015c
2025-01,10,Manufacture of food products,113.1,1.2,Not specified,https://www.mospi.gov.in/uploads/latestReleases/latest_release_1790590696633_c0f8dc21-040f-4f5c-bfc1-63be2e5775d7_Indices_IIP_2022-23_Monthly_annual_Aug_2026.xlsx,2026-09-28,2026-10-09T06:00:15.558936+00:00,2022-23,NIC-2025,Output PPI,https://www.mospi.gov.in/uploads/latestReleases/latest_release_1790590696008_1b346687-0a5f-445a-83a2-28283c586094_IIP_Press_Release_August_2026.pdf,7ca3d7b8a1fa698cd0eb10cf1b4104ce43bc63573b390231a69c673a28ac015c
2025-01,11,Manufacture of beverages,114.3,3.0,Not specified,https://www.mospi.gov.in/uploads/latestReleases/latest_release_1790590696633_c0f8dc21-040f-4f5c-bfc1-63be2e5775d7_Indices_IIP_2022-23_Monthly_annual_Aug_2026.xlsx,2026-09-28,2026-10-09T06:00:15.558936+00:00,2022-23,NIC-2025,Output PPI,https://www.mospi.gov.in/uploads/latestReleases/latest_release_1790590696008_1b346687-0a5f-445a-83a2-28283c586094_IIP_Press_Release_August_2026.pdf,7ca3d7b8a1fa698cd0eb10cf1b4104ce43bc63573b390231a69c673a28ac015c
2025-01,12,Manufacture of tobacco products,121.5,10.5,Not specified,https://www.mospi.gov.in/uploads/latestReleases/latest_release_1790590696633_c0f8dc21-040f-4f5c-bfc1-63be2e5775d7_Indices_IIP_2022-23_Monthly_annual_Aug_2026.xlsx,2026-09-28,2026-10-09T06:00:15.558936+00:00,2022-23,NIC-2025,Output PPI,https://www.mospi.gov.in/uploads/latestReleases/latest_release_1790590696008_1b346687-0a5f-445a-83a2-28283c586094_IIP_Press_Release_August_2026.pdf,7ca3d7b8a1fa698cd0eb10cf1b4104ce43bc63573b390231a69c673a28ac015c
2025-01,13,Manufacture of textiles,121.6,7.2,Not specified,https://www.mospi.gov.in/uploads/latestReleases/latest_release_1790590696633_c0f8dc21-040f-4f5c-bfc1-63be2e5775d7_Indices_IIP_2022-23_Monthly_annual_Aug_2026.xlsx,2026-09-28,2026-10-09T06:00:15.558936+00:00,2022-23,NIC-2025,Output PPI,https://www.mospi.gov.in/uploads/latestReleases/latest_release_1790590696008_1b346687-0a5f-445a-83a2-28283c586094_IIP_Press_Release_August_2026.pdf,7ca3d7b8a1fa698cd0eb10cf1b4104ce43bc63573b390231a69c673a28ac015c
2025-01,14,Manufacture of wearing apparel,109.0,8.3,Not specified,https://www.mospi.gov.in/uploads/latestReleases/latest_release_1790590696633_c0f8dc21-040f-4f5c-bfc1-63be2e5775d7_Indices_IIP_2022-23_Monthly_annual_Aug_2026.xlsx,2026-09-28,2026-10-09T06:00:15.558936+00:00,2022-23,NIC-2025,Output PPI,https://www.mospi.gov.in/uploads/latestReleases/latest_release_1790590696008_1b346687-0a5f-445a-83a2-28283c586094_IIP_Press_Release_August_2026.pdf,7ca3d7b8a1fa698cd0eb10cf1b4104ce43bc63573b390231a69c673a28ac015c
2025-01,15,Manufacture of leather and related products,109.6,13.3,Not specified,https://www.mospi.gov.in/uploads/latestReleases/latest_release_1790590696633_c0f8dc21-040f-4f5c-bfc1-63be2e5775d7_Indices_IIP_2022-23_Monthly_annual_Aug_2026.xlsx,2026-09-28,2026-10-09T06:00:15.558936+00:00,2022-23,NIC-2025,Output PPI,https://www.mospi.gov.in/uploads/latestReleases/latest_release_1790590696008_1b346687-0a5f-445a-83a2-28283c586094_IIP_Press_Release_August_2026.pdf,7ca3d7b8a1fa698cd0eb10cf1b4104ce43bc63573b390231a69c673a28ac015c
2025-01,16,"Manufacture of wood and products of wood and cork, except furniture; manufacture of articles of straw and plaiting materials",121.7,21.9,Not specified,https://www.mospi.gov.in/uploads/latestReleases/latest_release_1790590696633_c0f8dc21-040f-4f5c-bfc1-63be2e5775d7_Indices_IIP_2022-23_Monthly_annual_Aug_2026.xlsx,2026-09-28,2026-10-09T06:00:15.558936+00:00,2022-23,NIC-2025,Output PPI,https://www.mospi.gov.in/uploads/latestReleases/latest_release_1790590696008_1b346687-0a5f-445a-83a2-28283c586094_IIP_Press_Release_August_2026.pdf,7ca3d7b8a1fa698cd0eb10cf1b4104ce43bc63573b390231a69c673a28ac015c
2025-01,17,Manufacture of paper and paper products,103.9,3.7,Not specified,https://www.mospi.gov.in/uploads/latestReleases/latest_release_1790590696633_c0f8dc21-040f-4f5c-bfc1-63be2e5775d7_Indices_IIP_2022-23_Monthly_annual_Aug_2026.xlsx,2026-09-28,2026-10-09T06:00:15.558936+00:00,2022-23,NIC-2025,Output PPI,https://www.mospi.gov.in/uploads/latestReleases/latest_release_1790590696008_1b346687-0a5f-445a-83a2-28283c586094_IIP_Press_Release_August_2026.pdf,7ca3d7b8a1fa698cd0eb10cf1b4104ce43bc63573b390231a69c673a28ac015c
2025-01,18,Printing and reproduction of recorded media,112.0,3.5,Not specified,https://www.mospi.gov.in/uploads/latestReleases/latest_release_1790590696633_c0f8dc21-040f-4f5c-bfc1-63be2e5775d7_Indices_IIP_2022-23_Monthly_annual_Aug_2026.xlsx,2026-09-28,2026-10-09T06:00:15.558936+00:00,2022-23,NIC-2025,Output PPI,https://www.mospi.gov.in/uploads/latestReleases/latest_release_1790590696008_1b346687-0a5f-445a-83a2-28283c586094_IIP_Press_Release_August_2026.pdf,7ca3d7b8a1fa698cd0eb10cf1b4104ce43bc63573b390231a69c673a28ac015c
2025-01,19,Manufacture of coke and refined petroleum products,114.7,8.4,Not specified,https://www.mospi.gov.in/uploads/latestReleases/latest_release_1790590696633_c0f8dc21-040f-4f5c-bfc1-63be2e5775d7_Indices_IIP_2022-23_Monthly_annual_Aug_2026.xlsx,2026-09-28,2026-10-09T06:00:15.558936+00:00,2022-23,NIC-2025,Output PPI,https://www.mospi.gov.in/uploads/latestReleases/latest_release_1790590696008_1b346687-0a5f-445a-83a2-28283c586094_IIP_Press_Release_August_2026.pdf,7ca3d7b8a1fa698cd0eb10cf1b4104ce43bc63573b390231a69c673a28ac015c
2025-01,20,Manufacture of chemicals and chemical products,112.3,5.0,Not specified,https://www.mospi.gov.in/uploads/latestReleases/latest_release_1790590696633_c0f8dc21-040f-4f5c-bfc1-63be2e5775d7_Indices_IIP_2022-23_Monthly_annual_Aug_2026.xlsx,2026-09-28,2026-10-09T06:00:15.558936+00:00,2022-23,NIC-2025,Output PPI,https://www.mospi.gov.in/uploads/latestReleases/latest_release_1790590696008_1b346687-0a5f-445a-83a2-28283c586094_IIP_Press_Release_August_2026.pdf,7ca3d7b8a1fa698cd0eb10cf1b4104ce43bc63573b390231a69c673a28ac015c
2025-01,21,Manufacture of basic pharmaceutical products and pharmaceutical preparations,123.0,5.6,Not specified,https://www.mospi.gov.in/uploads/latestReleases/latest_release_1790590696633_c0f8dc21-040f-4f5c-bfc1-63be2e5775d7_Indices_IIP_2022-23_Monthly_annual_Aug_2026.xlsx,2026-09-28,2026-10-09T06:00:15.558936+00:00,2022-23,NIC-2025,Output PPI,https://www.mospi.gov.in/uploads/latestReleases/latest_release_1790590696008_1b346687-0a5f-445a-83a2-28283c586094_IIP_Press_Release_August_2026.pdf,7ca3d7b8a1fa698cd0eb10cf1b4104ce43bc63573b390231a69c673a28ac015c
2025-01,22,Manufacture of rubber and plastics products,107.4,7.2,Not specified,https://www.mospi.gov.in/uploads/latestReleases/latest_release_1790590696633_c0f8dc21-040f-4f5c-bfc1-63be2e5775d7_Indices_IIP_2022-23_Monthly_annual_Aug_2026.xlsx,2026-09-28,2026-10-09T06:00:15.558936+00:00,2022-23,NIC-2025,Output PPI,https://www.mospi.gov.in/uploads/latestReleases/latest_release_1790590696008_1b346687-0a5f-445a-83a2-28283c586094_IIP_Press_Release_August_2026.pdf,7ca3d7b8a1fa698cd0eb10cf1b4104ce43bc63573b390231a69c673a28ac015c
2025-01,23,Manufacture of other non-metallic mineral products,117.7,9.0,Not specified,https://www.mospi.gov.in/uploads/latestReleases/latest_release_1790590696633_c0f8dc21-040f-4f5c-bfc1-63be2e5775d7_Indices_IIP_2022-23_Monthly_annual_Aug_2026.xlsx,2026-09-28,2026-10-09T06:00:15.558936+00:00,2022-23,NIC-2025,Output PPI,https://www.mospi.gov.in/uploads/latestReleases/latest_release_1790590696008_1b346687-0a5f-445a-83a2-28283c586094_IIP_Press_Release_August_2026.pdf,7ca3d7b8a1fa698cd0eb10cf1b4104ce43bc63573b390231a69c673a28ac015c
2025-01,24,Manufacture of basic metals,126.8,8.6,Not specified,https://www.mospi.gov.in/uploads/latestReleases/latest_release_1790590696633_c0f8dc21-040f-4f5c-bfc1-63be2e5775d7_Indices_IIP_2022-23_Monthly_annual_Aug_2026.xlsx,2026-09-28,2026-10-09T06:00:15.558936+00:00,2022-23,NIC-2025,Output PPI,https://www.mospi.gov.in/uploads/latestReleases/latest_release_1790590696008_1b346687-0a5f-445a-83a2-28283c586094_IIP_Press_Release_August_2026.pdf,7ca3d7b8a1fa698cd0eb10cf1b4104ce43bc63573b390231a69c673a28ac015c
2025-01,25,"Manufacture of fabricated metal products, except machinery and equipment",121.3,11.2,Not specified,https://www.mospi.gov.in/uploads/latestReleases/latest_release_1790590696633_c0f8dc21-040f-4f5c-bfc1-63be2e5775d7_Indices_IIP_2022-23_Monthly_annual_Aug_2026.xlsx,2026-09-28,2026-10-09T06:00:15.558936+00:00,2022-23,NIC-2025,Output PPI,https://www.mospi.gov.in/uploads/latestReleases/latest_release_1790590696008_1b346687-0a5f-445a-83a2-28283c586094_IIP_Press_Release_August_2026.pdf,7ca3d7b8a1fa698cd0eb10cf1b4104ce43bc63573b390231a69c673a28ac015c
2025-01,26,"Manufacture of computer, electronic and optical products",139.5,8.2,Not specified,https://www.mospi.gov.in/uploads/latestReleases/latest_release_1790590696633_c0f8dc21-040f-4f5c-bfc1-63be2e5775d7_Indices_IIP_2022-23_Monthly_annual_Aug_2026.xlsx,2026-09-28,2026-10-09T06:00:15.558936+00:00,2022-23,NIC-2025,Output PPI,https://www.mospi.gov.in/uploads/latestReleases/latest_release_1790590696008_1b346687-0a5f-445a-83a2-28283c586094_IIP_Press_Release_August_2026.pdf,7ca3d7b8a1fa698cd0eb10cf1b4104ce43bc63573b390231a69c673a28ac015c
2025-01,27,Manufacture of electrical equipment,127.3,4.1,Not specified,https://www.mospi.gov.in/uploads/latestReleases/latest_release_1790590696633_c0f8dc21-040f-4f5c-bfc1-63be2e5775d7_Indices_IIP_2022-23_Monthly_annual_Aug_2026.xlsx,2026-09-28,2026-10-09T06:00:15.558936+00:00,2022-23,NIC-2025,Output PPI,https://www.mospi.gov.in/uploads/latestReleases/latest_release_1790590696008_1b346687-0a5f-445a-83a2-28283c586094_IIP_Press_Release_August_2026.pdf,7ca3d7b8a1fa698cd0eb10cf1b4104ce43bc63573b390231a69c673a28ac015c
2025-01,28,Manufacture of machinery and equipment n.e.c.,113.9,13.1,Not specified,https://www.mospi.gov.in/uploads/latestReleases/latest_release_1790590696633_c0f8dc21-040f-4f5c-bfc1-63be2e5775d7_Indices_IIP_2022-23_Monthly_annual_Aug_2026.xlsx,2026-09-28,2026-10-09T06:00:15.558936+00:00,2022-23,NIC-2025,Output PPI,https://www.mospi.gov.in/uploads/latestReleases/latest_release_1790590696008_1b346687-0a5f-445a-83a2-28283c586094_IIP_Press_Release_August_2026.pdf,7ca3d7b8a1fa698cd0eb10cf1b4104ce43bc63573b390231a69c673a28ac015c
2025-01,29,"Manufacture of motor vehicles, trailers and semi-trailers",121.2,6.8,Not specified,https://www.mospi.gov.in/uploads/latestReleases/latest_release_1790590696633_c0f8dc21-040f-4f5c-bfc1-63be2e5775d7_Indices_IIP_2022-23_Monthly_annual_Aug_2026.xlsx,2026-09-28,2026-10-09T06:00:15.558936+00:00,2022-23,NIC-2025,Output PPI,https://www.mospi.gov.in/uploads/latestReleases/latest_release_1790590696008_1b346687-0a5f-445a-83a2-28283c586094_IIP_Press_Release_August_2026.pdf,7ca3d7b8a1fa698cd0eb10cf1b4104ce43bc63573b390231a69c673a28ac015c
2025-01,30,Manufacture of other transport equipment,133.1,8.4,Not specified,https://www.mospi.gov.in/uploads/latestReleases/latest_release_1790590696633_c0f8dc21-040f-4f5c-bfc1-63be2e5775d7_Indices_IIP_2022-23_Monthly_annual_Aug_2026.xlsx,2026-09-28,2026-10-09T06:00:15.558936+00:00,2022-23,NIC-2025,Output PPI,https://www.mospi.gov.in/uploads/latestReleases/latest_release_1790590696008_1b346687-0a5f-445a-83a2-28283c586094_IIP_Press_Release_August_2026.pdf,7ca3d7b8a1fa698cd0eb10cf1b4104ce43bc63573b390231a69c673a28ac015c
2025-01,31,Manufacture of furniture,111.6,8.2,Not specified,https://www.mospi.gov.in/uploads/latestReleases/latest_release_1790590696633_c0f8dc21-040f-4f5c-bfc1-63be2e5775d7_Indices_IIP_2022-23_Monthly_annual_Aug_2026.xlsx,2026-09-28,2026-10-09T06:00:15.558936+00:00,2022-23,NIC-2025,Output PPI,https://www.mospi.gov.in/uploads/latestReleases/latest_release_1790590696008_1b346687-0a5f-445a-83a2-28283c586094_IIP_Press_Release_August_2026.pdf,7ca3d7b8a1fa698cd0eb10cf1b4104ce43bc63573b390231a69c673a28ac015c
2025-01,32,Other manufacturing,109.4,13.3,Not specified,https://www.mospi.gov.in/uploads/latestReleases/latest_release_1790590696633_c0f8dc21-040f-4f5c-bfc1-63be2e5775d7_Indices_IIP_2022-23_Monthly_annual_Aug_2026.xlsx,2026-09-28,2026-10-09T06:00:15.558936+00:00,2022-23,NIC-2025,Output PPI,https://www.mospi.gov.in/uploads/latestReleases/latest_release_1790590696008_1b346687-0a5f-445a-83a2-28283c586094_IIP_Press_Release_August_2026.pdf,7ca3d7b8a1fa698cd0eb10cf1b4104ce43bc63573b390231a69c673a28ac015c
2025-02,10,Manufacture of food products,105.1,-2.8,Not specified,https://www.mospi.gov.in/uploads/latestReleases/latest_release_1790590696633_c0f8dc21-040f-4f5c-bfc1-63be2e5775d7_Indices_IIP_2022-23_Monthly_annual_Aug_2026.xlsx,2026-09-28,2026-10-09T06:00:15.558936+00:00,2022-23,NIC-2025,Output PPI,https://www.mospi.gov.in/uploads/latestReleases/latest_release_1790590696008_1b346687-0a5f-445a-83a2-28283c586094_IIP_Press_Release_August_2026.pdf,7ca3d7b8a1fa698cd0eb10cf1b4104ce43bc63573b390231a69c673a28ac015c
2025-02,11,Manufacture of beverages,132.9,7.3,Not specified,https://www.mospi.gov.in/uploads/latestReleases/latest_release_1790590696633_c0f8dc21-040f-4f5c-bfc1-63be2e5775d7_Indices_IIP_2022-23_Monthly_annual_Aug_2026.xlsx,2026-09-28,2026-10-09T06:00:15.558936+00:00,2022-23,NIC-2025,Output PPI,https://www.mospi.gov.in/uploads/latestReleases/latest_release_1790590696008_1b346687-0a5f-445a-83a2-28283c586094_IIP_Press_Release_August_2026.pdf,7ca3d7b8a1fa698cd0eb10cf1b4104ce43bc63573b390231a69c673a28ac015c
2025-02,12,Manufacture of tobacco products,94.1,-9.4,Not specified,https://www.mospi.gov.in/uploads/latestReleases/latest_release_1790590696633_c0f8dc21-040f-4f5c-bfc1-63be2e5775d7_Indices_IIP_2022-23_Monthly_annual_Aug_2026.xlsx,2026-09-28,2026-10-09T06:00:15.558936+00:00,2022-23,NIC-2025,Output PPI,https://www.mospi.gov.in/uploads/latestReleases/latest_release_1790590696008_1b346687-0a5f-445a-83a2-28283c586094_IIP_Press_Release_August_2026.pdf,7ca3d7b8a1fa698cd0eb10cf1b4104ce43bc63573b390231a69c673a28ac015c
2025-02,13,Manufacture of textiles,116.8,2.0,Not specified,https://www.mospi.gov.in/uploads/latestReleases/latest_release_1790590696633_c0f8dc21-040f-4f5c-bfc1-63be2e5775d7_Indices_IIP_2022-23_Monthly_annual_Aug_2026.xlsx,2026-09-28,2026-10-09T06:00:15.558936+00:00,2022-23,NIC-2025,Output PPI,https://www.mospi.gov.in/uploads/latestReleases/latest_release_1790590696008_1b346687-0a5f-445a-83a2-28283c586094_IIP_Press_Release_August_2026.pdf,7ca3d7b8a1fa698cd0eb10cf1b4104ce43bc63573b390231a69c673a28ac015c
2025-02,14,Manufacture of wearing apparel,108.5,-0.4,Not specified,https://www.mospi.gov.in/uploads/latestReleases/latest_release_1790590696633_c0f8dc21-040f-4f5c-bfc1-63be2e5775d7_Indices_IIP_2022-23_Monthly_annual_Aug_2026.xlsx,2026-09-28,2026-10-09T06:00:15.558936+00:00,2022-23,NIC-2025,Output PPI,https://www.mospi.gov.in/uploads/latestReleases/latest_release_1790590696008_1b346687-0a5f-445a-83a2-28283c586094_IIP_Press_Release_August_2026.pdf,7ca3d7b8a1fa698cd0eb10cf1b4104ce43bc63573b390231a69c673a28ac015c
2025-02,15,Manufacture of leather and related products,96.4,5.9,Not specified,https://www.mospi.gov.in/uploads/latestReleases/latest_release_1790590696633_c0f8dc21-040f-4f5c-bfc1-63be2e5775d7_Indices_IIP_2022-23_Monthly_annual_Aug_2026.xlsx,2026-09-28,2026-10-09T06:00:15.558936+00:00,2022-23,NIC-2025,Output PPI,https://www.mospi.gov.in/uploads/latestReleases/latest_release_1790590696008_1b346687-0a5f-445a-83a2-28283c586094_IIP_Press_Release_August_2026.pdf,7ca3d7b8a1fa698cd0eb10cf1b4104ce43bc63573b390231a69c673a28ac015c
2025-02,16,"Manufacture of wood and products of wood and cork, except furniture; manufacture of articles of straw and plaiting materials",100.3,0.3,Not specified,https://www.mospi.gov.in/uploads/latestReleases/latest_release_1790590696633_c0f8dc21-040f-4f5c-bfc1-63be2e5775d7_Indices_IIP_2022-23_Monthly_annual_Aug_2026.xlsx,2026-09-28,2026-10-09T06:00:15.558936+00:00,2022-23,NIC-2025,Output PPI,https://www.mospi.gov.in/uploads/latestReleases/latest_release_1790590696008_1b346687-0a5f-445a-83a2-28283c586094_IIP_Press_Release_August_2026.pdf,7ca3d7b8a1fa698cd0eb10cf1b4104ce43bc63573b390231a69c673a28ac015c
2025-02,17,Manufacture of paper and paper products,99.0,-2.7,Not specified,https://www.mospi.gov.in/uploads/latestReleases/latest_release_1790590696633_c0f8dc21-040f-4f5c-bfc1-63be2e5775d7_Indices_IIP_2022-23_Monthly_annual_Aug_2026.xlsx,2026-09-28,2026-10-09T06:00:15.558936+00:00,2022-23,NIC-2025,Output PPI,https://www.mospi.gov.in/uploads/latestReleases/latest_release_1790590696008_1b346687-0a5f-445a-83a2-28283c586094_IIP_Press_Release_August_2026.pdf,7ca3d7b8a1fa698cd0eb10cf1b4104ce43bc63573b390231a69c673a28ac015c
2025-02,18,Printing and reproduction of recorded media,107.0,4.4,Not specified,https://www.mospi.gov.in/uploads/latestReleases/latest_release_1790590696633_c0f8dc21-040f-4f5c-bfc1-63be2e5775d7_Indices_IIP_2022-23_Monthly_annual_Aug_2026.xlsx,2026-09-28,2026-10-09T06:00:15.558936+00:00,2022-23,NIC-2025,Output PPI,https://www.mospi.gov.in/uploads/latestReleases/latest_release_1790590696008_1b346687-0a5f-445a-83a2-28283c586094_IIP_Press_Release_August_2026.pdf,7ca3d7b8a1fa698cd0eb10cf1b4104ce43bc63573b390231a69c673a28ac015c
2025-02,19,Manufacture of coke and refined petroleum products,103.9,0.6,Not specified,https://www.mospi.gov.in/uploads/latestReleases/latest_release_1790590696633_c0f8dc21-040f-4f5c-bfc1-63be2e5775d7_Indices_IIP_2022-23_Monthly_annual_Aug_2026.xlsx,2026-09-28,2026-10-09T06:00:15.558936+00:00,2022-23,NIC-2025,Output PPI,https://www.mospi.gov.in/uploads/latestReleases/latest_release_1790590696008_1b346687-0a5f-445a-83a2-28283c586094_IIP_Press_Release_August_2026.pdf,7ca3d7b8a1fa698cd0eb10cf1b4104ce43bc63573b390231a69c673a28ac015c
2025-02,20,Manufacture of chemicals and chemical products,103.6,-1.7,Not specified,https://www.mospi.gov.in/uploads/latestReleases/latest_release_1790590696633_c0f8dc21-040f-4f5c-bfc1-63be2e5775d7_Indices_IIP_2022-23_Monthly_annual_Aug_2026.xlsx,2026-09-28,2026-10-09T06:00:15.558936+00:00,2022-23,NIC-2025,Output PPI,https://www.mospi.gov.in/uploads/latestReleases/latest_release_1790590696008_1b346687-0a5f-445a-83a2-28283c586094_IIP_Press_Release_August_2026.pdf,7ca3d7b8a1fa698cd0eb10cf1b4104ce43bc63573b390231a69c673a28ac015c
2025-02,21,Manufacture of basic pharmaceutical products and pharmaceutical preparations,113.5,-0.4,Not specified,https://www.mospi.gov.in/uploads/latestReleases/latest_release_1790590696633_c0f8dc21-040f-4f5c-bfc1-63be2e5775d7_Indices_IIP_2022-23_Monthly_annual_Aug_2026.xlsx,2026-09-28,2026-10-09T06:00:15.558936+00:00,2022-23,NIC-2025,Output PPI,https://www.mospi.gov.in/uploads/latestReleases/latest_release_1790590696008_1b346687-0a5f-445a-83a2-28283c586094_IIP_Press_Release_August_2026.pdf,7ca3d7b8a1fa698cd0eb10cf1b4104ce43bc63573b390231a69c673a28ac015c
2025-02,22,Manufacture of rubber and plastics products,104.2,2.3,Not specified,https://www.mospi.gov.in/uploads/latestReleases/latest_release_1790590696633_c0f8dc21-040f-4f5c-bfc1-63be2e5775d7_Indices_IIP_2022-23_Monthly_annual_Aug_2026.xlsx,2026-09-28,2026-10-09T06:00:15.558936+00:00,2022-23,NIC-2025,Output PPI,https://www.mospi.gov.in/uploads/latestReleases/latest_release_1790590696008_1b346687-0a5f-445a-83a2-28283c586094_IIP_Press_Release_August_2026.pdf,7ca3d7b8a1fa698cd0eb10cf1b4104ce43bc63573b390231a69c673a28ac015c
2025-02,23,Manufacture of other non-metallic mineral products,113.3,3.9,Not specified,https://www.mospi.gov.in/uploads/latestReleases/latest_release_1790590696633_c0f8dc21-040f-4f5c-bfc1-63be2e5775d7_Indices_IIP_2022-23_Monthly_annual_Aug_2026.xlsx,2026-09-28,2026-10-09T06:00:15.558936+00:00,2022-23,NIC-2025,Output PPI,https://www.mospi.gov.in/uploads/latestReleases/latest_release_1790590696008_1b346687-0a5f-445a-83a2-28283c586094_IIP_Press_Release_August_2026.pdf,7ca3d7b8a1fa698cd0eb10cf1b4104ce43bc63573b390231a69c673a28ac015c
2025-02,24,Manufacture of basic metals,119.0,7.2,Not specified,https://www.mospi.gov.in/uploads/latestReleases/latest_release_1790590696633_c0f8dc21-040f-4f5c-bfc1-63be2e5775d7_Indices_IIP_2022-23_Monthly_annual_Aug_2026.xlsx,2026-09-28,2026-10-09T06:00:15.558936+00:00,2022-23,NIC-2025,Output PPI,https://www.mospi.gov.in/uploads/latestReleases/latest_release_1790590696008_1b346687-0a5f-445a-83a2-28283c586094_IIP_Press_Release_August_2026.pdf,7ca3d7b8a1fa698cd0eb10cf1b4104ce43bc63573b390231a69c673a28ac015c
2025-02,25,"Manufacture of fabricated metal products, except machinery and equipment",121.0,10.9,Not specified,https://www.mospi.gov.in/uploads/latestReleases/latest_release_1790590696633_c0f8dc21-040f-4f5c-bfc1-63be2e5775d7_Indices_IIP_2022-23_Monthly_annual_Aug_2026.xlsx,2026-09-28,2026-10-09T06:00:15.558936+00:00,2022-23,NIC-2025,Output PPI,https://www.mospi.gov.in/uploads/latestReleases/latest_release_1790590696008_1b346687-0a5f-445a-83a2-28283c586094_IIP_Press_Release_August_2026.pdf,7ca3d7b8a1fa698cd0eb10cf1b4104ce43bc63573b390231a69c673a28ac015c
2025-02,26,"Manufacture of computer, electronic and optical products",134.8,6.5,Not specified,https://www.mospi.gov.in/uploads/latestReleases/latest_release_1790590696633_c0f8dc21-040f-4f5c-bfc1-63be2e5775d7_Indices_IIP_2022-23_Monthly_annual_Aug_2026.xlsx,2026-09-28,2026-10-09T06:00:15.558936+00:00,2022-23,NIC-2025,Output PPI,https://www.mospi.gov.in/uploads/latestReleases/latest_release_1790590696008_1b346687-0a5f-445a-83a2-28283c586094_IIP_Press_Release_August_2026.pdf,7ca3d7b8a1fa698cd0eb10cf1b4104ce43bc63573b390231a69c673a28ac015c
2025-02,27,Manufacture of electrical equipment,130.7,13.4,Not specified,https://www.mospi.gov.in/uploads/latestReleases/latest_release_1790590696633_c0f8dc21-040f-4f5c-bfc1-63be2e5775d7_Indices_IIP_2022-23_Monthly_annual_Aug_2026.xlsx,2026-09-28,2026-10-09T06:00:15.558936+00:00,2022-23,NIC-2025,Output PPI,https://www.mospi.gov.in/uploads/latestReleases/latest_release_1790590696008_1b346687-0a5f-445a-83a2-28283c586094_IIP_Press_Release_August_2026.pdf,7ca3d7b8a1fa698cd0eb10cf1b4104ce43bc63573b390231a69c673a28ac015c
2025-02,28,Manufacture of machinery and equipment n.e.c.,115.1,6.4,Not specified,https://www.mospi.gov.in/uploads/latestReleases/latest_release_1790590696633_c0f8dc21-040f-4f5c-bfc1-63be2e5775d7_Indices_IIP_2022-23_Monthly_annual_Aug_2026.xlsx,2026-09-28,2026-10-09T06:00:15.558936+00:00,2022-23,NIC-2025,Output PPI,https://www.mospi.gov.in/uploads/latestReleases/latest_release_1790590696008_1b346687-0a5f-445a-83a2-28283c586094_IIP_Press_Release_August_2026.pdf,7ca3d7b8a1fa698cd0eb10cf1b4104ce43bc63573b390231a69c673a28ac015c
2025-02,29,"Manufacture of motor vehicles, trailers and semi-trailers",118.5,6.9,Not specified,https://www.mospi.gov.in/uploads/latestReleases/latest_release_1790590696633_c0f8dc21-040f-4f5c-bfc1-63be2e5775d7_Indices_IIP_2022-23_Monthly_annual_Aug_2026.xlsx,2026-09-28,2026-10-09T06:00:15.558936+00:00,2022-23,NIC-2025,Output PPI,https://www.mospi.gov.in/uploads/latestReleases/latest_release_1790590696008_1b346687-0a5f-445a-83a2-28283c586094_IIP_Press_Release_August_2026.pdf,7ca3d7b8a1fa698cd0eb10cf1b4104ce43bc63573b390231a69c673a28ac015c
2025-02,30,Manufacture of other transport equipment,124.5,1.5,Not specified,https://www.mospi.gov.in/uploads/latestReleases/latest_release_1790590696633_c0f8dc21-040f-4f5c-bfc1-63be2e5775d7_Indices_IIP_2022-23_Monthly_annual_Aug_2026.xlsx,2026-09-28,2026-10-09T06:00:15.558936+00:00,2022-23,NIC-2025,Output PPI,https://www.mospi.gov.in/uploads/latestReleases/latest_release_1790590696008_1b346687-0a5f-445a-83a2-28283c586094_IIP_Press_Release_August_2026.pdf,7ca3d7b8a1fa698cd0eb10cf1b4104ce43bc63573b390231a69c673a28ac015c
2025-02,31,Manufacture of furniture,108.0,4.1,Not specified,https://www.mospi.gov.in/uploads/latestReleases/latest_release_1790590696633_c0f8dc21-040f-4f5c-bfc1-63be2e5775d7_Indices_IIP_2022-23_Monthly_annual_Aug_2026.xlsx,2026-09-28,2026-10-09T06:00:15.558936+00:00,2022-23,NIC-2025,Output PPI,https://www.mospi.gov.in/uploads/latestReleases/latest_release_1790590696008_1b346687-0a5f-445a-83a2-28283c586094_IIP_Press_Release_August_2026.pdf,7ca3d7b8a1fa698cd0eb10cf1b4104ce43bc63573b390231a69c673a28ac015c
2025-02,32,Other manufacturing,99.4,-1.4,Not specified,https://www.mospi.gov.in/uploads/latestReleases/latest_release_1790590696633_c0f8dc21-040f-4f5c-bfc1-63be2e5775d7_Indices_IIP_2022-23_Monthly_annual_Aug_2026.xlsx,2026-09-28,2026-10-09T06:00:15.558936+00:00,2022-23,NIC-2025,Output PPI,https://www.mospi.gov.in/uploads/latestReleases/latest_release_1790590696008_1b346687-0a5f-445a-83a2-28283c586094_IIP_Press_Release_August_2026.pdf,7ca3d7b8a1fa698cd0eb10cf1b4104ce43bc63573b390231a69c673a28ac015c
2025-03,10,Manufacture of food products,102.2,-3.9,Not specified,https://www.mospi.gov.in/uploads/latestReleases/latest_release_1790590696633_c0f8dc21-040f-4f5c-bfc1-63be2e5775d7_Indices_IIP_2022-23_Monthly_annual_Aug_2026.xlsx,2026-09-28,2026-10-09T06:00:15.558936+00:00,2022-23,NIC-2025,Output PPI,https://www.mospi.gov.in/uploads/latestReleases/latest_release_1790590696008_1b346687-0a5f-445a-83a2-28283c586094_IIP_Press_Release_August_2026.pdf,7ca3d7b8a1fa698cd0eb10cf1b4104ce43bc63573b390231a69c673a28ac015c
2025-03,11,Manufacture of beverages,164.2,18.2,Not specified,https://www.mospi.gov.in/uploads/latestReleases/latest_release_1790590696633_c0f8dc21-040f-4f5c-bfc1-63be2e5775d7_Indices_IIP_2022-23_Monthly_annual_Aug_2026.xlsx,2026-09-28,2026-10-09T06:00:15.558936+00:00,2022-23,NIC-2025,Output PPI,https://www.mospi.gov.in/uploads/latestReleases/latest_release_1790590696008_1b346687-0a5f-445a-83a2-28283c586094_IIP_Press_Release_August_2026.pdf,7ca3d7b8a1fa698cd0eb10cf1b4104ce43bc63573b390231a69c673a28ac015c
2025-03,12,Manufacture of tobacco products,125.4,20.9,Not specified,https://www.mospi.gov.in/uploads/latestReleases/latest_release_1790590696633_c0f8dc21-040f-4f5c-bfc1-63be2e5775d7_Indices_IIP_2022-23_Monthly_annual_Aug_2026.xlsx,2026-09-28,2026-10-09T06:00:15.558936+00:00,2022-23,NIC-2025,Output PPI,https://www.mospi.gov.in/uploads/latestReleases/latest_release_1790590696008_1b346687-0a5f-445a-83a2-28283c586094_IIP_Press_Release_August_2026.pdf,7ca3d7b8a1fa698cd0eb10cf1b4104ce43bc63573b390231a69c673a28ac015c
2025-03,13,Manufacture of textiles,123.5,4.7,Not specified,https://www.mospi.gov.in/uploads/latestReleases/latest_release_1790590696633_c0f8dc21-040f-4f5c-bfc1-63be2e5775d7_Indices_IIP_2022-23_Monthly_annual_Aug_2026.xlsx,2026-09-28,2026-10-09T06:00:15.558936+00:00,2022-23,NIC-2025,Output PPI,https://www.mospi.gov.in/uploads/latestReleases/latest_release_1790590696008_1b346687-0a5f-445a-83a2-28283c586094_IIP_Press_Release_August_2026.pdf,7ca3d7b8a1fa698cd0eb10cf1b4104ce43bc63573b390231a69c673a28ac015c
2025-03,14,Manufacture of wearing apparel,111.2,1.2,Not specified,https://www.mospi.gov.in/uploads/latestReleases/latest_release_1790590696633_c0f8dc21-040f-4f5c-bfc1-63be2e5775d7_Indices_IIP_2022-23_Monthly_annual_Aug_2026.xlsx,2026-09-28,2026-10-09T06:00:15.558936+00:00,2022-23,NIC-2025,Output PPI,https://www.mospi.gov.in/uploads/latestReleases/latest_release_1790590696008_1b346687-0a5f-445a-83a2-28283c586094_IIP_Press_Release_August_2026.pdf,7ca3d7b8a1fa698cd0eb10cf1b4104ce43bc63573b390231a69c673a28ac015c
2025-03,15,Manufacture of leather and related products,100.8,8.4,Not specified,https://www.mospi.gov.in/uploads/latestReleases/latest_release_1790590696633_c0f8dc21-040f-4f5c-bfc1-63be2e5775d7_Indices_IIP_2022-23_Monthly_annual_Aug_2026.xlsx,2026-09-28,2026-10-09T06:00:15.558936+00:00,2022-23,NIC-2025,Output PPI,https://www.mospi.gov.in/uploads/latestReleases/latest_release_1790590696008_1b346687-0a5f-445a-83a2-28283c586094_IIP_Press_Release_August_2026.pdf,7ca3d7b8a1fa698cd0eb10cf1b4104ce43bc63573b390231a69c673a28ac015c
2025-03,16,"Manufacture of wood and products of wood and cork, except furniture; manufacture of articles of straw and plaiting materials",121.3,3.8,Not specified,https://www.mospi.gov.in/uploads/latestReleases/latest_release_1790590696633_c0f8dc21-040f-4f5c-bfc1-63be2e5775d7_Indices_IIP_2022-23_Monthly_annual_Aug_2026.xlsx,2026-09-28,2026-10-09T06:00:15.558936+00:00,2022-23,NIC-2025,Output PPI,https://www.mospi.gov.in/uploads/latestReleases/latest_release_1790590696008_1b346687-0a5f-445a-83a2-28283c586094_IIP_Press_Release_August_2026.pdf,7ca3d7b8a1fa698cd0eb10cf1b4104ce43bc63573b390231a69c673a28ac015c
2025-03,17,Manufacture of paper and paper products,106.2,-0.5,Not specified,https://www.mospi.gov.in/uploads/latestReleases/latest_release_1790590696633_c0f8dc21-040f-4f5c-bfc1-63be2e5775d7_Indices_IIP_2022-23_Monthly_annual_Aug_2026.xlsx,2026-09-28,2026-10-09T06:00:15.558936+00:00,2022-23,NIC-2025,Output PPI,https://www.mospi.gov.in/uploads/latestReleases/latest_release_1790590696008_1b346687-0a5f-445a-83a2-28283c586094_IIP_Press_Release_August_2026.pdf,7ca3d7b8a1fa698cd0eb10cf1b4104ce43bc63573b390231a69c673a28ac015c
2025-03,18,Printing and reproduction of recorded media,111.9,3.3,Not specified,https://www.mospi.gov.in/uploads/latestReleases/latest_release_1790590696633_c0f8dc21-040f-4f5c-bfc1-63be2e5775d7_Indices_IIP_2022-23_Monthly_annual_Aug_2026.xlsx,2026-09-28,2026-10-09T06:00:15.558936+00:00,2022-23,NIC-2025,Output PPI,https://www.mospi.gov.in/uploads/latestReleases/latest_release_1790590696008_1b346687-0a5f-445a-83a2-28283c586094_IIP_Press_Release_August_2026.pdf,7ca3d7b8a1fa698cd0eb10cf1b4104ce43bc63573b390231a69c673a28ac015c
2025-03,19,Manufacture of coke and refined petroleum products,114.8,2.6,Not specified,https://www.mospi.gov.in/uploads/latestReleases/latest_release_1790590696633_c0f8dc21-040f-4f5c-bfc1-63be2e5775d7_Indices_IIP_2022-23_Monthly_annual_Aug_2026.xlsx,2026-09-28,2026-10-09T06:00:15.558936+00:00,2022-23,NIC-2025,Output PPI,https://www.mospi.gov.in/uploads/latestReleases/latest_release_1790590696008_1b346687-0a5f-445a-83a2-28283c586094_IIP_Press_Release_August_2026.pdf,7ca3d7b8a1fa698cd0eb10cf1b4104ce43bc63573b390231a69c673a28ac015c
2025-03,20,Manufacture of chemicals and chemical products,112.1,0.6,Not specified,https://www.mospi.gov.in/uploads/latestReleases/latest_release_1790590696633_c0f8dc21-040f-4f5c-bfc1-63be2e5775d7_Indices_IIP_2022-23_Monthly_annual_Aug_2026.xlsx,2026-09-28,2026-10-09T06:00:15.558936+00:00,2022-23,NIC-2025,Output PPI,https://www.mospi.gov.in/uploads/latestReleases/latest_release_1790590696008_1b346687-0a5f-445a-83a2-28283c586094_IIP_Press_Release_August_2026.pdf,7ca3d7b8a1fa698cd0eb10cf1b4104ce43bc63573b390231a69c673a28ac015c
2025-03,21,Manufacture of basic pharmaceutical products and pharmaceutical preparations,133.5,6.8,Not specified,https://www.mospi.gov.in/uploads/latestReleases/latest_release_1790590696633_c0f8dc21-040f-4f5c-bfc1-63be2e5775d7_Indices_IIP_2022-23_Monthly_annual_Aug_2026.xlsx,2026-09-28,2026-10-09T06:00:15.558936+00:00,2022-23,NIC-2025,Output PPI,https://www.mospi.gov.in/uploads/latestReleases/latest_release_1790590696008_1b346687-0a5f-445a-83a2-28283c586094_IIP_Press_Release_August_2026.pdf,7ca3d7b8a1fa698cd0eb10cf1b4104ce43bc63573b390231a69c673a28ac015c
2025-03,22,Manufacture of rubber and plastics products,110.7,5.1,Not specified,https://www.mospi.gov.in/uploads/latestReleases/latest_release_1790590696633_c0f8dc21-040f-4f5c-bfc1-63be2e5775d7_Indices_IIP_2022-23_Monthly_annual_Aug_2026.xlsx,2026-09-28,2026-10-09T06:00:15.558936+00:00,2022-23,NIC-2025,Output PPI,https://www.mospi.gov.in/uploads/latestReleases/latest_release_1790590696008_1b346687-0a5f-445a-83a2-28283c586094_IIP_Press_Release_August_2026.pdf,7ca3d7b8a1fa698cd0eb10cf1b4104ce43bc63573b390231a69c673a28ac015c
2025-03,23,Manufacture of other non-metallic mineral products,127.5,7.0,Not specified,https://www.mospi.gov.in/uploads/latestReleases/latest_release_1790590696633_c0f8dc21-040f-4f5c-bfc1-63be2e5775d7_Indices_IIP_2022-23_Monthly_annual_Aug_2026.xlsx,2026-09-28,2026-10-09T06:00:15.558936+00:00,2022-23,NIC-2025,Output PPI,https://www.mospi.gov.in/uploads/latestReleases/latest_release_1790590696008_1b346687-0a5f-445a-83a2-28283c586094_IIP_Press_Release_August_2026.pdf,7ca3d7b8a1fa698cd0eb10cf1b4104ce43bc63573b390231a69c673a28ac015c
2025-03,24,Manufacture of basic metals,132.3,10.3,Not specified,https://www.mospi.gov.in/uploads/latestReleases/latest_release_1790590696633_c0f8dc21-040f-4f5c-bfc1-63be2e5775d7_Indices_IIP_2022-23_Monthly_annual_Aug_2026.xlsx,2026-09-28,2026-10-09T06:00:15.558936+00:00,2022-23,NIC-2025,Output PPI,https://www.mospi.gov.in/uploads/latestReleases/latest_release_1790590696008_1b346687-0a5f-445a-83a2-28283c586094_IIP_Press_Release_August_2026.pdf,7ca3d7b8a1fa698cd0eb10cf1b4104ce43bc63573b390231a69c673a28ac015c
2025-03,25,"Manufacture of fabricated metal products, except machinery and equipment",145.2,12.3,Not specified,https://www.mospi.gov.in/uploads/latestReleases/latest_release_1790590696633_c0f8dc21-040f-4f5c-bfc1-63be2e5775d7_Indices_IIP_2022-23_Monthly_annual_Aug_2026.xlsx,2026-09-28,2026-10-09T06:00:15.558936+00:00,2022-23,NIC-2025,Output PPI,https://www.mospi.gov.in/uploads/latestReleases/latest_release_1790590696008_1b346687-0a5f-445a-83a2-28283c586094_IIP_Press_Release_August_2026.pdf,7ca3d7b8a1fa698cd0eb10cf1b4104ce43bc63573b390231a69c673a28ac015c
2025-03,26,"Manufacture of computer, electronic and optical products",149.9,8.2,Not specified,https://www.mospi.gov.in/uploads/latestReleases/latest_release_1790590696633_c0f8dc21-040f-4f5c-bfc1-63be2e5775d7_Indices_IIP_2022-23_Monthly_annual_Aug_2026.xlsx,2026-09-28,2026-10-09T06:00:15.558936+00:00,2022-23,NIC-2025,Output PPI,https://www.mospi.gov.in/uploads/latestReleases/latest_release_1790590696008_1b346687-0a5f-445a-83a2-28283c586094_IIP_Press_Release_August_2026.pdf,7ca3d7b8a1fa698cd0eb10cf1b4104ce43bc63573b390231a69c673a28ac015c
2025-03,27,Manufacture of electrical equipment,152.8,18.4,Not specified,https://www.mospi.gov.in/uploads/latestReleases/latest_release_1790590696633_c0f8dc21-040f-4f5c-bfc1-63be2e5775d7_Indices_IIP_2022-23_Monthly_annual_Aug_2026.xlsx,2026-09-28,2026-10-09T06:00:15.558936+00:00,2022-23,NIC-2025,Output PPI,https://www.mospi.gov.in/uploads/latestReleases/latest_release_1790590696008_1b346687-0a5f-445a-83a2-28283c586094_IIP_Press_Release_August_2026.pdf,7ca3d7b8a1fa698cd0eb10cf1b4104ce43bc63573b390231a69c673a28ac015c
2025-03,28,Manufacture of machinery and equipment n.e.c.,163.4,13.7,Not specified,https://www.mospi.gov.in/uploads/latestReleases/latest_release_1790590696633_c0f8dc21-040f-4f5c-bfc1-63be2e5775d7_Indices_IIP_2022-23_Monthly_annual_Aug_2026.xlsx,2026-09-28,2026-10-09T06:00:15.558936+00:00,2022-23,NIC-2025,Output PPI,https://www.mospi.gov.in/uploads/latestReleases/latest_release_1790590696008_1b346687-0a5f-445a-83a2-28283c586094_IIP_Press_Release_August_2026.pdf,7ca3d7b8a1fa698cd0eb10cf1b4104ce43bc63573b390231a69c673a28ac015c
2025-03,29,"Manufacture of motor vehicles, trailers and semi-trailers",122.0,9.8,Not specified,https://www.mospi.gov.in/uploads/latestReleases/latest_release_1790590696633_c0f8dc21-040f-4f5c-bfc1-63be2e5775d7_Indices_IIP_2022-23_Monthly_annual_Aug_2026.xlsx,2026-09-28,2026-10-09T06:00:15.558936+00:00,2022-23,NIC-2025,Output PPI,https://www.mospi.gov.in/uploads/latestReleases/latest_release_1790590696008_1b346687-0a5f-445a-83a2-28283c586094_IIP_Press_Release_August_2026.pdf,7ca3d7b8a1fa698cd0eb10cf1b4104ce43bc63573b390231a69c673a28ac015c
2025-03,30,Manufacture of other transport equipment,135.1,5.1,Not specified,https://www.mospi.gov.in/uploads/latestReleases/latest_release_1790590696633_c0f8dc21-040f-4f5c-bfc1-63be2e5775d7_Indices_IIP_2022-23_Monthly_annual_Aug_2026.xlsx,2026-09-28,2026-10-09T06:00:15.558936+00:00,2022-23,NIC-2025,Output PPI,https://www.mospi.gov.in/uploads/latestReleases/latest_release_1790590696008_1b346687-0a5f-445a-83a2-28283c586094_IIP_Press_Release_August_2026.pdf,7ca3d7b8a1fa698cd0eb10cf1b4104ce43bc63573b390231a69c673a28ac015c
2025-03,31,Manufacture of furniture,116.9,-0.8,Not specified,https://www.mospi.gov.in/uploads/latestReleases/latest_release_1790590696633_c0f8dc21-040f-4f5c-bfc1-63be2e5775d7_Indices_IIP_2022-23_Monthly_annual_Aug_2026.xlsx,2026-09-28,2026-10-09T06:00:15.558936+00:00,2022-23,NIC-2025,Output PPI,https://www.mospi.gov.in/uploads/latestReleases/latest_release_1790590696008_1b346687-0a5f-445a-83a2-28283c586094_IIP_Press_Release_August_2026.pdf,7ca3d7b8a1fa698cd0eb10cf1b4104ce43bc63573b390231a69c673a28ac015c
2025-03,32,Other manufacturing,119.8,17.1,Not specified,https://www.mospi.gov.in/uploads/latestReleases/latest_release_1790590696633_c0f8dc21-040f-4f5c-bfc1-63be2e5775d7_Indices_IIP_2022-23_Monthly_annual_Aug_2026.xlsx,2026-09-28,2026-10-09T06:00:15.558936+00:00,2022-23,NIC-2025,Output PPI,https://www.mospi.gov.in/uploads/latestReleases/latest_release_1790590696008_1b346687-0a5f-445a-83a2-28283c586094_IIP_Press_Release_August_2026.pdf,7ca3d7b8a1fa698cd0eb10cf1b4104ce43bc63573b390231a69c673a28ac015c
2025-04,10,Manufacture of food products,95.3,3.4,Not specified,https://www.mospi.gov.in/uploads/latestReleases/latest_release_1790590696633_c0f8dc21-040f-4f5c-bfc1-63be2e5775d7_Indices_IIP_2022-23_Monthly_annual_Aug_2026.xlsx,2026-09-28,2026-10-09T06:00:15.558936+00:00,2022-23,NIC-2025,Output PPI,https://www.mospi.gov.in/uploads/latestReleases/latest_release_1790590696008_1b346687-0a5f-445a-83a2-28283c586094_IIP_Press_Release_August_2026.pdf,7ca3d7b8a1fa698cd0eb10cf1b4104ce43bc63573b390231a69c673a28ac015c
2025-04,11,Manufacture of beverages,164.4,0.2,Not specified,https://www.mospi.gov.in/uploads/latestReleases/latest_release_1790590696633_c0f8dc21-040f-4f5c-bfc1-63be2e5775d7_Indices_IIP_2022-23_Monthly_annual_Aug_2026.xlsx,2026-09-28,2026-10-09T06:00:15.558936+00:00,2022-23,NIC-2025,Output PPI,https://www.mospi.gov.in/uploads/latestReleases/latest_release_1790590696008_1b346687-0a5f-445a-83a2-28283c586094_IIP_Press_Release_August_2026.pdf,7ca3d7b8a1fa698cd0eb10cf1b4104ce43bc63573b390231a69c673a28ac015c
2025-04,12,Manufacture of tobacco products,111.4,27.5,Not specified,https://www.mospi.gov.in/uploads/latestReleases/latest_release_1790590696633_c0f8dc21-040f-4f5c-bfc1-63be2e5775d7_Indices_IIP_2022-23_Monthly_annual_Aug_2026.xlsx,2026-09-28,2026-10-09T06:00:15.558936+00:00,2022-23,NIC-2025,Output PPI,https://www.mospi.gov.in/uploads/latestReleases/latest_release_1790590696008_1b346687-0a5f-445a-83a2-28283c586094_IIP_Press_Release_August_2026.pdf,7ca3d7b8a1fa698cd0eb10cf1b4104ce43bc63573b390231a69c673a28ac015c
2025-04,13,Manufacture of textiles,116.8,5.6,Not specified,https://www.mospi.gov.in/uploads/latestReleases/latest_release_1790590696633_c0f8dc21-040f-4f5c-bfc1-63be2e5775d7_Indices_IIP_2022-23_Monthly_annual_Aug_2026.xlsx,2026-09-28,2026-10-09T06:00:15.558936+00:00,2022-23,NIC-2025,Output PPI,https://www.mospi.gov.in/uploads/latestReleases/latest_release_1790590696008_1b346687-0a5f-445a-83a2-28283c586094_IIP_Press_Release_August_2026.pdf,7ca3d7b8a1fa698cd0eb10cf1b4104ce43bc63573b390231a69c673a28ac015c
2025-04,14,Manufacture of wearing apparel,97.7,1.5,Not specified,https://www.mospi.gov.in/uploads/latestReleases/latest_release_1790590696633_c0f8dc21-040f-4f5c-bfc1-63be2e5775d7_Indices_IIP_2022-23_Monthly_annual_Aug_2026.xlsx,2026-09-28,2026-10-09T06:00:15.558936+00:00,2022-23,NIC-2025,Output PPI,https://www.mospi.gov.in/uploads/latestReleases/latest_release_1790590696008_1b346687-0a5f-445a-83a2-28283c586094_IIP_Press_Release_August_2026.pdf,7ca3d7b8a1fa698cd0eb10cf1b4104ce43bc63573b390231a69c673a28ac015c
2025-04,15,Manufacture of leather and related products,98.5,8.0,Not specified,https://www.mospi.gov.in/uploads/latestReleases/latest_release_1790590696633_c0f8dc21-040f-4f5c-bfc1-63be2e5775d7_Indices_IIP_2022-23_Monthly_annual_Aug_2026.xlsx,2026-09-28,2026-10-09T06:00:15.558936+00:00,2022-23,NIC-2025,Output PPI,https://www.mospi.gov.in/uploads/latestReleases/latest_release_1790590696008_1b346687-0a5f-445a-83a2-28283c586094_IIP_Press_Release_August_2026.pdf,7ca3d7b8a1fa698cd0eb10cf1b4104ce43bc63573b390231a69c673a28ac015c
2025-04,16,"Manufacture of wood and products of wood and cork, except furniture; manufacture of articles of straw and plaiting materials",96.3,7.1,Not specified,https://www.mospi.gov.in/uploads/latestReleases/latest_release_1790590696633_c0f8dc21-040f-4f5c-bfc1-63be2e5775d7_Indices_IIP_2022-23_Monthly_annual_Aug_2026.xlsx,2026-09-28,2026-10-09T06:00:15.558936+00:00,2022-23,NIC-2025,Output PPI,https://www.mospi.gov.in/uploads/latestReleases/latest_release_1790590696008_1b346687-0a5f-445a-83a2-28283c586094_IIP_Press_Release_August_2026.pdf,7ca3d7b8a1fa698cd0eb10cf1b4104ce43bc63573b390231a69c673a28ac015c
2025-04,17,Manufacture of paper and paper products,101.0,4.9,Not specified,https://www.mospi.gov.in/uploads/latestReleases/latest_release_1790590696633_c0f8dc21-040f-4f5c-bfc1-63be2e5775d7_Indices_IIP_2022-23_Monthly_annual_Aug_2026.xlsx,2026-09-28,2026-10-09T06:00:15.558936+00:00,2022-23,NIC-2025,Output PPI,https://www.mospi.gov.in/uploads/latestReleases/latest_release_1790590696008_1b346687-0a5f-445a-83a2-28283c586094_IIP_Press_Release_August_2026.pdf,7ca3d7b8a1fa698cd0eb10cf1b4104ce43bc63573b390231a69c673a28ac015c
2025-04,18,Printing and reproduction of recorded media,108.2,12.9,Not specified,https://www.mospi.gov.in/uploads/latestReleases/latest_release_1790590696633_c0f8dc21-040f-4f5c-bfc1-63be2e5775d7_Indices_IIP_2022-23_Monthly_annual_Aug_2026.xlsx,2026-09-28,2026-10-09T06:00:15.558936+00:00,2022-23,NIC-2025,Output PPI,https://www.mospi.gov.in/uploads/latestReleases/latest_release_1790590696008_1b346687-0a5f-445a-83a2-28283c586094_IIP_Press_Release_August_2026.pdf,7ca3d7b8a1fa698cd0eb10cf1b4104ce43bc63573b390231a69c673a28ac015c
2025-04,19,Manufacture of coke and refined petroleum products,104.6,-1.8,Not specified,https://www.mospi.gov.in/uploads/latestReleases/latest_release_1790590696633_c0f8dc21-040f-4f5c-bfc1-63be2e5775d7_Indices_IIP_2022-23_Monthly_annual_Aug_2026.xlsx,2026-09-28,2026-10-09T06:00:15.558936+00:00,2022-23,NIC-2025,Output PPI,https://www.mospi.gov.in/uploads/latestReleases/latest_release_1790590696008_1b346687-0a5f-445a-83a2-28283c586094_IIP_Press_Release_August_2026.pdf,7ca3d7b8a1fa698cd0eb10cf1b4104ce43bc63573b390231a69c673a28ac015c
2025-04,20,Manufacture of chemicals and chemical products,104.8,0.3,Not specified,https://www.mospi.gov.in/uploads/latestReleases/latest_release_1790590696633_c0f8dc21-040f-4f5c-bfc1-63be2e5775d7_Indices_IIP_2022-23_Monthly_annual_Aug_2026.xlsx,2026-09-28,2026-10-09T06:00:15.558936+00:00,2022-23,NIC-2025,Output PPI,https://www.mospi.gov.in/uploads/latestReleases/latest_release_1790590696008_1b346687-0a5f-445a-83a2-28283c586094_IIP_Press_Release_August_2026.pdf,7ca3d7b8a1fa698cd0eb10cf1b4104ce43bc63573b390231a69c673a28ac015c
2025-04,21,Manufacture of basic pharmaceutical products and pharmaceutical preparations,114.9,1.9,Not specified,https://www.mospi.gov.in/uploads/latestReleases/latest_release_1790590696633_c0f8dc21-040f-4f5c-bfc1-63be2e5775d7_Indices_IIP_2022-23_Monthly_annual_Aug_2026.xlsx,2026-09-28,2026-10-09T06:00:15.558936+00:00,2022-23,NIC-2025,Output PPI,https://www.mospi.gov.in/uploads/latestReleases/latest_release_1790590696008_1b346687-0a5f-445a-83a2-28283c586094_IIP_Press_Release_August_2026.pdf,7ca3d7b8a1fa698cd0eb10cf1b4104ce43bc63573b390231a69c673a28ac015c
2025-04,22,Manufacture of rubber and plastics products,100.4,0.1,Not specified,https://www.mospi.gov.in/uploads/latestReleases/latest_release_1790590696633_c0f8dc21-040f-4f5c-bfc1-63be2e5775d7_Indices_IIP_2022-23_Monthly_annual_Aug_2026.xlsx,2026-09-28,2026-10-09T06:00:15.558936+00:00,2022-23,NIC-2025,Output PPI,https://www.mospi.gov.in/uploads/latestReleases/latest_release_1790590696008_1b346687-0a5f-445a-83a2-28283c586094_IIP_Press_Release_August_2026.pdf,7ca3d7b8a1fa698cd0eb10cf1b4104ce43bc63573b390231a69c673a28ac015c
2025-04,23,Manufacture of other non-metallic mineral products,112.1,4.0,Not specified,https://www.mospi.gov.in/uploads/latestReleases/latest_release_1790590696633_c0f8dc21-040f-4f5c-bfc1-63be2e5775d7_Indices_IIP_2022-23_Monthly_annual_Aug_2026.xlsx,2026-09-28,2026-10-09T06:00:15.558936+00:00,2022-23,NIC-2025,Output PPI,https://www.mospi.gov.in/uploads/latestReleases/latest_release_1790590696008_1b346687-0a5f-445a-83a2-28283c586094_IIP_Press_Release_August_2026.pdf,7ca3d7b8a1fa698cd0eb10cf1b4104ce43bc63573b390231a69c673a28ac015c
2025-04,24,Manufacture of basic metals,122.9,9.1,Not specified,https://www.mospi.gov.in/uploads/latestReleases/latest_release_1790590696633_c0f8dc21-040f-4f5c-bfc1-63be2e5775d7_Indices_IIP_2022-23_Monthly_annual_Aug_2026.xlsx,2026-09-28,2026-10-09T06:00:15.558936+00:00,2022-23,NIC-2025,Output PPI,https://www.mospi.gov.in/uploads/latestReleases/latest_release_1790590696008_1b346687-0a5f-445a-83a2-28283c586094_IIP_Press_Release_August_2026.pdf,7ca3d7b8a1fa698cd0eb10cf1b4104ce43bc63573b390231a69c673a28ac015c
2025-04,25,"Manufacture of fabricated metal products, except machinery and equipment",113.2,10.2,Not specified,https://www.mospi.gov.in/uploads/latestReleases/latest_release_1790590696633_c0f8dc21-040f-4f5c-bfc1-63be2e5775d7_Indices_IIP_2022-23_Monthly_annual_Aug_2026.xlsx,2026-09-28,2026-10-09T06:00:15.558936+00:00,2022-23,NIC-2025,Output PPI,https://www.mospi.gov.in/uploads/latestReleases/latest_release_1790590696008_1b346687-0a5f-445a-83a2-28283c586094_IIP_Press_Release_August_2026.pdf,7ca3d7b8a1fa698cd0eb10cf1b4104ce43bc63573b390231a69c673a28ac015c
2025-04,26,"Manufacture of computer, electronic and optical products",131.3,15.8,Not specified,https://www.mospi.gov.in/uploads/latestReleases/latest_release_1790590696633_c0f8dc21-040f-4f5c-bfc1-63be2e5775d7_Indices_IIP_2022-23_Monthly_annual_Aug_2026.xlsx,2026-09-28,2026-10-09T06:00:15.558936+00:00,2022-23,NIC-2025,Output PPI,https://www.mospi.gov.in/uploads/latestReleases/latest_release_1790590696008_1b346687-0a5f-445a-83a2-28283c586094_IIP_Press_Release_August_2026.pdf,7ca3d7b8a1fa698cd0eb10cf1b4104ce43bc63573b390231a69c673a28ac015c
2025-04,27,Manufacture of electrical equipment,124.5,16.0,Not specified,https://www.mospi.gov.in/uploads/latestReleases/latest_release_1790590696633_c0f8dc21-040f-4f5c-bfc1-63be2e5775d7_Indices_IIP_2022-23_Monthly_annual_Aug_2026.xlsx,2026-09-28,2026-10-09T06:00:15.558936+00:00,2022-23,NIC-2025,Output PPI,https://www.mospi.gov.in/uploads/latestReleases/latest_release_1790590696008_1b346687-0a5f-445a-83a2-28283c586094_IIP_Press_Release_August_2026.pdf,7ca3d7b8a1fa698cd0eb10cf1b4104ce43bc63573b390231a69c673a28ac015c
2025-04,28,Manufacture of machinery and equipment n.e.c.,104.6,13.4,Not specified,https://www.mospi.gov.in/uploads/latestReleases/latest_release_1790590696633_c0f8dc21-040f-4f5c-bfc1-63be2e5775d7_Indices_IIP_2022-23_Monthly_annual_Aug_2026.xlsx,2026-09-28,2026-10-09T06:00:15.558936+00:00,2022-23,NIC-2025,Output PPI,https://www.mospi.gov.in/uploads/latestReleases/latest_release_1790590696008_1b346687-0a5f-445a-83a2-28283c586094_IIP_Press_Release_August_2026.pdf,7ca3d7b8a1fa698cd0eb10cf1b4104ce43bc63573b390231a69c673a28ac015c
2025-04,29,"Manufacture of motor vehicles, trailers and semi-trailers",116.0,11.8,Not specified,https://www.mospi.gov.in/uploads/latestReleases/latest_release_1790590696633_c0f8dc21-040f-4f5c-bfc1-63be2e5775d7_Indices_IIP_2022-23_Monthly_annual_Aug_2026.xlsx,2026-09-28,2026-10-09T06:00:15.558936+00:00,2022-23,NIC-2025,Output PPI,https://www.mospi.gov.in/uploads/latestReleases/latest_release_1790590696008_1b346687-0a5f-445a-83a2-28283c586094_IIP_Press_Release_August_2026.pdf,7ca3d7b8a1fa698cd0eb10cf1b4104ce43bc63573b390231a69c673a28ac015c
2025-04,30,Manufacture of other transport equipment,123.4,4.0,Not specified,https://www.mospi.gov.in/uploads/latestReleases/latest_release_1790590696633_c0f8dc21-040f-4f5c-bfc1-63be2e5775d7_Indices_IIP_2022-23_Monthly_annual_Aug_2026.xlsx,2026-09-28,2026-10-09T06:00:15.558936+00:00,2022-23,NIC-2025,Output PPI,https://www.mospi.gov.in/uploads/latestReleases/latest_release_1790590696008_1b346687-0a5f-445a-83a2-28283c586094_IIP_Press_Release_August_2026.pdf,7ca3d7b8a1fa698cd0eb10cf1b4104ce43bc63573b390231a69c673a28ac015c
2025-04,31,Manufacture of furniture,113.0,24.2,Not specified,https://www.mospi.gov.in/uploads/latestReleases/latest_release_1790590696633_c0f8dc21-040f-4f5c-bfc1-63be2e5775d7_Indices_IIP_2022-23_Monthly_annual_Aug_2026.xlsx,2026-09-28,2026-10-09T06:00:15.558936+00:00,2022-23,NIC-2025,Output PPI,https://www.mospi.gov.in/uploads/latestReleases/latest_release_1790590696008_1b346687-0a5f-445a-83a2-28283c586094_IIP_Press_Release_August_2026.pdf,7ca3d7b8a1fa698cd0eb10cf1b4104ce43bc63573b390231a69c673a28ac015c
2025-04,32,Other manufacturing,117.6,-0.3,Not specified,https://www.mospi.gov.in/uploads/latestReleases/latest_release_1790590696633_c0f8dc21-040f-4f5c-bfc1-63be2e5775d7_Indices_IIP_2022-23_Monthly_annual_Aug_2026.xlsx,2026-09-28,2026-10-09T06:00:15.558936+00:00,2022-23,NIC-2025,Output PPI,https://www.mospi.gov.in/uploads/latestReleases/latest_release_1790590696008_1b346687-0a5f-445a-83a2-28283c586094_IIP_Press_Release_August_2026.pdf,7ca3d7b8a1fa698cd0eb10cf1b4104ce43bc63573b390231a69c673a28ac015c
2025-05,10,Manufacture of food products,98.2,6.4,Not specified,https://www.mospi.gov.in/uploads/latestReleases/latest_release_1790590696633_c0f8dc21-040f-4f5c-bfc1-63be2e5775d7_Indices_IIP_2022-23_Monthly_annual_Aug_2026.xlsx,2026-09-28,2026-10-09T06:00:15.558936+00:00,2022-23,NIC-2025,Output PPI,https://www.mospi.gov.in/uploads/latestReleases/latest_release_1790590696008_1b346687-0a5f-445a-83a2-28283c586094_IIP_Press_Release_August_2026.pdf,7ca3d7b8a1fa698cd0eb10cf1b4104ce43bc63573b390231a69c673a28ac015c
2025-05,11,Manufacture of beverages,158.1,-11.8,Not specified,https://www.mospi.gov.in/uploads/latestReleases/latest_release_1790590696633_c0f8dc21-040f-4f5c-bfc1-63be2e5775d7_Indices_IIP_2022-23_Monthly_annual_Aug_2026.xlsx,2026-09-28,2026-10-09T06:00:15.558936+00:00,2022-23,NIC-2025,Output PPI,https://www.mospi.gov.in/uploads/latestReleases/latest_release_1790590696008_1b346687-0a5f-445a-83a2-28283c586094_IIP_Press_Release_August_2026.pdf,7ca3d7b8a1fa698cd0eb10cf1b4104ce43bc63573b390231a69c673a28ac015c
2025-05,12,Manufacture of tobacco products,121.7,10.0,Not specified,https://www.mospi.gov.in/uploads/latestReleases/latest_release_1790590696633_c0f8dc21-040f-4f5c-bfc1-63be2e5775d7_Indices_IIP_2022-23_Monthly_annual_Aug_2026.xlsx,2026-09-28,2026-10-09T06:00:15.558936+00:00,2022-23,NIC-2025,Output PPI,https://www.mospi.gov.in/uploads/latestReleases/latest_release_1790590696008_1b346687-0a5f-445a-83a2-28283c586094_IIP_Press_Release_August_2026.pdf,7ca3d7b8a1fa698cd0eb10cf1b4104ce43bc63573b390231a69c673a28ac015c
2025-05,13,Manufacture of textiles,120.9,6.1,Not specified,https://www.mospi.gov.in/uploads/latestReleases/latest_release_1790590696633_c0f8dc21-040f-4f5c-bfc1-63be2e5775d7_Indices_IIP_2022-23_Monthly_annual_Aug_2026.xlsx,2026-09-28,2026-10-09T06:00:15.558936+00:00,2022-23,NIC-2025,Output PPI,https://www.mospi.gov.in/uploads/latestReleases/latest_release_1790590696008_1b346687-0a5f-445a-83a2-28283c586094_IIP_Press_Release_August_2026.pdf,7ca3d7b8a1fa698cd0eb10cf1b4104ce43bc63573b390231a69c673a28ac015c
2025-05,14,Manufacture of wearing apparel,103.6,1.6,Not specified,https://www.mospi.gov.in/uploads/latestReleases/latest_release_1790590696633_c0f8dc21-040f-4f5c-bfc1-63be2e5775d7_Indices_IIP_2022-23_Monthly_annual_Aug_2026.xlsx,2026-09-28,2026-10-09T06:00:15.558936+00:00,2022-23,NIC-2025,Output PPI,https://www.mospi.gov.in/uploads/latestReleases/latest_release_1790590696008_1b346687-0a5f-445a-83a2-28283c586094_IIP_Press_Release_August_2026.pdf,7ca3d7b8a1fa698cd0eb10cf1b4104ce43bc63573b390231a69c673a28ac015c
2025-05,15,Manufacture of leather and related products,108.2,5.4,Not specified,https://www.mospi.gov.in/uploads/latestReleases/latest_release_1790590696633_c0f8dc21-040f-4f5c-bfc1-63be2e5775d7_Indices_IIP_2022-23_Monthly_annual_Aug_2026.xlsx,2026-09-28,2026-10-09T06:00:15.558936+00:00,2022-23,NIC-2025,Output PPI,https://www.mospi.gov.in/uploads/latestReleases/latest_release_1790590696008_1b346687-0a5f-445a-83a2-28283c586094_IIP_Press_Release_August_2026.pdf,7ca3d7b8a1fa698cd0eb10cf1b4104ce43bc63573b390231a69c673a28ac015c
2025-05,16,"Manufacture of wood and products of wood and cork, except furniture; manufacture of articles of straw and plaiting materials",99.6,-2.8,Not specified,https://www.mospi.gov.in/uploads/latestReleases/latest_release_1790590696633_c0f8dc21-040f-4f5c-bfc1-63be2e5775d7_Indices_IIP_2022-23_Monthly_annual_Aug_2026.xlsx,2026-09-28,2026-10-09T06:00:15.558936+00:00,2022-23,NIC-2025,Output PPI,https://www.mospi.gov.in/uploads/latestReleases/latest_release_1790590696008_1b346687-0a5f-445a-83a2-28283c586094_IIP_Press_Release_August_2026.pdf,7ca3d7b8a1fa698cd0eb10cf1b4104ce43bc63573b390231a69c673a28ac015c
2025-05,17,Manufacture of paper and paper products,107.3,0.8,Not specified,https://www.mospi.gov.in/uploads/latestReleases/latest_release_1790590696633_c0f8dc21-040f-4f5c-bfc1-63be2e5775d7_Indices_IIP_2022-23_Monthly_annual_Aug_2026.xlsx,2026-09-28,2026-10-09T06:00:15.558936+00:00,2022-23,NIC-2025,Output PPI,https://www.mospi.gov.in/uploads/latestReleases/latest_release_1790590696008_1b346687-0a5f-445a-83a2-28283c586094_IIP_Press_Release_August_2026.pdf,7ca3d7b8a1fa698cd0eb10cf1b4104ce43bc63573b390231a69c673a28ac015c
2025-05,18,Printing and reproduction of recorded media,106.3,4.5,Not specified,https://www.mospi.gov.in/uploads/latestReleases/latest_release_1790590696633_c0f8dc21-040f-4f5c-bfc1-63be2e5775d7_Indices_IIP_2022-23_Monthly_annual_Aug_2026.xlsx,2026-09-28,2026-10-09T06:00:15.558936+00:00,2022-23,NIC-2025,Output PPI,https://www.mospi.gov.in/uploads/latestReleases/latest_release_1790590696008_1b346687-0a5f-445a-83a2-28283c586094_IIP_Press_Release_August_2026.pdf,7ca3d7b8a1fa698cd0eb10cf1b4104ce43bc63573b390231a69c673a28ac015c
2025-05,19,Manufacture of coke and refined petroleum products,112.2,0.9,Not specified,https://www.mospi.gov.in/uploads/latestReleases/latest_release_1790590696633_c0f8dc21-040f-4f5c-bfc1-63be2e5775d7_Indices_IIP_2022-23_Monthly_annual_Aug_2026.xlsx,2026-09-28,2026-10-09T06:00:15.558936+00:00,2022-23,NIC-2025,Output PPI,https://www.mospi.gov.in/uploads/latestReleases/latest_release_1790590696008_1b346687-0a5f-445a-83a2-28283c586094_IIP_Press_Release_August_2026.pdf,7ca3d7b8a1fa698cd0eb10cf1b4104ce43bc63573b390231a69c673a28ac015c
2025-05,20,Manufacture of chemicals and chemical products,109.6,-1.6,Not specified,https://www.mospi.gov.in/uploads/latestReleases/latest_release_1790590696633_c0f8dc21-040f-4f5c-bfc1-63be2e5775d7_Indices_IIP_2022-23_Monthly_annual_Aug_2026.xlsx,2026-09-28,2026-10-09T06:00:15.558936+00:00,2022-23,NIC-2025,Output PPI,https://www.mospi.gov.in/uploads/latestReleases/latest_release_1790590696008_1b346687-0a5f-445a-83a2-28283c586094_IIP_Press_Release_August_2026.pdf,7ca3d7b8a1fa698cd0eb10cf1b4104ce43bc63573b390231a69c673a28ac015c
2025-05,21,Manufacture of basic pharmaceutical products and pharmaceutical preparations,122.8,6.3,Not specified,https://www.mospi.gov.in/uploads/latestReleases/latest_release_1790590696633_c0f8dc21-040f-4f5c-bfc1-63be2e5775d7_Indices_IIP_2022-23_Monthly_annual_Aug_2026.xlsx,2026-09-28,2026-10-09T06:00:15.558936+00:00,2022-23,NIC-2025,Output PPI,https://www.mospi.gov.in/uploads/latestReleases/latest_release_1790590696008_1b346687-0a5f-445a-83a2-28283c586094_IIP_Press_Release_August_2026.pdf,7ca3d7b8a1fa698cd0eb10cf1b4104ce43bc63573b390231a69c673a28ac015c
2025-05,22,Manufacture of rubber and plastics products,106.8,5.6,Not specified,https://www.mospi.gov.in/uploads/latestReleases/latest_release_1790590696633_c0f8dc21-040f-4f5c-bfc1-63be2e5775d7_Indices_IIP_2022-23_Monthly_annual_Aug_2026.xlsx,2026-09-28,2026-10-09T06:00:15.558936+00:00,2022-23,NIC-2025,Output PPI,https://www.mospi.gov.in/uploads/latestReleases/latest_release_1790590696008_1b346687-0a5f-445a-83a2-28283c586094_IIP_Press_Release_August_2026.pdf,7ca3d7b8a1fa698cd0eb10cf1b4104ce43bc63573b390231a69c673a28ac015c
2025-05,23,Manufacture of other non-metallic mineral products,115.6,5.1,Not specified,https://www.mospi.gov.in/uploads/latestReleases/latest_release_1790590696633_c0f8dc21-040f-4f5c-bfc1-63be2e5775d7_Indices_IIP_2022-23_Monthly_annual_Aug_2026.xlsx,2026-09-28,2026-10-09T06:00:15.558936+00:00,2022-23,NIC-2025,Output PPI,https://www.mospi.gov.in/uploads/latestReleases/latest_release_1790590696008_1b346687-0a5f-445a-83a2-28283c586094_IIP_Press_Release_August_2026.pdf,7ca3d7b8a1fa698cd0eb10cf1b4104ce43bc63573b390231a69c673a28ac015c
2025-05,24,Manufacture of basic metals,126.7,8.4,Not specified,https://www.mospi.gov.in/uploads/latestReleases/latest_release_1790590696633_c0f8dc21-040f-4f5c-bfc1-63be2e5775d7_Indices_IIP_2022-23_Monthly_annual_Aug_2026.xlsx,2026-09-28,2026-10-09T06:00:15.558936+00:00,2022-23,NIC-2025,Output PPI,https://www.mospi.gov.in/uploads/latestReleases/latest_release_1790590696008_1b346687-0a5f-445a-83a2-28283c586094_IIP_Press_Release_August_2026.pdf,7ca3d7b8a1fa698cd0eb10cf1b4104ce43bc63573b390231a69c673a28ac015c
2025-05,25,"Manufacture of fabricated metal products, except machinery and equipment",112.6,2.6,Not specified,https://www.mospi.gov.in/uploads/latestReleases/latest_release_1790590696633_c0f8dc21-040f-4f5c-bfc1-63be2e5775d7_Indices_IIP_2022-23_Monthly_annual_Aug_2026.xlsx,2026-09-28,2026-10-09T06:00:15.558936+00:00,2022-23,NIC-2025,Output PPI,https://www.mospi.gov.in/uploads/latestReleases/latest_release_1790590696008_1b346687-0a5f-445a-83a2-28283c586094_IIP_Press_Release_August_2026.pdf,7ca3d7b8a1fa698cd0eb10cf1b4104ce43bc63573b390231a69c673a28ac015c
2025-05,26,"Manufacture of computer, electronic and optical products",133.4,4.9,Not specified,https://www.mospi.gov.in/uploads/latestReleases/latest_release_1790590696633_c0f8dc21-040f-4f5c-bfc1-63be2e5775d7_Indices_IIP_2022-23_Monthly_annual_Aug_2026.xlsx,2026-09-28,2026-10-09T06:00:15.558936+00:00,2022-23,NIC-2025,Output PPI,https://www.mospi.gov.in/uploads/latestReleases/latest_release_1790590696008_1b346687-0a5f-445a-83a2-28283c586094_IIP_Press_Release_August_2026.pdf,7ca3d7b8a1fa698cd0eb10cf1b4104ce43bc63573b390231a69c673a28ac015c
2025-05,27,Manufacture of electrical equipment,133.5,10.1,Not specified,https://www.mospi.gov.in/uploads/latestReleases/latest_release_1790590696633_c0f8dc21-040f-4f5c-bfc1-63be2e5775d7_Indices_IIP_2022-23_Monthly_annual_Aug_2026.xlsx,2026-09-28,2026-10-09T06:00:15.558936+00:00,2022-23,NIC-2025,Output PPI,https://www.mospi.gov.in/uploads/latestReleases/latest_release_1790590696008_1b346687-0a5f-445a-83a2-28283c586094_IIP_Press_Release_August_2026.pdf,7ca3d7b8a1fa698cd0eb10cf1b4104ce43bc63573b390231a69c673a28ac015c
2025-05,28,Manufacture of machinery and equipment n.e.c.,115.0,6.9,Not specified,https://www.mospi.gov.in/uploads/latestReleases/latest_release_1790590696633_c0f8dc21-040f-4f5c-bfc1-63be2e5775d7_Indices_IIP_2022-23_Monthly_annual_Aug_2026.xlsx,2026-09-28,2026-10-09T06:00:15.558936+00:00,2022-23,NIC-2025,Output PPI,https://www.mospi.gov.in/uploads/latestReleases/latest_release_1790590696008_1b346687-0a5f-445a-83a2-28283c586094_IIP_Press_Release_August_2026.pdf,7ca3d7b8a1fa698cd0eb10cf1b4104ce43bc63573b390231a69c673a28ac015c
2025-05,29,"Manufacture of motor vehicles, trailers and semi-trailers",115.3,7.3,Not specified,https://www.mospi.gov.in/uploads/latestReleases/latest_release_1790590696633_c0f8dc21-040f-4f5c-bfc1-63be2e5775d7_Indices_IIP_2022-23_Monthly_annual_Aug_2026.xlsx,2026-09-28,2026-10-09T06:00:15.558936+00:00,2022-23,NIC-2025,Output PPI,https://www.mospi.gov.in/uploads/latestReleases/latest_release_1790590696008_1b346687-0a5f-445a-83a2-28283c586094_IIP_Press_Release_August_2026.pdf,7ca3d7b8a1fa698cd0eb10cf1b4104ce43bc63573b390231a69c673a28ac015c
2025-05,30,Manufacture of other transport equipment,134.0,3.0,Not specified,https://www.mospi.gov.in/uploads/latestReleases/latest_release_1790590696633_c0f8dc21-040f-4f5c-bfc1-63be2e5775d7_Indices_IIP_2022-23_Monthly_annual_Aug_2026.xlsx,2026-09-28,2026-10-09T06:00:15.558936+00:00,2022-23,NIC-2025,Output PPI,https://www.mospi.gov.in/uploads/latestReleases/latest_release_1790590696008_1b346687-0a5f-445a-83a2-28283c586094_IIP_Press_Release_August_2026.pdf,7ca3d7b8a1fa698cd0eb10cf1b4104ce43bc63573b390231a69c673a28ac015c
2025-05,31,Manufacture of furniture,109.9,9.2,Not specified,https://www.mospi.gov.in/uploads/latestReleases/latest_release_1790590696633_c0f8dc21-040f-4f5c-bfc1-63be2e5775d7_Indices_IIP_2022-23_Monthly_annual_Aug_2026.xlsx,2026-09-28,2026-10-09T06:00:15.558936+00:00,2022-23,NIC-2025,Output PPI,https://www.mospi.gov.in/uploads/latestReleases/latest_release_1790590696008_1b346687-0a5f-445a-83a2-28283c586094_IIP_Press_Release_August_2026.pdf,7ca3d7b8a1fa698cd0eb10cf1b4104ce43bc63573b390231a69c673a28ac015c
2025-05,32,Other manufacturing,93.8,-6.3,Not specified,https://www.mospi.gov.in/uploads/latestReleases/latest_release_1790590696633_c0f8dc21-040f-4f5c-bfc1-63be2e5775d7_Indices_IIP_2022-23_Monthly_annual_Aug_2026.xlsx,2026-09-28,2026-10-09T06:00:15.558936+00:00,2022-23,NIC-2025,Output PPI,https://www.mospi.gov.in/uploads/latestReleases/latest_release_1790590696008_1b346687-0a5f-445a-83a2-28283c586094_IIP_Press_Release_August_2026.pdf,7ca3d7b8a1fa698cd0eb10cf1b4104ce43bc63573b390231a69c673a28ac015c
2025-06,10,Manufacture of food products,93.9,-0.9,Not specified,https://www.mospi.gov.in/uploads/latestReleases/latest_release_1790590696633_c0f8dc21-040f-4f5c-bfc1-63be2e5775d7_Indices_IIP_2022-23_Monthly_annual_Aug_2026.xlsx,2026-09-28,2026-10-09T06:00:15.558936+00:00,2022-23,NIC-2025,Output PPI,https://www.mospi.gov.in/uploads/latestReleases/latest_release_1790590696008_1b346687-0a5f-445a-83a2-28283c586094_IIP_Press_Release_August_2026.pdf,7ca3d7b8a1fa698cd0eb10cf1b4104ce43bc63573b390231a69c673a28ac015c
2025-06,11,Manufacture of beverages,136.5,-13.7,Not specified,https://www.mospi.gov.in/uploads/latestReleases/latest_release_1790590696633_c0f8dc21-040f-4f5c-bfc1-63be2e5775d7_Indices_IIP_2022-23_Monthly_annual_Aug_2026.xlsx,2026-09-28,2026-10-09T06:00:15.558936+00:00,2022-23,NIC-2025,Output PPI,https://www.mospi.gov.in/uploads/latestReleases/latest_release_1790590696008_1b346687-0a5f-445a-83a2-28283c586094_IIP_Press_Release_August_2026.pdf,7ca3d7b8a1fa698cd0eb10cf1b4104ce43bc63573b390231a69c673a28ac015c
2025-06,12,Manufacture of tobacco products,112.9,1.1,Not specified,https://www.mospi.gov.in/uploads/latestReleases/latest_release_1790590696633_c0f8dc21-040f-4f5c-bfc1-63be2e5775d7_Indices_IIP_2022-23_Monthly_annual_Aug_2026.xlsx,2026-09-28,2026-10-09T06:00:15.558936+00:00,2022-23,NIC-2025,Output PPI,https://www.mospi.gov.in/uploads/latestReleases/latest_release_1790590696008_1b346687-0a5f-445a-83a2-28283c586094_IIP_Press_Release_August_2026.pdf,7ca3d7b8a1fa698cd0eb10cf1b4104ce43bc63573b390231a69c673a28ac015c
2025-06,13,Manufacture of textiles,120.0,3.8,Not specified,https://www.mospi.gov.in/uploads/latestReleases/latest_release_1790590696633_c0f8dc21-040f-4f5c-bfc1-63be2e5775d7_Indices_IIP_2022-23_Monthly_annual_Aug_2026.xlsx,2026-09-28,2026-10-09T06:00:15.558936+00:00,2022-23,NIC-2025,Output PPI,https://www.mospi.gov.in/uploads/latestReleases/latest_release_1790590696008_1b346687-0a5f-445a-83a2-28283c586094_IIP_Press_Release_August_2026.pdf,7ca3d7b8a1fa698cd0eb10cf1b4104ce43bc63573b390231a69c673a28ac015c
2025-06,14,Manufacture of wearing apparel,102.7,-0.4,Not specified,https://www.mospi.gov.in/uploads/latestReleases/latest_release_1790590696633_c0f8dc21-040f-4f5c-bfc1-63be2e5775d7_Indices_IIP_2022-23_Monthly_annual_Aug_2026.xlsx,2026-09-28,2026-10-09T06:00:15.558936+00:00,2022-23,NIC-2025,Output PPI,https://www.mospi.gov.in/uploads/latestReleases/latest_release_1790590696008_1b346687-0a5f-445a-83a2-28283c586094_IIP_Press_Release_August_2026.pdf,7ca3d7b8a1fa698cd0eb10cf1b4104ce43bc63573b390231a69c673a28ac015c
2025-06,15,Manufacture of leather and related products,100.1,-5.7,Not specified,https://www.mospi.gov.in/uploads/latestReleases/latest_release_1790590696633_c0f8dc21-040f-4f5c-bfc1-63be2e5775d7_Indices_IIP_2022-23_Monthly_annual_Aug_2026.xlsx,2026-09-28,2026-10-09T06:00:15.558936+00:00,2022-23,NIC-2025,Output PPI,https://www.mospi.gov.in/uploads/latestReleases/latest_release_1790590696008_1b346687-0a5f-445a-83a2-28283c586094_IIP_Press_Release_August_2026.pdf,7ca3d7b8a1fa698cd0eb10cf1b4104ce43bc63573b390231a69c673a28ac015c
2025-06,16,"Manufacture of wood and products of wood and cork, except furniture; manufacture of articles of straw and plaiting materials",108.6,0.8,Not specified,https://www.mospi.gov.in/uploads/latestReleases/latest_release_1790590696633_c0f8dc21-040f-4f5c-bfc1-63be2e5775d7_Indices_IIP_2022-23_Monthly_annual_Aug_2026.xlsx,2026-09-28,2026-10-09T06:00:15.558936+00:00,2022-23,NIC-2025,Output PPI,https://www.mospi.gov.in/uploads/latestReleases/latest_release_1790590696008_1b346687-0a5f-445a-83a2-28283c586094_IIP_Press_Release_August_2026.pdf,7ca3d7b8a1fa698cd0eb10cf1b4104ce43bc63573b390231a69c673a28ac015c
2025-06,17,Manufacture of paper and paper products,105.1,2.0,Not specified,https://www.mospi.gov.in/uploads/latestReleases/latest_release_1790590696633_c0f8dc21-040f-4f5c-bfc1-63be2e5775d7_Indices_IIP_2022-23_Monthly_annual_Aug_2026.xlsx,2026-09-28,2026-10-09T06:00:15.558936+00:00,2022-23,NIC-2025,Output PPI,https://www.mospi.gov.in/uploads/latestReleases/latest_release_1790590696008_1b346687-0a5f-445a-83a2-28283c586094_IIP_Press_Release_August_2026.pdf,7ca3d7b8a1fa698cd0eb10cf1b4104ce43bc63573b390231a69c673a28ac015c
2025-06,18,Printing and reproduction of recorded media,95.8,-2.7,Not specified,https://www.mospi.gov.in/uploads/latestReleases/latest_release_1790590696633_c0f8dc21-040f-4f5c-bfc1-63be2e5775d7_Indices_IIP_2022-23_Monthly_annual_Aug_2026.xlsx,2026-09-28,2026-10-09T06:00:15.558936+00:00,2022-23,NIC-2025,Output PPI,https://www.mospi.gov.in/uploads/latestReleases/latest_release_1790590696008_1b346687-0a5f-445a-83a2-28283c586094_IIP_Press_Release_August_2026.pdf,7ca3d7b8a1fa698cd0eb10cf1b4104ce43bc63573b390231a69c673a28ac015c
2025-06,19,Manufacture of coke and refined petroleum products,108.8,4.5,Not specified,https://www.mospi.gov.in/uploads/latestReleases/latest_release_1790590696633_c0f8dc21-040f-4f5c-bfc1-63be2e5775d7_Indices_IIP_2022-23_Monthly_annual_Aug_2026.xlsx,2026-09-28,2026-10-09T06:00:15.558936+00:00,2022-23,NIC-2025,Output PPI,https://www.mospi.gov.in/uploads/latestReleases/latest_release_1790590696008_1b346687-0a5f-445a-83a2-28283c586094_IIP_Press_Release_August_2026.pdf,7ca3d7b8a1fa698cd0eb10cf1b4104ce43bc63573b390231a69c673a28ac015c
2025-06,20,Manufacture of chemicals and chemical products,109.1,-1.9,Not specified,https://www.mospi.gov.in/uploads/latestReleases/latest_release_1790590696633_c0f8dc21-040f-4f5c-bfc1-63be2e5775d7_Indices_IIP_2022-23_Monthly_annual_Aug_2026.xlsx,2026-09-28,2026-10-09T06:00:15.558936+00:00,2022-23,NIC-2025,Output PPI,https://www.mospi.gov.in/uploads/latestReleases/latest_release_1790590696008_1b346687-0a5f-445a-83a2-28283c586094_IIP_Press_Release_August_2026.pdf,7ca3d7b8a1fa698cd0eb10cf1b4104ce43bc63573b390231a69c673a28ac015c
2025-06,21,Manufacture of basic pharmaceutical products and pharmaceutical preparations,120.1,0.0,Not specified,https://www.mospi.gov.in/uploads/latestReleases/latest_release_1790590696633_c0f8dc21-040f-4f5c-bfc1-63be2e5775d7_Indices_IIP_2022-23_Monthly_annual_Aug_2026.xlsx,2026-09-28,2026-10-09T06:00:15.558936+00:00,2022-23,NIC-2025,Output PPI,https://www.mospi.gov.in/uploads/latestReleases/latest_release_1790590696008_1b346687-0a5f-445a-83a2-28283c586094_IIP_Press_Release_August_2026.pdf,7ca3d7b8a1fa698cd0eb10cf1b4104ce43bc63573b390231a69c673a28ac015c
2025-06,22,Manufacture of rubber and plastics products,103.0,1.8,Not specified,https://www.mospi.gov.in/uploads/latestReleases/latest_release_1790590696633_c0f8dc21-040f-4f5c-bfc1-63be2e5775d7_Indices_IIP_2022-23_Monthly_annual_Aug_2026.xlsx,2026-09-28,2026-10-09T06:00:15.558936+00:00,2022-23,NIC-2025,Output PPI,https://www.mospi.gov.in/uploads/latestReleases/latest_release_1790590696008_1b346687-0a5f-445a-83a2-28283c586094_IIP_Press_Release_August_2026.pdf,7ca3d7b8a1fa698cd0eb10cf1b4104ce43bc63573b390231a69c673a28ac015c
2025-06,23,Manufacture of other non-metallic mineral products,115.1,4.4,Not specified,https://www.mospi.gov.in/uploads/latestReleases/latest_release_1790590696633_c0f8dc21-040f-4f5c-bfc1-63be2e5775d7_Indices_IIP_2022-23_Monthly_annual_Aug_2026.xlsx,2026-09-28,2026-10-09T06:00:15.558936+00:00,2022-23,NIC-2025,Output PPI,https://www.mospi.gov.in/uploads/latestReleases/latest_release_1790590696008_1b346687-0a5f-445a-83a2-28283c586094_IIP_Press_Release_August_2026.pdf,7ca3d7b8a1fa698cd0eb10cf1b4104ce43bc63573b390231a69c673a28ac015c
2025-06,24,Manufacture of basic metals,125.1,8.5,Not specified,https://www.mospi.gov.in/uploads/latestReleases/latest_release_1790590696633_c0f8dc21-040f-4f5c-bfc1-63be2e5775d7_Indices_IIP_2022-23_Monthly_annual_Aug_2026.xlsx,2026-09-28,2026-10-09T06:00:15.558936+00:00,2022-23,NIC-2025,Output PPI,https://www.mospi.gov.in/uploads/latestReleases/latest_release_1790590696008_1b346687-0a5f-445a-83a2-28283c586094_IIP_Press_Release_August_2026.pdf,7ca3d7b8a1fa698cd0eb10cf1b4104ce43bc63573b390231a69c673a28ac015c
2025-06,25,"Manufacture of fabricated metal products, except machinery and equipment",124.1,10.0,Not specified,https://www.mospi.gov.in/uploads/latestReleases/latest_release_1790590696633_c0f8dc21-040f-4f5c-bfc1-63be2e5775d7_Indices_IIP_2022-23_Monthly_annual_Aug_2026.xlsx,2026-09-28,2026-10-09T06:00:15.558936+00:00,2022-23,NIC-2025,Output PPI,https://www.mospi.gov.in/uploads/latestReleases/latest_release_1790590696008_1b346687-0a5f-445a-83a2-28283c586094_IIP_Press_Release_August_2026.pdf,7ca3d7b8a1fa698cd0eb10cf1b4104ce43bc63573b390231a69c673a28ac015c
2025-06,26,"Manufacture of computer, electronic and optical products",137.6,6.6,Not specified,https://www.mospi.gov.in/uploads/latestReleases/latest_release_1790590696633_c0f8dc21-040f-4f5c-bfc1-63be2e5775d7_Indices_IIP_2022-23_Monthly_annual_Aug_2026.xlsx,2026-09-28,2026-10-09T06:00:15.558936+00:00,2022-23,NIC-2025,Output PPI,https://www.mospi.gov.in/uploads/latestReleases/latest_release_1790590696008_1b346687-0a5f-445a-83a2-28283c586094_IIP_Press_Release_August_2026.pdf,7ca3d7b8a1fa698cd0eb10cf1b4104ce43bc63573b390231a69c673a28ac015c
2025-06,27,Manufacture of electrical equipment,130.4,4.0,Not specified,https://www.mospi.gov.in/uploads/latestReleases/latest_release_1790590696633_c0f8dc21-040f-4f5c-bfc1-63be2e5775d7_Indices_IIP_2022-23_Monthly_annual_Aug_2026.xlsx,2026-09-28,2026-10-09T06:00:15.558936+00:00,2022-23,NIC-2025,Output PPI,https://www.mospi.gov.in/uploads/latestReleases/latest_release_1790590696008_1b346687-0a5f-445a-83a2-28283c586094_IIP_Press_Release_August_2026.pdf,7ca3d7b8a1fa698cd0eb10cf1b4104ce43bc63573b390231a69c673a28ac015c
2025-06,28,Manufacture of machinery and equipment n.e.c.,120.8,1.2,Not specified,https://www.mospi.gov.in/uploads/latestReleases/latest_release_1790590696633_c0f8dc21-040f-4f5c-bfc1-63be2e5775d7_Indices_IIP_2022-23_Monthly_annual_Aug_2026.xlsx,2026-09-28,2026-10-09T06:00:15.558936+00:00,2022-23,NIC-2025,Output PPI,https://www.mospi.gov.in/uploads/latestReleases/latest_release_1790590696008_1b346687-0a5f-445a-83a2-28283c586094_IIP_Press_Release_August_2026.pdf,7ca3d7b8a1fa698cd0eb10cf1b4104ce43bc63573b390231a69c673a28ac015c
2025-06,29,"Manufacture of motor vehicles, trailers and semi-trailers",108.5,0.6,Not specified,https://www.mospi.gov.in/uploads/latestReleases/latest_release_1790590696633_c0f8dc21-040f-4f5c-bfc1-63be2e5775d7_Indices_IIP_2022-23_Monthly_annual_Aug_2026.xlsx,2026-09-28,2026-10-09T06:00:15.558936+00:00,2022-23,NIC-2025,Output PPI,https://www.mospi.gov.in/uploads/latestReleases/latest_release_1790590696008_1b346687-0a5f-445a-83a2-28283c586094_IIP_Press_Release_August_2026.pdf,7ca3d7b8a1fa698cd0eb10cf1b4104ce43bc63573b390231a69c673a28ac015c
2025-06,30,Manufacture of other transport equipment,129.8,4.5,Not specified,https://www.mospi.gov.in/uploads/latestReleases/latest_release_1790590696633_c0f8dc21-040f-4f5c-bfc1-63be2e5775d7_Indices_IIP_2022-23_Monthly_annual_Aug_2026.xlsx,2026-09-28,2026-10-09T06:00:15.558936+00:00,2022-23,NIC-2025,Output PPI,https://www.mospi.gov.in/uploads/latestReleases/latest_release_1790590696008_1b346687-0a5f-445a-83a2-28283c586094_IIP_Press_Release_August_2026.pdf,7ca3d7b8a1fa698cd0eb10cf1b4104ce43bc63573b390231a69c673a28ac015c
2025-06,31,Manufacture of furniture,112.6,19.5,Not specified,https://www.mospi.gov.in/uploads/latestReleases/latest_release_1790590696633_c0f8dc21-040f-4f5c-bfc1-63be2e5775d7_Indices_IIP_2022-23_Monthly_annual_Aug_2026.xlsx,2026-09-28,2026-10-09T06:00:15.558936+00:00,2022-23,NIC-2025,Output PPI,https://www.mospi.gov.in/uploads/latestReleases/latest_release_1790590696008_1b346687-0a5f-445a-83a2-28283c586094_IIP_Press_Release_August_2026.pdf,7ca3d7b8a1fa698cd0eb10cf1b4104ce43bc63573b390231a69c673a28ac015c
2025-06,32,Other manufacturing,96.1,-1.2,Not specified,https://www.mospi.gov.in/uploads/latestReleases/latest_release_1790590696633_c0f8dc21-040f-4f5c-bfc1-63be2e5775d7_Indices_IIP_2022-23_Monthly_annual_Aug_2026.xlsx,2026-09-28,2026-10-09T06:00:15.558936+00:00,2022-23,NIC-2025,Output PPI,https://www.mospi.gov.in/uploads/latestReleases/latest_release_1790590696008_1b346687-0a5f-445a-83a2-28283c586094_IIP_Press_Release_August_2026.pdf,7ca3d7b8a1fa698cd0eb10cf1b4104ce43bc63573b390231a69c673a28ac015c
2025-07,10,Manufacture of food products,103.3,7.3,Not specified,https://www.mospi.gov.in/uploads/latestReleases/latest_release_1790590696633_c0f8dc21-040f-4f5c-bfc1-63be2e5775d7_Indices_IIP_2022-23_Monthly_annual_Aug_2026.xlsx,2026-09-28,2026-10-09T06:00:15.558936+00:00,2022-23,NIC-2025,Output PPI,https://www.mospi.gov.in/uploads/latestReleases/latest_release_1790590696008_1b346687-0a5f-445a-83a2-28283c586094_IIP_Press_Release_August_2026.pdf,7ca3d7b8a1fa698cd0eb10cf1b4104ce43bc63573b390231a69c673a28ac015c
2025-07,11,Manufacture of beverages,104.6,-12.2,Not specified,https://www.mospi.gov.in/uploads/latestReleases/latest_release_1790590696633_c0f8dc21-040f-4f5c-bfc1-63be2e5775d7_Indices_IIP_2022-23_Monthly_annual_Aug_2026.xlsx,2026-09-28,2026-10-09T06:00:15.558936+00:00,2022-23,NIC-2025,Output PPI,https://www.mospi.gov.in/uploads/latestReleases/latest_release_1790590696008_1b346687-0a5f-445a-83a2-28283c586094_IIP_Press_Release_August_2026.pdf,7ca3d7b8a1fa698cd0eb10cf1b4104ce43bc63573b390231a69c673a28ac015c
2025-07,12,Manufacture of tobacco products,122.6,7.6,Not specified,https://www.mospi.gov.in/uploads/latestReleases/latest_release_1790590696633_c0f8dc21-040f-4f5c-bfc1-63be2e5775d7_Indices_IIP_2022-23_Monthly_annual_Aug_2026.xlsx,2026-09-28,2026-10-09T06:00:15.558936+00:00,2022-23,NIC-2025,Output PPI,https://www.mospi.gov.in/uploads/latestReleases/latest_release_1790590696008_1b346687-0a5f-445a-83a2-28283c586094_IIP_Press_Release_August_2026.pdf,7ca3d7b8a1fa698cd0eb10cf1b4104ce43bc63573b390231a69c673a28ac015c
2025-07,13,Manufacture of textiles,130.4,11.6,Not specified,https://www.mospi.gov.in/uploads/latestReleases/latest_release_1790590696633_c0f8dc21-040f-4f5c-bfc1-63be2e5775d7_Indices_IIP_2022-23_Monthly_annual_Aug_2026.xlsx,2026-09-28,2026-10-09T06:00:15.558936+00:00,2022-23,NIC-2025,Output PPI,https://www.mospi.gov.in/uploads/latestReleases/latest_release_1790590696008_1b346687-0a5f-445a-83a2-28283c586094_IIP_Press_Release_August_2026.pdf,7ca3d7b8a1fa698cd0eb10cf1b4104ce43bc63573b390231a69c673a28ac015c
2025-07,14,Manufacture of wearing apparel,96.5,-2.3,Not specified,https://www.mospi.gov.in/uploads/latestReleases/latest_release_1790590696633_c0f8dc21-040f-4f5c-bfc1-63be2e5775d7_Indices_IIP_2022-23_Monthly_annual_Aug_2026.xlsx,2026-09-28,2026-10-09T06:00:15.558936+00:00,2022-23,NIC-2025,Output PPI,https://www.mospi.gov.in/uploads/latestReleases/latest_release_1790590696008_1b346687-0a5f-445a-83a2-28283c586094_IIP_Press_Release_August_2026.pdf,7ca3d7b8a1fa698cd0eb10cf1b4104ce43bc63573b390231a69c673a28ac015c
2025-07,15,Manufacture of leather and related products,112.3,3.3,Not specified,https://www.mospi.gov.in/uploads/latestReleases/latest_release_1790590696633_c0f8dc21-040f-4f5c-bfc1-63be2e5775d7_Indices_IIP_2022-23_Monthly_annual_Aug_2026.xlsx,2026-09-28,2026-10-09T06:00:15.558936+00:00,2022-23,NIC-2025,Output PPI,https://www.mospi.gov.in/uploads/latestReleases/latest_release_1790590696008_1b346687-0a5f-445a-83a2-28283c586094_IIP_Press_Release_August_2026.pdf,7ca3d7b8a1fa698cd0eb10cf1b4104ce43bc63573b390231a69c673a28ac015c
2025-07,16,"Manufacture of wood and products of wood and cork, except furniture; manufacture of articles of straw and plaiting materials",105.0,-6.1,Not specified,https://www.mospi.gov.in/uploads/latestReleases/latest_release_1790590696633_c0f8dc21-040f-4f5c-bfc1-63be2e5775d7_Indices_IIP_2022-23_Monthly_annual_Aug_2026.xlsx,2026-09-28,2026-10-09T06:00:15.558936+00:00,2022-23,NIC-2025,Output PPI,https://www.mospi.gov.in/uploads/latestReleases/latest_release_1790590696008_1b346687-0a5f-445a-83a2-28283c586094_IIP_Press_Release_August_2026.pdf,7ca3d7b8a1fa698cd0eb10cf1b4104ce43bc63573b390231a69c673a28ac015c
2025-07,17,Manufacture of paper and paper products,109.4,2.1,Not specified,https://www.mospi.gov.in/uploads/latestReleases/latest_release_1790590696633_c0f8dc21-040f-4f5c-bfc1-63be2e5775d7_Indices_IIP_2022-23_Monthly_annual_Aug_2026.xlsx,2026-09-28,2026-10-09T06:00:15.558936+00:00,2022-23,NIC-2025,Output PPI,https://www.mospi.gov.in/uploads/latestReleases/latest_release_1790590696008_1b346687-0a5f-445a-83a2-28283c586094_IIP_Press_Release_August_2026.pdf,7ca3d7b8a1fa698cd0eb10cf1b4104ce43bc63573b390231a69c673a28ac015c
2025-07,18,Printing and reproduction of recorded media,96.6,-4.2,Not specified,https://www.mospi.gov.in/uploads/latestReleases/latest_release_1790590696633_c0f8dc21-040f-4f5c-bfc1-63be2e5775d7_Indices_IIP_2022-23_Monthly_annual_Aug_2026.xlsx,2026-09-28,2026-10-09T06:00:15.558936+00:00,2022-23,NIC-2025,Output PPI,https://www.mospi.gov.in/uploads/latestReleases/latest_release_1790590696008_1b346687-0a5f-445a-83a2-28283c586094_IIP_Press_Release_August_2026.pdf,7ca3d7b8a1fa698cd0eb10cf1b4104ce43bc63573b390231a69c673a28ac015c
2025-07,19,Manufacture of coke and refined petroleum products,111.6,0.5,Not specified,https://www.mospi.gov.in/uploads/latestReleases/latest_release_1790590696633_c0f8dc21-040f-4f5c-bfc1-63be2e5775d7_Indices_IIP_2022-23_Monthly_annual_Aug_2026.xlsx,2026-09-28,2026-10-09T06:00:15.558936+00:00,2022-23,NIC-2025,Output PPI,https://www.mospi.gov.in/uploads/latestReleases/latest_release_1790590696008_1b346687-0a5f-445a-83a2-28283c586094_IIP_Press_Release_August_2026.pdf,7ca3d7b8a1fa698cd0eb10cf1b4104ce43bc63573b390231a69c673a28ac015c
2025-07,20,Manufacture of chemicals and chemical products,112.8,-4.0,Not specified,https://www.mospi.gov.in/uploads/latestReleases/latest_release_1790590696633_c0f8dc21-040f-4f5c-bfc1-63be2e5775d7_Indices_IIP_2022-23_Monthly_annual_Aug_2026.xlsx,2026-09-28,2026-10-09T06:00:15.558936+00:00,2022-23,NIC-2025,Output PPI,https://www.mospi.gov.in/uploads/latestReleases/latest_release_1790590696008_1b346687-0a5f-445a-83a2-28283c586094_IIP_Press_Release_August_2026.pdf,7ca3d7b8a1fa698cd0eb10cf1b4104ce43bc63573b390231a69c673a28ac015c
2025-07,21,Manufacture of basic pharmaceutical products and pharmaceutical preparations,126.0,10.8,Not specified,https://www.mospi.gov.in/uploads/latestReleases/latest_release_1790590696633_c0f8dc21-040f-4f5c-bfc1-63be2e5775d7_Indices_IIP_2022-23_Monthly_annual_Aug_2026.xlsx,2026-09-28,2026-10-09T06:00:15.558936+00:00,2022-23,NIC-2025,Output PPI,https://www.mospi.gov.in/uploads/latestReleases/latest_release_1790590696008_1b346687-0a5f-445a-83a2-28283c586094_IIP_Press_Release_August_2026.pdf,7ca3d7b8a1fa698cd0eb10cf1b4104ce43bc63573b390231a69c673a28ac015c
2025-07,22,Manufacture of rubber and plastics products,107.6,4.4,Not specified,https://www.mospi.gov.in/uploads/latestReleases/latest_release_1790590696633_c0f8dc21-040f-4f5c-bfc1-63be2e5775d7_Indices_IIP_2022-23_Monthly_annual_Aug_2026.xlsx,2026-09-28,2026-10-09T06:00:15.558936+00:00,2022-23,NIC-2025,Output PPI,https://www.mospi.gov.in/uploads/latestReleases/latest_release_1790590696008_1b346687-0a5f-445a-83a2-28283c586094_IIP_Press_Release_August_2026.pdf,7ca3d7b8a1fa698cd0eb10cf1b4104ce43bc63573b390231a69c673a28ac015c
2025-07,23,Manufacture of other non-metallic mineral products,113.0,8.1,Not specified,https://www.mospi.gov.in/uploads/latestReleases/latest_release_1790590696633_c0f8dc21-040f-4f5c-bfc1-63be2e5775d7_Indices_IIP_2022-23_Monthly_annual_Aug_2026.xlsx,2026-09-28,2026-10-09T06:00:15.558936+00:00,2022-23,NIC-2025,Output PPI,https://www.mospi.gov.in/uploads/latestReleases/latest_release_1790590696008_1b346687-0a5f-445a-83a2-28283c586094_IIP_Press_Release_August_2026.pdf,7ca3d7b8a1fa698cd0eb10cf1b4104ce43bc63573b390231a69c673a28ac015c
2025-07,24,Manufacture of basic metals,131.9,12.1,Not specified,https://www.mospi.gov.in/uploads/latestReleases/latest_release_1790590696633_c0f8dc21-040f-4f5c-bfc1-63be2e5775d7_Indices_IIP_2022-23_Monthly_annual_Aug_2026.xlsx,2026-09-28,2026-10-09T06:00:15.558936+00:00,2022-23,NIC-2025,Output PPI,https://www.mospi.gov.in/uploads/latestReleases/latest_release_1790590696008_1b346687-0a5f-445a-83a2-28283c586094_IIP_Press_Release_August_2026.pdf,7ca3d7b8a1fa698cd0eb10cf1b4104ce43bc63573b390231a69c673a28ac015c
2025-07,25,"Manufacture of fabricated metal products, except machinery and equipment",126.5,9.0,Not specified,https://www.mospi.gov.in/uploads/latestReleases/latest_release_1790590696633_c0f8dc21-040f-4f5c-bfc1-63be2e5775d7_Indices_IIP_2022-23_Monthly_annual_Aug_2026.xlsx,2026-09-28,2026-10-09T06:00:15.558936+00:00,2022-23,NIC-2025,Output PPI,https://www.mospi.gov.in/uploads/latestReleases/latest_release_1790590696008_1b346687-0a5f-445a-83a2-28283c586094_IIP_Press_Release_August_2026.pdf,7ca3d7b8a1fa698cd0eb10cf1b4104ce43bc63573b390231a69c673a28ac015c
2025-07,26,"Manufacture of computer, electronic and optical products",140.6,9.7,Not specified,https://www.mospi.gov.in/uploads/latestReleases/latest_release_1790590696633_c0f8dc21-040f-4f5c-bfc1-63be2e5775d7_Indices_IIP_2022-23_Monthly_annual_Aug_2026.xlsx,2026-09-28,2026-10-09T06:00:15.558936+00:00,2022-23,NIC-2025,Output PPI,https://www.mospi.gov.in/uploads/latestReleases/latest_release_1790590696008_1b346687-0a5f-445a-83a2-28283c586094_IIP_Press_Release_August_2026.pdf,7ca3d7b8a1fa698cd0eb10cf1b4104ce43bc63573b390231a69c673a28ac015c
2025-07,27,Manufacture of electrical equipment,131.0,2.9,Not specified,https://www.mospi.gov.in/uploads/latestReleases/latest_release_1790590696633_c0f8dc21-040f-4f5c-bfc1-63be2e5775d7_Indices_IIP_2022-23_Monthly_annual_Aug_2026.xlsx,2026-09-28,2026-10-09T06:00:15.558936+00:00,2022-23,NIC-2025,Output PPI,https://www.mospi.gov.in/uploads/latestReleases/latest_release_1790590696008_1b346687-0a5f-445a-83a2-28283c586094_IIP_Press_Release_August_2026.pdf,7ca3d7b8a1fa698cd0eb10cf1b4104ce43bc63573b390231a69c673a28ac015c
2025-07,28,Manufacture of machinery and equipment n.e.c.,114.7,3.0,Not specified,https://www.mospi.gov.in/uploads/latestReleases/latest_release_1790590696633_c0f8dc21-040f-4f5c-bfc1-63be2e5775d7_Indices_IIP_2022-23_Monthly_annual_Aug_2026.xlsx,2026-09-28,2026-10-09T06:00:15.558936+00:00,2022-23,NIC-2025,Output PPI,https://www.mospi.gov.in/uploads/latestReleases/latest_release_1790590696008_1b346687-0a5f-445a-83a2-28283c586094_IIP_Press_Release_August_2026.pdf,7ca3d7b8a1fa698cd0eb10cf1b4104ce43bc63573b390231a69c673a28ac015c
2025-07,29,"Manufacture of motor vehicles, trailers and semi-trailers",119.8,5.0,Not specified,https://www.mospi.gov.in/uploads/latestReleases/latest_release_1790590696633_c0f8dc21-040f-4f5c-bfc1-63be2e5775d7_Indices_IIP_2022-23_Monthly_annual_Aug_2026.xlsx,2026-09-28,2026-10-09T06:00:15.558936+00:00,2022-23,NIC-2025,Output PPI,https://www.mospi.gov.in/uploads/latestReleases/latest_release_1790590696008_1b346687-0a5f-445a-83a2-28283c586094_IIP_Press_Release_August_2026.pdf,7ca3d7b8a1fa698cd0eb10cf1b4104ce43bc63573b390231a69c673a28ac015c
2025-07,30,Manufacture of other transport equipment,143.4,12.5,Not specified,https://www.mospi.gov.in/uploads/latestReleases/latest_release_1790590696633_c0f8dc21-040f-4f5c-bfc1-63be2e5775d7_Indices_IIP_2022-23_Monthly_annual_Aug_2026.xlsx,2026-09-28,2026-10-09T06:00:15.558936+00:00,2022-23,NIC-2025,Output PPI,https://www.mospi.gov.in/uploads/latestReleases/latest_release_1790590696008_1b346687-0a5f-445a-83a2-28283c586094_IIP_Press_Release_August_2026.pdf,7ca3d7b8a1fa698cd0eb10cf1b4104ce43bc63573b390231a69c673a28ac015c
2025-07,31,Manufacture of furniture,115.3,10.2,Not specified,https://www.mospi.gov.in/uploads/latestReleases/latest_release_1790590696633_c0f8dc21-040f-4f5c-bfc1-63be2e5775d7_Indices_IIP_2022-23_Monthly_annual_Aug_2026.xlsx,2026-09-28,2026-10-09T06:00:15.558936+00:00,2022-23,NIC-2025,Output PPI,https://www.mospi.gov.in/uploads/latestReleases/latest_release_1790590696008_1b346687-0a5f-445a-83a2-28283c586094_IIP_Press_Release_August_2026.pdf,7ca3d7b8a1fa698cd0eb10cf1b4104ce43bc63573b390231a69c673a28ac015c
2025-07,32,Other manufacturing,112.6,2.6,Not specified,https://www.mospi.gov.in/uploads/latestReleases/latest_release_1790590696633_c0f8dc21-040f-4f5c-bfc1-63be2e5775d7_Indices_IIP_2022-23_Monthly_annual_Aug_2026.xlsx,2026-09-28,2026-10-09T06:00:15.558936+00:00,2022-23,NIC-2025,Output PPI,https://www.mospi.gov.in/uploads/latestReleases/latest_release_1790590696008_1b346687-0a5f-445a-83a2-28283c586094_IIP_Press_Release_August_2026.pdf,7ca3d7b8a1fa698cd0eb10cf1b4104ce43bc63573b390231a69c673a28ac015c
2025-08,10,Manufacture of food products,101.7,2.0,Not specified,https://www.mospi.gov.in/uploads/latestReleases/latest_release_1790590696633_c0f8dc21-040f-4f5c-bfc1-63be2e5775d7_Indices_IIP_2022-23_Monthly_annual_Aug_2026.xlsx,2026-09-28,2026-10-09T06:00:15.558936+00:00,2022-23,NIC-2025,Output PPI,https://www.mospi.gov.in/uploads/latestReleases/latest_release_1790590696008_1b346687-0a5f-445a-83a2-28283c586094_IIP_Press_Release_August_2026.pdf,7ca3d7b8a1fa698cd0eb10cf1b4104ce43bc63573b390231a69c673a28ac015c
2025-08,11,Manufacture of beverages,101.9,-4.8,Not specified,https://www.mospi.gov.in/uploads/latestReleases/latest_release_1790590696633_c0f8dc21-040f-4f5c-bfc1-63be2e5775d7_Indices_IIP_2022-23_Monthly_annual_Aug_2026.xlsx,2026-09-28,2026-10-09T06:00:15.558936+00:00,2022-23,NIC-2025,Output PPI,https://www.mospi.gov.in/uploads/latestReleases/latest_release_1790590696008_1b346687-0a5f-445a-83a2-28283c586094_IIP_Press_Release_August_2026.pdf,7ca3d7b8a1fa698cd0eb10cf1b4104ce43bc63573b390231a69c673a28ac015c
2025-08,12,Manufacture of tobacco products,128.2,15.8,Not specified,https://www.mospi.gov.in/uploads/latestReleases/latest_release_1790590696633_c0f8dc21-040f-4f5c-bfc1-63be2e5775d7_Indices_IIP_2022-23_Monthly_annual_Aug_2026.xlsx,2026-09-28,2026-10-09T06:00:15.558936+00:00,2022-23,NIC-2025,Output PPI,https://www.mospi.gov.in/uploads/latestReleases/latest_release_1790590696008_1b346687-0a5f-445a-83a2-28283c586094_IIP_Press_Release_August_2026.pdf,7ca3d7b8a1fa698cd0eb10cf1b4104ce43bc63573b390231a69c673a28ac015c
2025-08,13,Manufacture of textiles,121.0,4.0,Not specified,https://www.mospi.gov.in/uploads/latestReleases/latest_release_1790590696633_c0f8dc21-040f-4f5c-bfc1-63be2e5775d7_Indices_IIP_2022-23_Monthly_annual_Aug_2026.xlsx,2026-09-28,2026-10-09T06:00:15.558936+00:00,2022-23,NIC-2025,Output PPI,https://www.mospi.gov.in/uploads/latestReleases/latest_release_1790590696008_1b346687-0a5f-445a-83a2-28283c586094_IIP_Press_Release_August_2026.pdf,7ca3d7b8a1fa698cd0eb10cf1b4104ce43bc63573b390231a69c673a28ac015c
2025-08,14,Manufacture of wearing apparel,96.1,-3.4,Not specified,https://www.mospi.gov.in/uploads/latestReleases/latest_release_1790590696633_c0f8dc21-040f-4f5c-bfc1-63be2e5775d7_Indices_IIP_2022-23_Monthly_annual_Aug_2026.xlsx,2026-09-28,2026-10-09T06:00:15.558936+00:00,2022-23,NIC-2025,Output PPI,https://www.mospi.gov.in/uploads/latestReleases/latest_release_1790590696008_1b346687-0a5f-445a-83a2-28283c586094_IIP_Press_Release_August_2026.pdf,7ca3d7b8a1fa698cd0eb10cf1b4104ce43bc63573b390231a69c673a28ac015c
2025-08,15,Manufacture of leather and related products,101.5,-2.2,Not specified,https://www.mospi.gov.in/uploads/latestReleases/latest_release_1790590696633_c0f8dc21-040f-4f5c-bfc1-63be2e5775d7_Indices_IIP_2022-23_Monthly_annual_Aug_2026.xlsx,2026-09-28,2026-10-09T06:00:15.558936+00:00,2022-23,NIC-2025,Output PPI,https://www.mospi.gov.in/uploads/latestReleases/latest_release_1790590696008_1b346687-0a5f-445a-83a2-28283c586094_IIP_Press_Release_August_2026.pdf,7ca3d7b8a1fa698cd0eb10cf1b4104ce43bc63573b390231a69c673a28ac015c
2025-08,16,"Manufacture of wood and products of wood and cork, except furniture; manufacture of articles of straw and plaiting materials",103.3,4.2,Not specified,https://www.mospi.gov.in/uploads/latestReleases/latest_release_1790590696633_c0f8dc21-040f-4f5c-bfc1-63be2e5775d7_Indices_IIP_2022-23_Monthly_annual_Aug_2026.xlsx,2026-09-28,2026-10-09T06:00:15.558936+00:00,2022-23,NIC-2025,Output PPI,https://www.mospi.gov.in/uploads/latestReleases/latest_release_1790590696008_1b346687-0a5f-445a-83a2-28283c586094_IIP_Press_Release_August_2026.pdf,7ca3d7b8a1fa698cd0eb10cf1b4104ce43bc63573b390231a69c673a28ac015c
2025-08,17,Manufacture of paper and paper products,112.1,3.3,Not specified,https://www.mospi.gov.in/uploads/latestReleases/latest_release_1790590696633_c0f8dc21-040f-4f5c-bfc1-63be2e5775d7_Indices_IIP_2022-23_Monthly_annual_Aug_2026.xlsx,2026-09-28,2026-10-09T06:00:15.558936+00:00,2022-23,NIC-2025,Output PPI,https://www.mospi.gov.in/uploads/latestReleases/latest_release_1790590696008_1b346687-0a5f-445a-83a2-28283c586094_IIP_Press_Release_August_2026.pdf,7ca3d7b8a1fa698cd0eb10cf1b4104ce43bc63573b390231a69c673a28ac015c
2025-08,18,Printing and reproduction of recorded media,89.7,-4.5,Not specified,https://www.mospi.gov.in/uploads/latestReleases/latest_release_1790590696633_c0f8dc21-040f-4f5c-bfc1-63be2e5775d7_Indices_IIP_2022-23_Monthly_annual_Aug_2026.xlsx,2026-09-28,2026-10-09T06:00:15.558936+00:00,2022-23,NIC-2025,Output PPI,https://www.mospi.gov.in/uploads/latestReleases/latest_release_1790590696008_1b346687-0a5f-445a-83a2-28283c586094_IIP_Press_Release_August_2026.pdf,7ca3d7b8a1fa698cd0eb10cf1b4104ce43bc63573b390231a69c673a28ac015c
2025-08,19,Manufacture of coke and refined petroleum products,108.8,5.0,Not specified,https://www.mospi.gov.in/uploads/latestReleases/latest_release_1790590696633_c0f8dc21-040f-4f5c-bfc1-63be2e5775d7_Indices_IIP_2022-23_Monthly_annual_Aug_2026.xlsx,2026-09-28,2026-10-09T06:00:15.558936+00:00,2022-23,NIC-2025,Output PPI,https://www.mospi.gov.in/uploads/latestReleases/latest_release_1790590696008_1b346687-0a5f-445a-83a2-28283c586094_IIP_Press_Release_August_2026.pdf,7ca3d7b8a1fa698cd0eb10cf1b4104ce43bc63573b390231a69c673a28ac015c
2025-08,20,Manufacture of chemicals and chemical products,110.1,-1.7,Not specified,https://www.mospi.gov.in/uploads/latestReleases/latest_release_1790590696633_c0f8dc21-040f-4f5c-bfc1-63be2e5775d7_Indices_IIP_2022-23_Monthly_annual_Aug_2026.xlsx,2026-09-28,2026-10-09T06:00:15.558936+00:00,2022-23,NIC-2025,Output PPI,https://www.mospi.gov.in/uploads/latestReleases/latest_release_1790590696008_1b346687-0a5f-445a-83a2-28283c586094_IIP_Press_Release_August_2026.pdf,7ca3d7b8a1fa698cd0eb10cf1b4104ce43bc63573b390231a69c673a28ac015c
2025-08,21,Manufacture of basic pharmaceutical products and pharmaceutical preparations,122.5,-1.3,Not specified,https://www.mospi.gov.in/uploads/latestReleases/latest_release_1790590696633_c0f8dc21-040f-4f5c-bfc1-63be2e5775d7_Indices_IIP_2022-23_Monthly_annual_Aug_2026.xlsx,2026-09-28,2026-10-09T06:00:15.558936+00:00,2022-23,NIC-2025,Output PPI,https://www.mospi.gov.in/uploads/latestReleases/latest_release_1790590696008_1b346687-0a5f-445a-83a2-28283c586094_IIP_Press_Release_August_2026.pdf,7ca3d7b8a1fa698cd0eb10cf1b4104ce43bc63573b390231a69c673a28ac015c
2025-08,22,Manufacture of rubber and plastics products,104.9,2.5,Not specified,https://www.mospi.gov.in/uploads/latestReleases/latest_release_1790590696633_c0f8dc21-040f-4f5c-bfc1-63be2e5775d7_Indices_IIP_2022-23_Monthly_annual_Aug_2026.xlsx,2026-09-28,2026-10-09T06:00:15.558936+00:00,2022-23,NIC-2025,Output PPI,https://www.mospi.gov.in/uploads/latestReleases/latest_release_1790590696008_1b346687-0a5f-445a-83a2-28283c586094_IIP_Press_Release_August_2026.pdf,7ca3d7b8a1fa698cd0eb10cf1b4104ce43bc63573b390231a69c673a28ac015c
2025-08,23,Manufacture of other non-metallic mineral products,106.2,1.8,Not specified,https://www.mospi.gov.in/uploads/latestReleases/latest_release_1790590696633_c0f8dc21-040f-4f5c-bfc1-63be2e5775d7_Indices_IIP_2022-23_Monthly_annual_Aug_2026.xlsx,2026-09-28,2026-10-09T06:00:15.558936+00:00,2022-23,NIC-2025,Output PPI,https://www.mospi.gov.in/uploads/latestReleases/latest_release_1790590696008_1b346687-0a5f-445a-83a2-28283c586094_IIP_Press_Release_August_2026.pdf,7ca3d7b8a1fa698cd0eb10cf1b4104ce43bc63573b390231a69c673a28ac015c
2025-08,24,Manufacture of basic metals,131.7,11.7,Not specified,https://www.mospi.gov.in/uploads/latestReleases/latest_release_1790590696633_c0f8dc21-040f-4f5c-bfc1-63be2e5775d7_Indices_IIP_2022-23_Monthly_annual_Aug_2026.xlsx,2026-09-28,2026-10-09T06:00:15.558936+00:00,2022-23,NIC-2025,Output PPI,https://www.mospi.gov.in/uploads/latestReleases/latest_release_1790590696008_1b346687-0a5f-445a-83a2-28283c586094_IIP_Press_Release_August_2026.pdf,7ca3d7b8a1fa698cd0eb10cf1b4104ce43bc63573b390231a69c673a28ac015c
2025-08,25,"Manufacture of fabricated metal products, except machinery and equipment",117.3,1.8,Not specified,https://www.mospi.gov.in/uploads/latestReleases/latest_release_1790590696633_c0f8dc21-040f-4f5c-bfc1-63be2e5775d7_Indices_IIP_2022-23_Monthly_annual_Aug_2026.xlsx,2026-09-28,2026-10-09T06:00:15.558936+00:00,2022-23,NIC-2025,Output PPI,https://www.mospi.gov.in/uploads/latestReleases/latest_release_1790590696008_1b346687-0a5f-445a-83a2-28283c586094_IIP_Press_Release_August_2026.pdf,7ca3d7b8a1fa698cd0eb10cf1b4104ce43bc63573b390231a69c673a28ac015c
2025-08,26,"Manufacture of computer, electronic and optical products",138.7,6.7,Not specified,https://www.mospi.gov.in/uploads/latestReleases/latest_release_1790590696633_c0f8dc21-040f-4f5c-bfc1-63be2e5775d7_Indices_IIP_2022-23_Monthly_annual_Aug_2026.xlsx,2026-09-28,2026-10-09T06:00:15.558936+00:00,2022-23,NIC-2025,Output PPI,https://www.mospi.gov.in/uploads/latestReleases/latest_release_1790590696008_1b346687-0a5f-445a-83a2-28283c586094_IIP_Press_Release_August_2026.pdf,7ca3d7b8a1fa698cd0eb10cf1b4104ce43bc63573b390231a69c673a28ac015c
2025-08,27,Manufacture of electrical equipment,130.0,9.0,Not specified,https://www.mospi.gov.in/uploads/latestReleases/latest_release_1790590696633_c0f8dc21-040f-4f5c-bfc1-63be2e5775d7_Indices_IIP_2022-23_Monthly_annual_Aug_2026.xlsx,2026-09-28,2026-10-09T06:00:15.558936+00:00,2022-23,NIC-2025,Output PPI,https://www.mospi.gov.in/uploads/latestReleases/latest_release_1790590696008_1b346687-0a5f-445a-83a2-28283c586094_IIP_Press_Release_August_2026.pdf,7ca3d7b8a1fa698cd0eb10cf1b4104ce43bc63573b390231a69c673a28ac015c
2025-08,28,Manufacture of machinery and equipment n.e.c.,115.4,1.9,Not specified,https://www.mospi.gov.in/uploads/latestReleases/latest_release_1790590696633_c0f8dc21-040f-4f5c-bfc1-63be2e5775d7_Indices_IIP_2022-23_Monthly_annual_Aug_2026.xlsx,2026-09-28,2026-10-09T06:00:15.558936+00:00,2022-23,NIC-2025,Output PPI,https://www.mospi.gov.in/uploads/latestReleases/latest_release_1790590696008_1b346687-0a5f-445a-83a2-28283c586094_IIP_Press_Release_August_2026.pdf,7ca3d7b8a1fa698cd0eb10cf1b4104ce43bc63573b390231a69c673a28ac015c
2025-08,29,"Manufacture of motor vehicles, trailers and semi-trailers",115.4,2.8,Not specified,https://www.mospi.gov.in/uploads/latestReleases/latest_release_1790590696633_c0f8dc21-040f-4f5c-bfc1-63be2e5775d7_Indices_IIP_2022-23_Monthly_annual_Aug_2026.xlsx,2026-09-28,2026-10-09T06:00:15.558936+00:00,2022-23,NIC-2025,Output PPI,https://www.mospi.gov.in/uploads/latestReleases/latest_release_1790590696008_1b346687-0a5f-445a-83a2-28283c586094_IIP_Press_Release_August_2026.pdf,7ca3d7b8a1fa698cd0eb10cf1b4104ce43bc63573b390231a69c673a28ac015c
2025-08,30,Manufacture of other transport equipment,144.6,10.3,Not specified,https://www.mospi.gov.in/uploads/latestReleases/latest_release_1790590696633_c0f8dc21-040f-4f5c-bfc1-63be2e5775d7_Indices_IIP_2022-23_Monthly_annual_Aug_2026.xlsx,2026-09-28,2026-10-09T06:00:15.558936+00:00,2022-23,NIC-2025,Output PPI,https://www.mospi.gov.in/uploads/latestReleases/latest_release_1790590696008_1b346687-0a5f-445a-83a2-28283c586094_IIP_Press_Release_August_2026.pdf,7ca3d7b8a1fa698cd0eb10cf1b4104ce43bc63573b390231a69c673a28ac015c
2025-08,31,Manufacture of furniture,112.9,5.3,Not specified,https://www.mospi.gov.in/uploads/latestReleases/latest_release_1790590696633_c0f8dc21-040f-4f5c-bfc1-63be2e5775d7_Indices_IIP_2022-23_Monthly_annual_Aug_2026.xlsx,2026-09-28,2026-10-09T06:00:15.558936+00:00,2022-23,NIC-2025,Output PPI,https://www.mospi.gov.in/uploads/latestReleases/latest_release_1790590696008_1b346687-0a5f-445a-83a2-28283c586094_IIP_Press_Release_August_2026.pdf,7ca3d7b8a1fa698cd0eb10cf1b4104ce43bc63573b390231a69c673a28ac015c
2025-08,32,Other manufacturing,117.1,-2.3,Not specified,https://www.mospi.gov.in/uploads/latestReleases/latest_release_1790590696633_c0f8dc21-040f-4f5c-bfc1-63be2e5775d7_Indices_IIP_2022-23_Monthly_annual_Aug_2026.xlsx,2026-09-28,2026-10-09T06:00:15.558936+00:00,2022-23,NIC-2025,Output PPI,https://www.mospi.gov.in/uploads/latestReleases/latest_release_1790590696008_1b346687-0a5f-445a-83a2-28283c586094_IIP_Press_Release_August_2026.pdf,7ca3d7b8a1fa698cd0eb10cf1b4104ce43bc63573b390231a69c673a28ac015c
2025-09,10,Manufacture of food products,97.5,0.0,Not specified,https://www.mospi.gov.in/uploads/latestReleases/latest_release_1790590696633_c0f8dc21-040f-4f5c-bfc1-63be2e5775d7_Indices_IIP_2022-23_Monthly_annual_Aug_2026.xlsx,2026-09-28,2026-10-09T06:00:15.558936+00:00,2022-23,NIC-2025,Output PPI,https://www.mospi.gov.in/uploads/latestReleases/latest_release_1790590696008_1b346687-0a5f-445a-83a2-28283c586094_IIP_Press_Release_August_2026.pdf,7ca3d7b8a1fa698cd0eb10cf1b4104ce43bc63573b390231a69c673a28ac015c
2025-09,11,Manufacture of beverages,92.4,-12.8,Not specified,https://www.mospi.gov.in/uploads/latestReleases/latest_release_1790590696633_c0f8dc21-040f-4f5c-bfc1-63be2e5775d7_Indices_IIP_2022-23_Monthly_annual_Aug_2026.xlsx,2026-09-28,2026-10-09T06:00:15.558936+00:00,2022-23,NIC-2025,Output PPI,https://www.mospi.gov.in/uploads/latestReleases/latest_release_1790590696008_1b346687-0a5f-445a-83a2-28283c586094_IIP_Press_Release_August_2026.pdf,7ca3d7b8a1fa698cd0eb10cf1b4104ce43bc63573b390231a69c673a28ac015c
2025-09,12,Manufacture of tobacco products,116.1,-6.0,Not specified,https://www.mospi.gov.in/uploads/latestReleases/latest_release_1790590696633_c0f8dc21-040f-4f5c-bfc1-63be2e5775d7_Indices_IIP_2022-23_Monthly_annual_Aug_2026.xlsx,2026-09-28,2026-10-09T06:00:15.558936+00:00,2022-23,NIC-2025,Output PPI,https://www.mospi.gov.in/uploads/latestReleases/latest_release_1790590696008_1b346687-0a5f-445a-83a2-28283c586094_IIP_Press_Release_August_2026.pdf,7ca3d7b8a1fa698cd0eb10cf1b4104ce43bc63573b390231a69c673a28ac015c
2025-09,13,Manufacture of textiles,123.7,2.6,Not specified,https://www.mospi.gov.in/uploads/latestReleases/latest_release_1790590696633_c0f8dc21-040f-4f5c-bfc1-63be2e5775d7_Indices_IIP_2022-23_Monthly_annual_Aug_2026.xlsx,2026-09-28,2026-10-09T06:00:15.558936+00:00,2022-23,NIC-2025,Output PPI,https://www.mospi.gov.in/uploads/latestReleases/latest_release_1790590696008_1b346687-0a5f-445a-83a2-28283c586094_IIP_Press_Release_August_2026.pdf,7ca3d7b8a1fa698cd0eb10cf1b4104ce43bc63573b390231a69c673a28ac015c
2025-09,14,Manufacture of wearing apparel,94.0,-3.7,Not specified,https://www.mospi.gov.in/uploads/latestReleases/latest_release_1790590696633_c0f8dc21-040f-4f5c-bfc1-63be2e5775d7_Indices_IIP_2022-23_Monthly_annual_Aug_2026.xlsx,2026-09-28,2026-10-09T06:00:15.558936+00:00,2022-23,NIC-2025,Output PPI,https://www.mospi.gov.in/uploads/latestReleases/latest_release_1790590696008_1b346687-0a5f-445a-83a2-28283c586094_IIP_Press_Release_August_2026.pdf,7ca3d7b8a1fa698cd0eb10cf1b4104ce43bc63573b390231a69c673a28ac015c
2025-09,15,Manufacture of leather and related products,98.3,2.0,Not specified,https://www.mospi.gov.in/uploads/latestReleases/latest_release_1790590696633_c0f8dc21-040f-4f5c-bfc1-63be2e5775d7_Indices_IIP_2022-23_Monthly_annual_Aug_2026.xlsx,2026-09-28,2026-10-09T06:00:15.558936+00:00,2022-23,NIC-2025,Output PPI,https://www.mospi.gov.in/uploads/latestReleases/latest_release_1790590696008_1b346687-0a5f-445a-83a2-28283c586094_IIP_Press_Release_August_2026.pdf,7ca3d7b8a1fa698cd0eb10cf1b4104ce43bc63573b390231a69c673a28ac015c
2025-09,16,"Manufacture of wood and products of wood and cork, except furniture; manufacture of articles of straw and plaiting materials",116.6,20.3,Not specified,https://www.mospi.gov.in/uploads/latestReleases/latest_release_1790590696633_c0f8dc21-040f-4f5c-bfc1-63be2e5775d7_Indices_IIP_2022-23_Monthly_annual_Aug_2026.xlsx,2026-09-28,2026-10-09T06:00:15.558936+00:00,2022-23,NIC-2025,Output PPI,https://www.mospi.gov.in/uploads/latestReleases/latest_release_1790590696008_1b346687-0a5f-445a-83a2-28283c586094_IIP_Press_Release_August_2026.pdf,7ca3d7b8a1fa698cd0eb10cf1b4104ce43bc63573b390231a69c673a28ac015c
2025-09,17,Manufacture of paper and paper products,107.1,0.6,Not specified,https://www.mospi.gov.in/uploads/latestReleases/latest_release_1790590696633_c0f8dc21-040f-4f5c-bfc1-63be2e5775d7_Indices_IIP_2022-23_Monthly_annual_Aug_2026.xlsx,2026-09-28,2026-10-09T06:00:15.558936+00:00,2022-23,NIC-2025,Output PPI,https://www.mospi.gov.in/uploads/latestReleases/latest_release_1790590696008_1b346687-0a5f-445a-83a2-28283c586094_IIP_Press_Release_August_2026.pdf,7ca3d7b8a1fa698cd0eb10cf1b4104ce43bc63573b390231a69c673a28ac015c
2025-09,18,Printing and reproduction of recorded media,99.5,7.8,Not specified,https://www.mospi.gov.in/uploads/latestReleases/latest_release_1790590696633_c0f8dc21-040f-4f5c-bfc1-63be2e5775d7_Indices_IIP_2022-23_Monthly_annual_Aug_2026.xlsx,2026-09-28,2026-10-09T06:00:15.558936+00:00,2022-23,NIC-2025,Output PPI,https://www.mospi.gov.in/uploads/latestReleases/latest_release_1790590696008_1b346687-0a5f-445a-83a2-28283c586094_IIP_Press_Release_August_2026.pdf,7ca3d7b8a1fa698cd0eb10cf1b4104ce43bc63573b390231a69c673a28ac015c
2025-09,19,Manufacture of coke and refined petroleum products,102.1,-0.2,Not specified,https://www.mospi.gov.in/uploads/latestReleases/latest_release_1790590696633_c0f8dc21-040f-4f5c-bfc1-63be2e5775d7_Indices_IIP_2022-23_Monthly_annual_Aug_2026.xlsx,2026-09-28,2026-10-09T06:00:15.558936+00:00,2022-23,NIC-2025,Output PPI,https://www.mospi.gov.in/uploads/latestReleases/latest_release_1790590696008_1b346687-0a5f-445a-83a2-28283c586094_IIP_Press_Release_August_2026.pdf,7ca3d7b8a1fa698cd0eb10cf1b4104ce43bc63573b390231a69c673a28ac015c
2025-09,20,Manufacture of chemicals and chemical products,108.8,3.2,Not specified,https://www.mospi.gov.in/uploads/latestReleases/latest_release_1790590696633_c0f8dc21-040f-4f5c-bfc1-63be2e5775d7_Indices_IIP_2022-23_Monthly_annual_Aug_2026.xlsx,2026-09-28,2026-10-09T06:00:15.558936+00:00,2022-23,NIC-2025,Output PPI,https://www.mospi.gov.in/uploads/latestReleases/latest_release_1790590696008_1b346687-0a5f-445a-83a2-28283c586094_IIP_Press_Release_August_2026.pdf,7ca3d7b8a1fa698cd0eb10cf1b4104ce43bc63573b390231a69c673a28ac015c
2025-09,21,Manufacture of basic pharmaceutical products and pharmaceutical preparations,123.9,0.8,Not specified,https://www.mospi.gov.in/uploads/latestReleases/latest_release_1790590696633_c0f8dc21-040f-4f5c-bfc1-63be2e5775d7_Indices_IIP_2022-23_Monthly_annual_Aug_2026.xlsx,2026-09-28,2026-10-09T06:00:15.558936+00:00,2022-23,NIC-2025,Output PPI,https://www.mospi.gov.in/uploads/latestReleases/latest_release_1790590696008_1b346687-0a5f-445a-83a2-28283c586094_IIP_Press_Release_August_2026.pdf,7ca3d7b8a1fa698cd0eb10cf1b4104ce43bc63573b390231a69c673a28ac015c
2025-09,22,Manufacture of rubber and plastics products,106.8,4.2,Not specified,https://www.mospi.gov.in/uploads/latestReleases/latest_release_1790590696633_c0f8dc21-040f-4f5c-bfc1-63be2e5775d7_Indices_IIP_2022-23_Monthly_annual_Aug_2026.xlsx,2026-09-28,2026-10-09T06:00:15.558936+00:00,2022-23,NIC-2025,Output PPI,https://www.mospi.gov.in/uploads/latestReleases/latest_release_1790590696008_1b346687-0a5f-445a-83a2-28283c586094_IIP_Press_Release_August_2026.pdf,7ca3d7b8a1fa698cd0eb10cf1b4104ce43bc63573b390231a69c673a28ac015c
2025-09,23,Manufacture of other non-metallic mineral products,107.5,5.9,Not specified,https://www.mospi.gov.in/uploads/latestReleases/latest_release_1790590696633_c0f8dc21-040f-4f5c-bfc1-63be2e5775d7_Indices_IIP_2022-23_Monthly_annual_Aug_2026.xlsx,2026-09-28,2026-10-09T06:00:15.558936+00:00,2022-23,NIC-2025,Output PPI,https://www.mospi.gov.in/uploads/latestReleases/latest_release_1790590696008_1b346687-0a5f-445a-83a2-28283c586094_IIP_Press_Release_August_2026.pdf,7ca3d7b8a1fa698cd0eb10cf1b4104ce43bc63573b390231a69c673a28ac015c
2025-09,24,Manufacture of basic metals,129.4,11.2,Not specified,https://www.mospi.gov.in/uploads/latestReleases/latest_release_1790590696633_c0f8dc21-040f-4f5c-bfc1-63be2e5775d7_Indices_IIP_2022-23_Monthly_annual_Aug_2026.xlsx,2026-09-28,2026-10-09T06:00:15.558936+00:00,2022-23,NIC-2025,Output PPI,https://www.mospi.gov.in/uploads/latestReleases/latest_release_1790590696008_1b346687-0a5f-445a-83a2-28283c586094_IIP_Press_Release_August_2026.pdf,7ca3d7b8a1fa698cd0eb10cf1b4104ce43bc63573b390231a69c673a28ac015c
2025-09,25,"Manufacture of fabricated metal products, except machinery and equipment",128.8,11.6,Not specified,https://www.mospi.gov.in/uploads/latestReleases/latest_release_1790590696633_c0f8dc21-040f-4f5c-bfc1-63be2e5775d7_Indices_IIP_2022-23_Monthly_annual_Aug_2026.xlsx,2026-09-28,2026-10-09T06:00:15.558936+00:00,2022-23,NIC-2025,Output PPI,https://www.mospi.gov.in/uploads/latestReleases/latest_release_1790590696008_1b346687-0a5f-445a-83a2-28283c586094_IIP_Press_Release_August_2026.pdf,7ca3d7b8a1fa698cd0eb10cf1b4104ce43bc63573b390231a69c673a28ac015c
2025-09,26,"Manufacture of computer, electronic and optical products",163.3,8.0,Not specified,https://www.mospi.gov.in/uploads/latestReleases/latest_release_1790590696633_c0f8dc21-040f-4f5c-bfc1-63be2e5775d7_Indices_IIP_2022-23_Monthly_annual_Aug_2026.xlsx,2026-09-28,2026-10-09T06:00:15.558936+00:00,2022-23,NIC-2025,Output PPI,https://www.mospi.gov.in/uploads/latestReleases/latest_release_1790590696008_1b346687-0a5f-445a-83a2-28283c586094_IIP_Press_Release_August_2026.pdf,7ca3d7b8a1fa698cd0eb10cf1b4104ce43bc63573b390231a69c673a28ac015c
2025-09,27,Manufacture of electrical equipment,129.0,8.8,Not specified,https://www.mospi.gov.in/uploads/latestReleases/latest_release_1790590696633_c0f8dc21-040f-4f5c-bfc1-63be2e5775d7_Indices_IIP_2022-23_Monthly_annual_Aug_2026.xlsx,2026-09-28,2026-10-09T06:00:15.558936+00:00,2022-23,NIC-2025,Output PPI,https://www.mospi.gov.in/uploads/latestReleases/latest_release_1790590696008_1b346687-0a5f-445a-83a2-28283c586094_IIP_Press_Release_August_2026.pdf,7ca3d7b8a1fa698cd0eb10cf1b4104ce43bc63573b390231a69c673a28ac015c
2025-09,28,Manufacture of machinery and equipment n.e.c.,139.7,14.2,Not specified,https://www.mospi.gov.in/uploads/latestReleases/latest_release_1790590696633_c0f8dc21-040f-4f5c-bfc1-63be2e5775d7_Indices_IIP_2022-23_Monthly_annual_Aug_2026.xlsx,2026-09-28,2026-10-09T06:00:15.558936+00:00,2022-23,NIC-2025,Output PPI,https://www.mospi.gov.in/uploads/latestReleases/latest_release_1790590696008_1b346687-0a5f-445a-83a2-28283c586094_IIP_Press_Release_August_2026.pdf,7ca3d7b8a1fa698cd0eb10cf1b4104ce43bc63573b390231a69c673a28ac015c
2025-09,29,"Manufacture of motor vehicles, trailers and semi-trailers",123.6,9.9,Not specified,https://www.mospi.gov.in/uploads/latestReleases/latest_release_1790590696633_c0f8dc21-040f-4f5c-bfc1-63be2e5775d7_Indices_IIP_2022-23_Monthly_annual_Aug_2026.xlsx,2026-09-28,2026-10-09T06:00:15.558936+00:00,2022-23,NIC-2025,Output PPI,https://www.mospi.gov.in/uploads/latestReleases/latest_release_1790590696008_1b346687-0a5f-445a-83a2-28283c586094_IIP_Press_Release_August_2026.pdf,7ca3d7b8a1fa698cd0eb10cf1b4104ce43bc63573b390231a69c673a28ac015c
2025-09,30,Manufacture of other transport equipment,160.5,10.2,Not specified,https://www.mospi.gov.in/uploads/latestReleases/latest_release_1790590696633_c0f8dc21-040f-4f5c-bfc1-63be2e5775d7_Indices_IIP_2022-23_Monthly_annual_Aug_2026.xlsx,2026-09-28,2026-10-09T06:00:15.558936+00:00,2022-23,NIC-2025,Output PPI,https://www.mospi.gov.in/uploads/latestReleases/latest_release_1790590696008_1b346687-0a5f-445a-83a2-28283c586094_IIP_Press_Release_August_2026.pdf,7ca3d7b8a1fa698cd0eb10cf1b4104ce43bc63573b390231a69c673a28ac015c
2025-09,31,Manufacture of furniture,123.4,9.0,Not specified,https://www.mospi.gov.in/uploads/latestReleases/latest_release_1790590696633_c0f8dc21-040f-4f5c-bfc1-63be2e5775d7_Indices_IIP_2022-23_Monthly_annual_Aug_2026.xlsx,2026-09-28,2026-10-09T06:00:15.558936+00:00,2022-23,NIC-2025,Output PPI,https://www.mospi.gov.in/uploads/latestReleases/latest_release_1790590696008_1b346687-0a5f-445a-83a2-28283c586094_IIP_Press_Release_August_2026.pdf,7ca3d7b8a1fa698cd0eb10cf1b4104ce43bc63573b390231a69c673a28ac015c
2025-09,32,Other manufacturing,135.0,3.1,Not specified,https://www.mospi.gov.in/uploads/latestReleases/latest_release_1790590696633_c0f8dc21-040f-4f5c-bfc1-63be2e5775d7_Indices_IIP_2022-23_Monthly_annual_Aug_2026.xlsx,2026-09-28,2026-10-09T06:00:15.558936+00:00,2022-23,NIC-2025,Output PPI,https://www.mospi.gov.in/uploads/latestReleases/latest_release_1790590696008_1b346687-0a5f-445a-83a2-28283c586094_IIP_Press_Release_August_2026.pdf,7ca3d7b8a1fa698cd0eb10cf1b4104ce43bc63573b390231a69c673a28ac015c
2025-10,10,Manufacture of food products,98.5,-6.8,Not specified,https://www.mospi.gov.in/uploads/latestReleases/latest_release_1790590696633_c0f8dc21-040f-4f5c-bfc1-63be2e5775d7_Indices_IIP_2022-23_Monthly_annual_Aug_2026.xlsx,2026-09-28,2026-10-09T06:00:15.558936+00:00,2022-23,NIC-2025,Output PPI,https://www.mospi.gov.in/uploads/latestReleases/latest_release_1790590696008_1b346687-0a5f-445a-83a2-28283c586094_IIP_Press_Release_August_2026.pdf,7ca3d7b8a1fa698cd0eb10cf1b4104ce43bc63573b390231a69c673a28ac015c
2025-10,11,Manufacture of beverages,93.3,-9.8,Not specified,https://www.mospi.gov.in/uploads/latestReleases/latest_release_1790590696633_c0f8dc21-040f-4f5c-bfc1-63be2e5775d7_Indices_IIP_2022-23_Monthly_annual_Aug_2026.xlsx,2026-09-28,2026-10-09T06:00:15.558936+00:00,2022-23,NIC-2025,Output PPI,https://www.mospi.gov.in/uploads/latestReleases/latest_release_1790590696008_1b346687-0a5f-445a-83a2-28283c586094_IIP_Press_Release_August_2026.pdf,7ca3d7b8a1fa698cd0eb10cf1b4104ce43bc63573b390231a69c673a28ac015c
2025-10,12,Manufacture of tobacco products,105.3,-7.4,Not specified,https://www.mospi.gov.in/uploads/latestReleases/latest_release_1790590696633_c0f8dc21-040f-4f5c-bfc1-63be2e5775d7_Indices_IIP_2022-23_Monthly_annual_Aug_2026.xlsx,2026-09-28,2026-10-09T06:00:15.558936+00:00,2022-23,NIC-2025,Output PPI,https://www.mospi.gov.in/uploads/latestReleases/latest_release_1790590696008_1b346687-0a5f-445a-83a2-28283c586094_IIP_Press_Release_August_2026.pdf,7ca3d7b8a1fa698cd0eb10cf1b4104ce43bc63573b390231a69c673a28ac015c
2025-10,13,Manufacture of textiles,114.2,-4.4,Not specified,https://www.mospi.gov.in/uploads/latestReleases/latest_release_1790590696633_c0f8dc21-040f-4f5c-bfc1-63be2e5775d7_Indices_IIP_2022-23_Monthly_annual_Aug_2026.xlsx,2026-09-28,2026-10-09T06:00:15.558936+00:00,2022-23,NIC-2025,Output PPI,https://www.mospi.gov.in/uploads/latestReleases/latest_release_1790590696008_1b346687-0a5f-445a-83a2-28283c586094_IIP_Press_Release_August_2026.pdf,7ca3d7b8a1fa698cd0eb10cf1b4104ce43bc63573b390231a69c673a28ac015c
2025-10,14,Manufacture of wearing apparel,87.2,-5.4,Not specified,https://www.mospi.gov.in/uploads/latestReleases/latest_release_1790590696633_c0f8dc21-040f-4f5c-bfc1-63be2e5775d7_Indices_IIP_2022-23_Monthly_annual_Aug_2026.xlsx,2026-09-28,2026-10-09T06:00:15.558936+00:00,2022-23,NIC-2025,Output PPI,https://www.mospi.gov.in/uploads/latestReleases/latest_release_1790590696008_1b346687-0a5f-445a-83a2-28283c586094_IIP_Press_Release_August_2026.pdf,7ca3d7b8a1fa698cd0eb10cf1b4104ce43bc63573b390231a69c673a28ac015c
2025-10,15,Manufacture of leather and related products,90.7,-8.6,Not specified,https://www.mospi.gov.in/uploads/latestReleases/latest_release_1790590696633_c0f8dc21-040f-4f5c-bfc1-63be2e5775d7_Indices_IIP_2022-23_Monthly_annual_Aug_2026.xlsx,2026-09-28,2026-10-09T06:00:15.558936+00:00,2022-23,NIC-2025,Output PPI,https://www.mospi.gov.in/uploads/latestReleases/latest_release_1790590696008_1b346687-0a5f-445a-83a2-28283c586094_IIP_Press_Release_August_2026.pdf,7ca3d7b8a1fa698cd0eb10cf1b4104ce43bc63573b390231a69c673a28ac015c
2025-10,16,"Manufacture of wood and products of wood and cork, except furniture; manufacture of articles of straw and plaiting materials",101.6,3.6,Not specified,https://www.mospi.gov.in/uploads/latestReleases/latest_release_1790590696633_c0f8dc21-040f-4f5c-bfc1-63be2e5775d7_Indices_IIP_2022-23_Monthly_annual_Aug_2026.xlsx,2026-09-28,2026-10-09T06:00:15.558936+00:00,2022-23,NIC-2025,Output PPI,https://www.mospi.gov.in/uploads/latestReleases/latest_release_1790590696008_1b346687-0a5f-445a-83a2-28283c586094_IIP_Press_Release_August_2026.pdf,7ca3d7b8a1fa698cd0eb10cf1b4104ce43bc63573b390231a69c673a28ac015c
2025-10,17,Manufacture of paper and paper products,105.2,1.5,Not specified,https://www.mospi.gov.in/uploads/latestReleases/latest_release_1790590696633_c0f8dc21-040f-4f5c-bfc1-63be2e5775d7_Indices_IIP_2022-23_Monthly_annual_Aug_2026.xlsx,2026-09-28,2026-10-09T06:00:15.558936+00:00,2022-23,NIC-2025,Output PPI,https://www.mospi.gov.in/uploads/latestReleases/latest_release_1790590696008_1b346687-0a5f-445a-83a2-28283c586094_IIP_Press_Release_August_2026.pdf,7ca3d7b8a1fa698cd0eb10cf1b4104ce43bc63573b390231a69c673a28ac015c
2025-10,18,Printing and reproduction of recorded media,92.6,-1.3,Not specified,https://www.mospi.gov.in/uploads/latestReleases/latest_release_1790590696633_c0f8dc21-040f-4f5c-bfc1-63be2e5775d7_Indices_IIP_2022-23_Monthly_annual_Aug_2026.xlsx,2026-09-28,2026-10-09T06:00:15.558936+00:00,2022-23,NIC-2025,Output PPI,https://www.mospi.gov.in/uploads/latestReleases/latest_release_1790590696008_1b346687-0a5f-445a-83a2-28283c586094_IIP_Press_Release_August_2026.pdf,7ca3d7b8a1fa698cd0eb10cf1b4104ce43bc63573b390231a69c673a28ac015c
2025-10,19,Manufacture of coke and refined petroleum products,111.1,5.8,Not specified,https://www.mospi.gov.in/uploads/latestReleases/latest_release_1790590696633_c0f8dc21-040f-4f5c-bfc1-63be2e5775d7_Indices_IIP_2022-23_Monthly_annual_Aug_2026.xlsx,2026-09-28,2026-10-09T06:00:15.558936+00:00,2022-23,NIC-2025,Output PPI,https://www.mospi.gov.in/uploads/latestReleases/latest_release_1790590696008_1b346687-0a5f-445a-83a2-28283c586094_IIP_Press_Release_August_2026.pdf,7ca3d7b8a1fa698cd0eb10cf1b4104ce43bc63573b390231a69c673a28ac015c
2025-10,20,Manufacture of chemicals and chemical products,104.9,-2.7,Not specified,https://www.mospi.gov.in/uploads/latestReleases/latest_release_1790590696633_c0f8dc21-040f-4f5c-bfc1-63be2e5775d7_Indices_IIP_2022-23_Monthly_annual_Aug_2026.xlsx,2026-09-28,2026-10-09T06:00:15.558936+00:00,2022-23,NIC-2025,Output PPI,https://www.mospi.gov.in/uploads/latestReleases/latest_release_1790590696008_1b346687-0a5f-445a-83a2-28283c586094_IIP_Press_Release_August_2026.pdf,7ca3d7b8a1fa698cd0eb10cf1b4104ce43bc63573b390231a69c673a28ac015c
2025-10,21,Manufacture of basic pharmaceutical products and pharmaceutical preparations,106.4,-13.1,Not specified,https://www.mospi.gov.in/uploads/latestReleases/latest_release_1790590696633_c0f8dc21-040f-4f5c-bfc1-63be2e5775d7_Indices_IIP_2022-23_Monthly_annual_Aug_2026.xlsx,2026-09-28,2026-10-09T06:00:15.558936+00:00,2022-23,NIC-2025,Output PPI,https://www.mospi.gov.in/uploads/latestReleases/latest_release_1790590696008_1b346687-0a5f-445a-83a2-28283c586094_IIP_Press_Release_August_2026.pdf,7ca3d7b8a1fa698cd0eb10cf1b4104ce43bc63573b390231a69c673a28ac015c
2025-10,22,Manufacture of rubber and plastics products,98.3,-5.0,Not specified,https://www.mospi.gov.in/uploads/latestReleases/latest_release_1790590696633_c0f8dc21-040f-4f5c-bfc1-63be2e5775d7_Indices_IIP_2022-23_Monthly_annual_Aug_2026.xlsx,2026-09-28,2026-10-09T06:00:15.558936+00:00,2022-23,NIC-2025,Output PPI,https://www.mospi.gov.in/uploads/latestReleases/latest_release_1790590696008_1b346687-0a5f-445a-83a2-28283c586094_IIP_Press_Release_August_2026.pdf,7ca3d7b8a1fa698cd0eb10cf1b4104ce43bc63573b390231a69c673a28ac015c
2025-10,23,Manufacture of other non-metallic mineral products,109.0,2.3,Not specified,https://www.mospi.gov.in/uploads/latestReleases/latest_release_1790590696633_c0f8dc21-040f-4f5c-bfc1-63be2e5775d7_Indices_IIP_2022-23_Monthly_annual_Aug_2026.xlsx,2026-09-28,2026-10-09T06:00:15.558936+00:00,2022-23,NIC-2025,Output PPI,https://www.mospi.gov.in/uploads/latestReleases/latest_release_1790590696008_1b346687-0a5f-445a-83a2-28283c586094_IIP_Press_Release_August_2026.pdf,7ca3d7b8a1fa698cd0eb10cf1b4104ce43bc63573b390231a69c673a28ac015c
2025-10,24,Manufacture of basic metals,129.3,7.6,Not specified,https://www.mospi.gov.in/uploads/latestReleases/latest_release_1790590696633_c0f8dc21-040f-4f5c-bfc1-63be2e5775d7_Indices_IIP_2022-23_Monthly_annual_Aug_2026.xlsx,2026-09-28,2026-10-09T06:00:15.558936+00:00,2022-23,NIC-2025,Output PPI,https://www.mospi.gov.in/uploads/latestReleases/latest_release_1790590696008_1b346687-0a5f-445a-83a2-28283c586094_IIP_Press_Release_August_2026.pdf,7ca3d7b8a1fa698cd0eb10cf1b4104ce43bc63573b390231a69c673a28ac015c
2025-10,25,"Manufacture of fabricated metal products, except machinery and equipment",115.2,3.0,Not specified,https://www.mospi.gov.in/uploads/latestReleases/latest_release_1790590696633_c0f8dc21-040f-4f5c-bfc1-63be2e5775d7_Indices_IIP_2022-23_Monthly_annual_Aug_2026.xlsx,2026-09-28,2026-10-09T06:00:15.558936+00:00,2022-23,NIC-2025,Output PPI,https://www.mospi.gov.in/uploads/latestReleases/latest_release_1790590696008_1b346687-0a5f-445a-83a2-28283c586094_IIP_Press_Release_August_2026.pdf,7ca3d7b8a1fa698cd0eb10cf1b4104ce43bc63573b390231a69c673a28ac015c
2025-10,26,"Manufacture of computer, electronic and optical products",127.6,-9.4,Not specified,https://www.mospi.gov.in/uploads/latestReleases/latest_release_1790590696633_c0f8dc21-040f-4f5c-bfc1-63be2e5775d7_Indices_IIP_2022-23_Monthly_annual_Aug_2026.xlsx,2026-09-28,2026-10-09T06:00:15.558936+00:00,2022-23,NIC-2025,Output PPI,https://www.mospi.gov.in/uploads/latestReleases/latest_release_1790590696008_1b346687-0a5f-445a-83a2-28283c586094_IIP_Press_Release_August_2026.pdf,7ca3d7b8a1fa698cd0eb10cf1b4104ce43bc63573b390231a69c673a28ac015c
2025-10,27,Manufacture of electrical equipment,125.2,10.7,Not specified,https://www.mospi.gov.in/uploads/latestReleases/latest_release_1790590696633_c0f8dc21-040f-4f5c-bfc1-63be2e5775d7_Indices_IIP_2022-23_Monthly_annual_Aug_2026.xlsx,2026-09-28,2026-10-09T06:00:15.558936+00:00,2022-23,NIC-2025,Output PPI,https://www.mospi.gov.in/uploads/latestReleases/latest_release_1790590696008_1b346687-0a5f-445a-83a2-28283c586094_IIP_Press_Release_August_2026.pdf,7ca3d7b8a1fa698cd0eb10cf1b4104ce43bc63573b390231a69c673a28ac015c
2025-10,28,Manufacture of machinery and equipment n.e.c.,109.6,1.3,Not specified,https://www.mospi.gov.in/uploads/latestReleases/latest_release_1790590696633_c0f8dc21-040f-4f5c-bfc1-63be2e5775d7_Indices_IIP_2022-23_Monthly_annual_Aug_2026.xlsx,2026-09-28,2026-10-09T06:00:15.558936+00:00,2022-23,NIC-2025,Output PPI,https://www.mospi.gov.in/uploads/latestReleases/latest_release_1790590696008_1b346687-0a5f-445a-83a2-28283c586094_IIP_Press_Release_August_2026.pdf,7ca3d7b8a1fa698cd0eb10cf1b4104ce43bc63573b390231a69c673a28ac015c
2025-10,29,"Manufacture of motor vehicles, trailers and semi-trailers",122.4,3.7,Not specified,https://www.mospi.gov.in/uploads/latestReleases/latest_release_1790590696633_c0f8dc21-040f-4f5c-bfc1-63be2e5775d7_Indices_IIP_2022-23_Monthly_annual_Aug_2026.xlsx,2026-09-28,2026-10-09T06:00:15.558936+00:00,2022-23,NIC-2025,Output PPI,https://www.mospi.gov.in/uploads/latestReleases/latest_release_1790590696008_1b346687-0a5f-445a-83a2-28283c586094_IIP_Press_Release_August_2026.pdf,7ca3d7b8a1fa698cd0eb10cf1b4104ce43bc63573b390231a69c673a28ac015c
2025-10,30,Manufacture of other transport equipment,144.7,-1.6,Not specified,https://www.mospi.gov.in/uploads/latestReleases/latest_release_1790590696633_c0f8dc21-040f-4f5c-bfc1-63be2e5775d7_Indices_IIP_2022-23_Monthly_annual_Aug_2026.xlsx,2026-09-28,2026-10-09T06:00:15.558936+00:00,2022-23,NIC-2025,Output PPI,https://www.mospi.gov.in/uploads/latestReleases/latest_release_1790590696008_1b346687-0a5f-445a-83a2-28283c586094_IIP_Press_Release_August_2026.pdf,7ca3d7b8a1fa698cd0eb10cf1b4104ce43bc63573b390231a69c673a28ac015c
2025-10,31,Manufacture of furniture,117.3,-7.3,Not specified,https://www.mospi.gov.in/uploads/latestReleases/latest_release_1790590696633_c0f8dc21-040f-4f5c-bfc1-63be2e5775d7_Indices_IIP_2022-23_Monthly_annual_Aug_2026.xlsx,2026-09-28,2026-10-09T06:00:15.558936+00:00,2022-23,NIC-2025,Output PPI,https://www.mospi.gov.in/uploads/latestReleases/latest_release_1790590696008_1b346687-0a5f-445a-83a2-28283c586094_IIP_Press_Release_August_2026.pdf,7ca3d7b8a1fa698cd0eb10cf1b4104ce43bc63573b390231a69c673a28ac015c
2025-10,32,Other manufacturing,111.8,-13.6,Not specified,https://www.mospi.gov.in/uploads/latestReleases/latest_release_1790590696633_c0f8dc21-040f-4f5c-bfc1-63be2e5775d7_Indices_IIP_2022-23_Monthly_annual_Aug_2026.xlsx,2026-09-28,2026-10-09T06:00:15.558936+00:00,2022-23,NIC-2025,Output PPI,https://www.mospi.gov.in/uploads/latestReleases/latest_release_1790590696008_1b346687-0a5f-445a-83a2-28283c586094_IIP_Press_Release_August_2026.pdf,7ca3d7b8a1fa698cd0eb10cf1b4104ce43bc63573b390231a69c673a28ac015c
2025-11,10,Manufacture of food products,115.7,7.3,Not specified,https://www.mospi.gov.in/uploads/latestReleases/latest_release_1790590696633_c0f8dc21-040f-4f5c-bfc1-63be2e5775d7_Indices_IIP_2022-23_Monthly_annual_Aug_2026.xlsx,2026-09-28,2026-10-09T06:00:15.558936+00:00,2022-23,NIC-2025,Output PPI,https://www.mospi.gov.in/uploads/latestReleases/latest_release_1790590696008_1b346687-0a5f-445a-83a2-28283c586094_IIP_Press_Release_August_2026.pdf,7ca3d7b8a1fa698cd0eb10cf1b4104ce43bc63573b390231a69c673a28ac015c
2025-11,11,Manufacture of beverages,83.4,-2.8,Not specified,https://www.mospi.gov.in/uploads/latestReleases/latest_release_1790590696633_c0f8dc21-040f-4f5c-bfc1-63be2e5775d7_Indices_IIP_2022-23_Monthly_annual_Aug_2026.xlsx,2026-09-28,2026-10-09T06:00:15.558936+00:00,2022-23,NIC-2025,Output PPI,https://www.mospi.gov.in/uploads/latestReleases/latest_release_1790590696008_1b346687-0a5f-445a-83a2-28283c586094_IIP_Press_Release_August_2026.pdf,7ca3d7b8a1fa698cd0eb10cf1b4104ce43bc63573b390231a69c673a28ac015c
2025-11,12,Manufacture of tobacco products,120.7,11.7,Not specified,https://www.mospi.gov.in/uploads/latestReleases/latest_release_1790590696633_c0f8dc21-040f-4f5c-bfc1-63be2e5775d7_Indices_IIP_2022-23_Monthly_annual_Aug_2026.xlsx,2026-09-28,2026-10-09T06:00:15.558936+00:00,2022-23,NIC-2025,Output PPI,https://www.mospi.gov.in/uploads/latestReleases/latest_release_1790590696008_1b346687-0a5f-445a-83a2-28283c586094_IIP_Press_Release_August_2026.pdf,7ca3d7b8a1fa698cd0eb10cf1b4104ce43bc63573b390231a69c673a28ac015c
2025-11,13,Manufacture of textiles,122.0,10.8,Not specified,https://www.mospi.gov.in/uploads/latestReleases/latest_release_1790590696633_c0f8dc21-040f-4f5c-bfc1-63be2e5775d7_Indices_IIP_2022-23_Monthly_annual_Aug_2026.xlsx,2026-09-28,2026-10-09T06:00:15.558936+00:00,2022-23,NIC-2025,Output PPI,https://www.mospi.gov.in/uploads/latestReleases/latest_release_1790590696008_1b346687-0a5f-445a-83a2-28283c586094_IIP_Press_Release_August_2026.pdf,7ca3d7b8a1fa698cd0eb10cf1b4104ce43bc63573b390231a69c673a28ac015c
2025-11,14,Manufacture of wearing apparel,93.0,0.0,Not specified,https://www.mospi.gov.in/uploads/latestReleases/latest_release_1790590696633_c0f8dc21-040f-4f5c-bfc1-63be2e5775d7_Indices_IIP_2022-23_Monthly_annual_Aug_2026.xlsx,2026-09-28,2026-10-09T06:00:15.558936+00:00,2022-23,NIC-2025,Output PPI,https://www.mospi.gov.in/uploads/latestReleases/latest_release_1790590696008_1b346687-0a5f-445a-83a2-28283c586094_IIP_Press_Release_August_2026.pdf,7ca3d7b8a1fa698cd0eb10cf1b4104ce43bc63573b390231a69c673a28ac015c
2025-11,15,Manufacture of leather and related products,99.5,2.9,Not specified,https://www.mospi.gov.in/uploads/latestReleases/latest_release_1790590696633_c0f8dc21-040f-4f5c-bfc1-63be2e5775d7_Indices_IIP_2022-23_Monthly_annual_Aug_2026.xlsx,2026-09-28,2026-10-09T06:00:15.558936+00:00,2022-23,NIC-2025,Output PPI,https://www.mospi.gov.in/uploads/latestReleases/latest_release_1790590696008_1b346687-0a5f-445a-83a2-28283c586094_IIP_Press_Release_August_2026.pdf,7ca3d7b8a1fa698cd0eb10cf1b4104ce43bc63573b390231a69c673a28ac015c
2025-11,16,"Manufacture of wood and products of wood and cork, except furniture; manufacture of articles of straw and plaiting materials",110.0,15.5,Not specified,https://www.mospi.gov.in/uploads/latestReleases/latest_release_1790590696633_c0f8dc21-040f-4f5c-bfc1-63be2e5775d7_Indices_IIP_2022-23_Monthly_annual_Aug_2026.xlsx,2026-09-28,2026-10-09T06:00:15.558936+00:00,2022-23,NIC-2025,Output PPI,https://www.mospi.gov.in/uploads/latestReleases/latest_release_1790590696008_1b346687-0a5f-445a-83a2-28283c586094_IIP_Press_Release_August_2026.pdf,7ca3d7b8a1fa698cd0eb10cf1b4104ce43bc63573b390231a69c673a28ac015c
2025-11,17,Manufacture of paper and paper products,109.2,10.2,Not specified,https://www.mospi.gov.in/uploads/latestReleases/latest_release_1790590696633_c0f8dc21-040f-4f5c-bfc1-63be2e5775d7_Indices_IIP_2022-23_Monthly_annual_Aug_2026.xlsx,2026-09-28,2026-10-09T06:00:15.558936+00:00,2022-23,NIC-2025,Output PPI,https://www.mospi.gov.in/uploads/latestReleases/latest_release_1790590696008_1b346687-0a5f-445a-83a2-28283c586094_IIP_Press_Release_August_2026.pdf,7ca3d7b8a1fa698cd0eb10cf1b4104ce43bc63573b390231a69c673a28ac015c
2025-11,18,Printing and reproduction of recorded media,102.9,5.9,Not specified,https://www.mospi.gov.in/uploads/latestReleases/latest_release_1790590696633_c0f8dc21-040f-4f5c-bfc1-63be2e5775d7_Indices_IIP_2022-23_Monthly_annual_Aug_2026.xlsx,2026-09-28,2026-10-09T06:00:15.558936+00:00,2022-23,NIC-2025,Output PPI,https://www.mospi.gov.in/uploads/latestReleases/latest_release_1790590696008_1b346687-0a5f-445a-83a2-28283c586094_IIP_Press_Release_August_2026.pdf,7ca3d7b8a1fa698cd0eb10cf1b4104ce43bc63573b390231a69c673a28ac015c
2025-11,19,Manufacture of coke and refined petroleum products,107.4,0.4,Not specified,https://www.mospi.gov.in/uploads/latestReleases/latest_release_1790590696633_c0f8dc21-040f-4f5c-bfc1-63be2e5775d7_Indices_IIP_2022-23_Monthly_annual_Aug_2026.xlsx,2026-09-28,2026-10-09T06:00:15.558936+00:00,2022-23,NIC-2025,Output PPI,https://www.mospi.gov.in/uploads/latestReleases/latest_release_1790590696008_1b346687-0a5f-445a-83a2-28283c586094_IIP_Press_Release_August_2026.pdf,7ca3d7b8a1fa698cd0eb10cf1b4104ce43bc63573b390231a69c673a28ac015c
2025-11,20,Manufacture of chemicals and chemical products,108.3,4.5,Not specified,https://www.mospi.gov.in/uploads/latestReleases/latest_release_1790590696633_c0f8dc21-040f-4f5c-bfc1-63be2e5775d7_Indices_IIP_2022-23_Monthly_annual_Aug_2026.xlsx,2026-09-28,2026-10-09T06:00:15.558936+00:00,2022-23,NIC-2025,Output PPI,https://www.mospi.gov.in/uploads/latestReleases/latest_release_1790590696008_1b346687-0a5f-445a-83a2-28283c586094_IIP_Press_Release_August_2026.pdf,7ca3d7b8a1fa698cd0eb10cf1b4104ce43bc63573b390231a69c673a28ac015c
2025-11,21,Manufacture of basic pharmaceutical products and pharmaceutical preparations,115.2,0.8,Not specified,https://www.mospi.gov.in/uploads/latestReleases/latest_release_1790590696633_c0f8dc21-040f-4f5c-bfc1-63be2e5775d7_Indices_IIP_2022-23_Monthly_annual_Aug_2026.xlsx,2026-09-28,2026-10-09T06:00:15.558936+00:00,2022-23,NIC-2025,Output PPI,https://www.mospi.gov.in/uploads/latestReleases/latest_release_1790590696008_1b346687-0a5f-445a-83a2-28283c586094_IIP_Press_Release_August_2026.pdf,7ca3d7b8a1fa698cd0eb10cf1b4104ce43bc63573b390231a69c673a28ac015c
2025-11,22,Manufacture of rubber and plastics products,103.8,5.7,Not specified,https://www.mospi.gov.in/uploads/latestReleases/latest_release_1790590696633_c0f8dc21-040f-4f5c-bfc1-63be2e5775d7_Indices_IIP_2022-23_Monthly_annual_Aug_2026.xlsx,2026-09-28,2026-10-09T06:00:15.558936+00:00,2022-23,NIC-2025,Output PPI,https://www.mospi.gov.in/uploads/latestReleases/latest_release_1790590696008_1b346687-0a5f-445a-83a2-28283c586094_IIP_Press_Release_August_2026.pdf,7ca3d7b8a1fa698cd0eb10cf1b4104ce43bc63573b390231a69c673a28ac015c
2025-11,23,Manufacture of other non-metallic mineral products,111.9,10.1,Not specified,https://www.mospi.gov.in/uploads/latestReleases/latest_release_1790590696633_c0f8dc21-040f-4f5c-bfc1-63be2e5775d7_Indices_IIP_2022-23_Monthly_annual_Aug_2026.xlsx,2026-09-28,2026-10-09T06:00:15.558936+00:00,2022-23,NIC-2025,Output PPI,https://www.mospi.gov.in/uploads/latestReleases/latest_release_1790590696008_1b346687-0a5f-445a-83a2-28283c586094_IIP_Press_Release_August_2026.pdf,7ca3d7b8a1fa698cd0eb10cf1b4104ce43bc63573b390231a69c673a28ac015c
2025-11,24,Manufacture of basic metals,129.4,10.6,Not specified,https://www.mospi.gov.in/uploads/latestReleases/latest_release_1790590696633_c0f8dc21-040f-4f5c-bfc1-63be2e5775d7_Indices_IIP_2022-23_Monthly_annual_Aug_2026.xlsx,2026-09-28,2026-10-09T06:00:15.558936+00:00,2022-23,NIC-2025,Output PPI,https://www.mospi.gov.in/uploads/latestReleases/latest_release_1790590696008_1b346687-0a5f-445a-83a2-28283c586094_IIP_Press_Release_August_2026.pdf,7ca3d7b8a1fa698cd0eb10cf1b4104ce43bc63573b390231a69c673a28ac015c
2025-11,25,"Manufacture of fabricated metal products, except machinery and equipment",124.9,11.5,Not specified,https://www.mospi.gov.in/uploads/latestReleases/latest_release_1790590696633_c0f8dc21-040f-4f5c-bfc1-63be2e5775d7_Indices_IIP_2022-23_Monthly_annual_Aug_2026.xlsx,2026-09-28,2026-10-09T06:00:15.558936+00:00,2022-23,NIC-2025,Output PPI,https://www.mospi.gov.in/uploads/latestReleases/latest_release_1790590696008_1b346687-0a5f-445a-83a2-28283c586094_IIP_Press_Release_August_2026.pdf,7ca3d7b8a1fa698cd0eb10cf1b4104ce43bc63573b390231a69c673a28ac015c
2025-11,26,"Manufacture of computer, electronic and optical products",132.9,7.2,Not specified,https://www.mospi.gov.in/uploads/latestReleases/latest_release_1790590696633_c0f8dc21-040f-4f5c-bfc1-63be2e5775d7_Indices_IIP_2022-23_Monthly_annual_Aug_2026.xlsx,2026-09-28,2026-10-09T06:00:15.558936+00:00,2022-23,NIC-2025,Output PPI,https://www.mospi.gov.in/uploads/latestReleases/latest_release_1790590696008_1b346687-0a5f-445a-83a2-28283c586094_IIP_Press_Release_August_2026.pdf,7ca3d7b8a1fa698cd0eb10cf1b4104ce43bc63573b390231a69c673a28ac015c
2025-11,27,Manufacture of electrical equipment,130.6,22.3,Not specified,https://www.mospi.gov.in/uploads/latestReleases/latest_release_1790590696633_c0f8dc21-040f-4f5c-bfc1-63be2e5775d7_Indices_IIP_2022-23_Monthly_annual_Aug_2026.xlsx,2026-09-28,2026-10-09T06:00:15.558936+00:00,2022-23,NIC-2025,Output PPI,https://www.mospi.gov.in/uploads/latestReleases/latest_release_1790590696008_1b346687-0a5f-445a-83a2-28283c586094_IIP_Press_Release_August_2026.pdf,7ca3d7b8a1fa698cd0eb10cf1b4104ce43bc63573b390231a69c673a28ac015c
2025-11,28,Manufacture of machinery and equipment n.e.c.,116.8,10.4,Not specified,https://www.mospi.gov.in/uploads/latestReleases/latest_release_1790590696633_c0f8dc21-040f-4f5c-bfc1-63be2e5775d7_Indices_IIP_2022-23_Monthly_annual_Aug_2026.xlsx,2026-09-28,2026-10-09T06:00:15.558936+00:00,2022-23,NIC-2025,Output PPI,https://www.mospi.gov.in/uploads/latestReleases/latest_release_1790590696008_1b346687-0a5f-445a-83a2-28283c586094_IIP_Press_Release_August_2026.pdf,7ca3d7b8a1fa698cd0eb10cf1b4104ce43bc63573b390231a69c673a28ac015c
2025-11,29,"Manufacture of motor vehicles, trailers and semi-trailers",128.7,18.6,Not specified,https://www.mospi.gov.in/uploads/latestReleases/latest_release_1790590696633_c0f8dc21-040f-4f5c-bfc1-63be2e5775d7_Indices_IIP_2022-23_Monthly_annual_Aug_2026.xlsx,2026-09-28,2026-10-09T06:00:15.558936+00:00,2022-23,NIC-2025,Output PPI,https://www.mospi.gov.in/uploads/latestReleases/latest_release_1790590696008_1b346687-0a5f-445a-83a2-28283c586094_IIP_Press_Release_August_2026.pdf,7ca3d7b8a1fa698cd0eb10cf1b4104ce43bc63573b390231a69c673a28ac015c
2025-11,30,Manufacture of other transport equipment,150.6,15.2,Not specified,https://www.mospi.gov.in/uploads/latestReleases/latest_release_1790590696633_c0f8dc21-040f-4f5c-bfc1-63be2e5775d7_Indices_IIP_2022-23_Monthly_annual_Aug_2026.xlsx,2026-09-28,2026-10-09T06:00:15.558936+00:00,2022-23,NIC-2025,Output PPI,https://www.mospi.gov.in/uploads/latestReleases/latest_release_1790590696008_1b346687-0a5f-445a-83a2-28283c586094_IIP_Press_Release_August_2026.pdf,7ca3d7b8a1fa698cd0eb10cf1b4104ce43bc63573b390231a69c673a28ac015c
2025-11,31,Manufacture of furniture,115.2,14.5,Not specified,https://www.mospi.gov.in/uploads/latestReleases/latest_release_1790590696633_c0f8dc21-040f-4f5c-bfc1-63be2e5775d7_Indices_IIP_2022-23_Monthly_annual_Aug_2026.xlsx,2026-09-28,2026-10-09T06:00:15.558936+00:00,2022-23,NIC-2025,Output PPI,https://www.mospi.gov.in/uploads/latestReleases/latest_release_1790590696008_1b346687-0a5f-445a-83a2-28283c586094_IIP_Press_Release_August_2026.pdf,7ca3d7b8a1fa698cd0eb10cf1b4104ce43bc63573b390231a69c673a28ac015c
2025-11,32,Other manufacturing,107.2,26.1,Not specified,https://www.mospi.gov.in/uploads/latestReleases/latest_release_1790590696633_c0f8dc21-040f-4f5c-bfc1-63be2e5775d7_Indices_IIP_2022-23_Monthly_annual_Aug_2026.xlsx,2026-09-28,2026-10-09T06:00:15.558936+00:00,2022-23,NIC-2025,Output PPI,https://www.mospi.gov.in/uploads/latestReleases/latest_release_1790590696008_1b346687-0a5f-445a-83a2-28283c586094_IIP_Press_Release_August_2026.pdf,7ca3d7b8a1fa698cd0eb10cf1b4104ce43bc63573b390231a69c673a28ac015c
2025-12,10,Manufacture of food products,126.2,10.4,Not specified,https://www.mospi.gov.in/uploads/latestReleases/latest_release_1790590696633_c0f8dc21-040f-4f5c-bfc1-63be2e5775d7_Indices_IIP_2022-23_Monthly_annual_Aug_2026.xlsx,2026-09-28,2026-10-09T06:00:15.558936+00:00,2022-23,NIC-2025,Output PPI,https://www.mospi.gov.in/uploads/latestReleases/latest_release_1790590696008_1b346687-0a5f-445a-83a2-28283c586094_IIP_Press_Release_August_2026.pdf,7ca3d7b8a1fa698cd0eb10cf1b4104ce43bc63573b390231a69c673a28ac015c
2025-12,11,Manufacture of beverages,71.8,-2.8,Not specified,https://www.mospi.gov.in/uploads/latestReleases/latest_release_1790590696633_c0f8dc21-040f-4f5c-bfc1-63be2e5775d7_Indices_IIP_2022-23_Monthly_annual_Aug_2026.xlsx,2026-09-28,2026-10-09T06:00:15.558936+00:00,2022-23,NIC-2025,Output PPI,https://www.mospi.gov.in/uploads/latestReleases/latest_release_1790590696008_1b346687-0a5f-445a-83a2-28283c586094_IIP_Press_Release_August_2026.pdf,7ca3d7b8a1fa698cd0eb10cf1b4104ce43bc63573b390231a69c673a28ac015c
2025-12,12,Manufacture of tobacco products,141.2,19.3,Not specified,https://www.mospi.gov.in/uploads/latestReleases/latest_release_1790590696633_c0f8dc21-040f-4f5c-bfc1-63be2e5775d7_Indices_IIP_2022-23_Monthly_annual_Aug_2026.xlsx,2026-09-28,2026-10-09T06:00:15.558936+00:00,2022-23,NIC-2025,Output PPI,https://www.mospi.gov.in/uploads/latestReleases/latest_release_1790590696008_1b346687-0a5f-445a-83a2-28283c586094_IIP_Press_Release_August_2026.pdf,7ca3d7b8a1fa698cd0eb10cf1b4104ce43bc63573b390231a69c673a28ac015c
2025-12,13,Manufacture of textiles,128.7,4.0,Not specified,https://www.mospi.gov.in/uploads/latestReleases/latest_release_1790590696633_c0f8dc21-040f-4f5c-bfc1-63be2e5775d7_Indices_IIP_2022-23_Monthly_annual_Aug_2026.xlsx,2026-09-28,2026-10-09T06:00:15.558936+00:00,2022-23,NIC-2025,Output PPI,https://www.mospi.gov.in/uploads/latestReleases/latest_release_1790590696008_1b346687-0a5f-445a-83a2-28283c586094_IIP_Press_Release_August_2026.pdf,7ca3d7b8a1fa698cd0eb10cf1b4104ce43bc63573b390231a69c673a28ac015c
2025-12,14,Manufacture of wearing apparel,109.3,1.9,Not specified,https://www.mospi.gov.in/uploads/latestReleases/latest_release_1790590696633_c0f8dc21-040f-4f5c-bfc1-63be2e5775d7_Indices_IIP_2022-23_Monthly_annual_Aug_2026.xlsx,2026-09-28,2026-10-09T06:00:15.558936+00:00,2022-23,NIC-2025,Output PPI,https://www.mospi.gov.in/uploads/latestReleases/latest_release_1790590696008_1b346687-0a5f-445a-83a2-28283c586094_IIP_Press_Release_August_2026.pdf,7ca3d7b8a1fa698cd0eb10cf1b4104ce43bc63573b390231a69c673a28ac015c
2025-12,15,Manufacture of leather and related products,108.3,2.2,Not specified,https://www.mospi.gov.in/uploads/latestReleases/latest_release_1790590696633_c0f8dc21-040f-4f5c-bfc1-63be2e5775d7_Indices_IIP_2022-23_Monthly_annual_Aug_2026.xlsx,2026-09-28,2026-10-09T06:00:15.558936+00:00,2022-23,NIC-2025,Output PPI,https://www.mospi.gov.in/uploads/latestReleases/latest_release_1790590696008_1b346687-0a5f-445a-83a2-28283c586094_IIP_Press_Release_August_2026.pdf,7ca3d7b8a1fa698cd0eb10cf1b4104ce43bc63573b390231a69c673a28ac015c
2025-12,16,"Manufacture of wood and products of wood and cork, except furniture; manufacture of articles of straw and plaiting materials",126.5,10.0,Not specified,https://www.mospi.gov.in/uploads/latestReleases/latest_release_1790590696633_c0f8dc21-040f-4f5c-bfc1-63be2e5775d7_Indices_IIP_2022-23_Monthly_annual_Aug_2026.xlsx,2026-09-28,2026-10-09T06:00:15.558936+00:00,2022-23,NIC-2025,Output PPI,https://www.mospi.gov.in/uploads/latestReleases/latest_release_1790590696008_1b346687-0a5f-445a-83a2-28283c586094_IIP_Press_Release_August_2026.pdf,7ca3d7b8a1fa698cd0eb10cf1b4104ce43bc63573b390231a69c673a28ac015c
2025-12,17,Manufacture of paper and paper products,114.2,11.7,Not specified,https://www.mospi.gov.in/uploads/latestReleases/latest_release_1790590696633_c0f8dc21-040f-4f5c-bfc1-63be2e5775d7_Indices_IIP_2022-23_Monthly_annual_Aug_2026.xlsx,2026-09-28,2026-10-09T06:00:15.558936+00:00,2022-23,NIC-2025,Output PPI,https://www.mospi.gov.in/uploads/latestReleases/latest_release_1790590696008_1b346687-0a5f-445a-83a2-28283c586094_IIP_Press_Release_August_2026.pdf,7ca3d7b8a1fa698cd0eb10cf1b4104ce43bc63573b390231a69c673a28ac015c
2025-12,18,Printing and reproduction of recorded media,109.7,0.9,Not specified,https://www.mospi.gov.in/uploads/latestReleases/latest_release_1790590696633_c0f8dc21-040f-4f5c-bfc1-63be2e5775d7_Indices_IIP_2022-23_Monthly_annual_Aug_2026.xlsx,2026-09-28,2026-10-09T06:00:15.558936+00:00,2022-23,NIC-2025,Output PPI,https://www.mospi.gov.in/uploads/latestReleases/latest_release_1790590696008_1b346687-0a5f-445a-83a2-28283c586094_IIP_Press_Release_August_2026.pdf,7ca3d7b8a1fa698cd0eb10cf1b4104ce43bc63573b390231a69c673a28ac015c
2025-12,19,Manufacture of coke and refined petroleum products,115.8,-0.4,Not specified,https://www.mospi.gov.in/uploads/latestReleases/latest_release_1790590696633_c0f8dc21-040f-4f5c-bfc1-63be2e5775d7_Indices_IIP_2022-23_Monthly_annual_Aug_2026.xlsx,2026-09-28,2026-10-09T06:00:15.558936+00:00,2022-23,NIC-2025,Output PPI,https://www.mospi.gov.in/uploads/latestReleases/latest_release_1790590696008_1b346687-0a5f-445a-83a2-28283c586094_IIP_Press_Release_August_2026.pdf,7ca3d7b8a1fa698cd0eb10cf1b4104ce43bc63573b390231a69c673a28ac015c
2025-12,20,Manufacture of chemicals and chemical products,113.4,1.4,Not specified,https://www.mospi.gov.in/uploads/latestReleases/latest_release_1790590696633_c0f8dc21-040f-4f5c-bfc1-63be2e5775d7_Indices_IIP_2022-23_Monthly_annual_Aug_2026.xlsx,2026-09-28,2026-10-09T06:00:15.558936+00:00,2022-23,NIC-2025,Output PPI,https://www.mospi.gov.in/uploads/latestReleases/latest_release_1790590696008_1b346687-0a5f-445a-83a2-28283c586094_IIP_Press_Release_August_2026.pdf,7ca3d7b8a1fa698cd0eb10cf1b4104ce43bc63573b390231a69c673a28ac015c
2025-12,21,Manufacture of basic pharmaceutical products and pharmaceutical preparations,133.1,4.1,Not specified,https://www.mospi.gov.in/uploads/latestReleases/latest_release_1790590696633_c0f8dc21-040f-4f5c-bfc1-63be2e5775d7_Indices_IIP_2022-23_Monthly_annual_Aug_2026.xlsx,2026-09-28,2026-10-09T06:00:15.558936+00:00,2022-23,NIC-2025,Output PPI,https://www.mospi.gov.in/uploads/latestReleases/latest_release_1790590696008_1b346687-0a5f-445a-83a2-28283c586094_IIP_Press_Release_August_2026.pdf,7ca3d7b8a1fa698cd0eb10cf1b4104ce43bc63573b390231a69c673a28ac015c
2025-12,22,Manufacture of rubber and plastics products,108.1,1.1,Not specified,https://www.mospi.gov.in/uploads/latestReleases/latest_release_1790590696633_c0f8dc21-040f-4f5c-bfc1-63be2e5775d7_Indices_IIP_2022-23_Monthly_annual_Aug_2026.xlsx,2026-09-28,2026-10-09T06:00:15.558936+00:00,2022-23,NIC-2025,Output PPI,https://www.mospi.gov.in/uploads/latestReleases/latest_release_1790590696008_1b346687-0a5f-445a-83a2-28283c586094_IIP_Press_Release_August_2026.pdf,7ca3d7b8a1fa698cd0eb10cf1b4104ce43bc63573b390231a69c673a28ac015c
2025-12,23,Manufacture of other non-metallic mineral products,128.2,10.9,Not specified,https://www.mospi.gov.in/uploads/latestReleases/latest_release_1790590696633_c0f8dc21-040f-4f5c-bfc1-63be2e5775d7_Indices_IIP_2022-23_Monthly_annual_Aug_2026.xlsx,2026-09-28,2026-10-09T06:00:15.558936+00:00,2022-23,NIC-2025,Output PPI,https://www.mospi.gov.in/uploads/latestReleases/latest_release_1790590696008_1b346687-0a5f-445a-83a2-28283c586094_IIP_Press_Release_August_2026.pdf,7ca3d7b8a1fa698cd0eb10cf1b4104ce43bc63573b390231a69c673a28ac015c
2025-12,24,Manufacture of basic metals,139.3,11.8,Not specified,https://www.mospi.gov.in/uploads/latestReleases/latest_release_1790590696633_c0f8dc21-040f-4f5c-bfc1-63be2e5775d7_Indices_IIP_2022-23_Monthly_annual_Aug_2026.xlsx,2026-09-28,2026-10-09T06:00:15.558936+00:00,2022-23,NIC-2025,Output PPI,https://www.mospi.gov.in/uploads/latestReleases/latest_release_1790590696008_1b346687-0a5f-445a-83a2-28283c586094_IIP_Press_Release_August_2026.pdf,7ca3d7b8a1fa698cd0eb10cf1b4104ce43bc63573b390231a69c673a28ac015c
2025-12,25,"Manufacture of fabricated metal products, except machinery and equipment",137.8,12.1,Not specified,https://www.mospi.gov.in/uploads/latestReleases/latest_release_1790590696633_c0f8dc21-040f-4f5c-bfc1-63be2e5775d7_Indices_IIP_2022-23_Monthly_annual_Aug_2026.xlsx,2026-09-28,2026-10-09T06:00:15.558936+00:00,2022-23,NIC-2025,Output PPI,https://www.mospi.gov.in/uploads/latestReleases/latest_release_1790590696008_1b346687-0a5f-445a-83a2-28283c586094_IIP_Press_Release_August_2026.pdf,7ca3d7b8a1fa698cd0eb10cf1b4104ce43bc63573b390231a69c673a28ac015c
2025-12,26,"Manufacture of computer, electronic and optical products",139.1,7.6,Not specified,https://www.mospi.gov.in/uploads/latestReleases/latest_release_1790590696633_c0f8dc21-040f-4f5c-bfc1-63be2e5775d7_Indices_IIP_2022-23_Monthly_annual_Aug_2026.xlsx,2026-09-28,2026-10-09T06:00:15.558936+00:00,2022-23,NIC-2025,Output PPI,https://www.mospi.gov.in/uploads/latestReleases/latest_release_1790590696008_1b346687-0a5f-445a-83a2-28283c586094_IIP_Press_Release_August_2026.pdf,7ca3d7b8a1fa698cd0eb10cf1b4104ce43bc63573b390231a69c673a28ac015c
2025-12,27,Manufacture of electrical equipment,149.9,25.9,Not specified,https://www.mospi.gov.in/uploads/latestReleases/latest_release_1790590696633_c0f8dc21-040f-4f5c-bfc1-63be2e5775d7_Indices_IIP_2022-23_Monthly_annual_Aug_2026.xlsx,2026-09-28,2026-10-09T06:00:15.558936+00:00,2022-23,NIC-2025,Output PPI,https://www.mospi.gov.in/uploads/latestReleases/latest_release_1790590696008_1b346687-0a5f-445a-83a2-28283c586094_IIP_Press_Release_August_2026.pdf,7ca3d7b8a1fa698cd0eb10cf1b4104ce43bc63573b390231a69c673a28ac015c
2025-12,28,Manufacture of machinery and equipment n.e.c.,129.3,5.2,Not specified,https://www.mospi.gov.in/uploads/latestReleases/latest_release_1790590696633_c0f8dc21-040f-4f5c-bfc1-63be2e5775d7_Indices_IIP_2022-23_Monthly_annual_Aug_2026.xlsx,2026-09-28,2026-10-09T06:00:15.558936+00:00,2022-23,NIC-2025,Output PPI,https://www.mospi.gov.in/uploads/latestReleases/latest_release_1790590696008_1b346687-0a5f-445a-83a2-28283c586094_IIP_Press_Release_August_2026.pdf,7ca3d7b8a1fa698cd0eb10cf1b4104ce43bc63573b390231a69c673a28ac015c
2025-12,29,"Manufacture of motor vehicles, trailers and semi-trailers",125.1,13.3,Not specified,https://www.mospi.gov.in/uploads/latestReleases/latest_release_1790590696633_c0f8dc21-040f-4f5c-bfc1-63be2e5775d7_Indices_IIP_2022-23_Monthly_annual_Aug_2026.xlsx,2026-09-28,2026-10-09T06:00:15.558936+00:00,2022-23,NIC-2025,Output PPI,https://www.mospi.gov.in/uploads/latestReleases/latest_release_1790590696008_1b346687-0a5f-445a-83a2-28283c586094_IIP_Press_Release_August_2026.pdf,7ca3d7b8a1fa698cd0eb10cf1b4104ce43bc63573b390231a69c673a28ac015c
2025-12,30,Manufacture of other transport equipment,141.6,25.3,Not specified,https://www.mospi.gov.in/uploads/latestReleases/latest_release_1790590696633_c0f8dc21-040f-4f5c-bfc1-63be2e5775d7_Indices_IIP_2022-23_Monthly_annual_Aug_2026.xlsx,2026-09-28,2026-10-09T06:00:15.558936+00:00,2022-23,NIC-2025,Output PPI,https://www.mospi.gov.in/uploads/latestReleases/latest_release_1790590696008_1b346687-0a5f-445a-83a2-28283c586094_IIP_Press_Release_August_2026.pdf,7ca3d7b8a1fa698cd0eb10cf1b4104ce43bc63573b390231a69c673a28ac015c
2025-12,31,Manufacture of furniture,125.0,13.0,Not specified,https://www.mospi.gov.in/uploads/latestReleases/latest_release_1790590696633_c0f8dc21-040f-4f5c-bfc1-63be2e5775d7_Indices_IIP_2022-23_Monthly_annual_Aug_2026.xlsx,2026-09-28,2026-10-09T06:00:15.558936+00:00,2022-23,NIC-2025,Output PPI,https://www.mospi.gov.in/uploads/latestReleases/latest_release_1790590696008_1b346687-0a5f-445a-83a2-28283c586094_IIP_Press_Release_August_2026.pdf,7ca3d7b8a1fa698cd0eb10cf1b4104ce43bc63573b390231a69c673a28ac015c
2025-12,32,Other manufacturing,105.7,-1.8,Not specified,https://www.mospi.gov.in/uploads/latestReleases/latest_release_1790590696633_c0f8dc21-040f-4f5c-bfc1-63be2e5775d7_Indices_IIP_2022-23_Monthly_annual_Aug_2026.xlsx,2026-09-28,2026-10-09T06:00:15.558936+00:00,2022-23,NIC-2025,Output PPI,https://www.mospi.gov.in/uploads/latestReleases/latest_release_1790590696008_1b346687-0a5f-445a-83a2-28283c586094_IIP_Press_Release_August_2026.pdf,7ca3d7b8a1fa698cd0eb10cf1b4104ce43bc63573b390231a69c673a28ac015c
2026-01,10,Manufacture of food products,117.9,4.2,Not specified,https://www.mospi.gov.in/uploads/latestReleases/latest_release_1790590696633_c0f8dc21-040f-4f5c-bfc1-63be2e5775d7_Indices_IIP_2022-23_Monthly_annual_Aug_2026.xlsx,2026-09-28,2026-10-09T06:00:15.558936+00:00,2022-23,NIC-2025,Output PPI,https://www.mospi.gov.in/uploads/latestReleases/latest_release_1790590696008_1b346687-0a5f-445a-83a2-28283c586094_IIP_Press_Release_August_2026.pdf,7ca3d7b8a1fa698cd0eb10cf1b4104ce43bc63573b390231a69c673a28ac015c
2026-01,11,Manufacture of beverages,110.3,-3.5,Not specified,https://www.mospi.gov.in/uploads/latestReleases/latest_release_1790590696633_c0f8dc21-040f-4f5c-bfc1-63be2e5775d7_Indices_IIP_2022-23_Monthly_annual_Aug_2026.xlsx,2026-09-28,2026-10-09T06:00:15.558936+00:00,2022-23,NIC-2025,Output PPI,https://www.mospi.gov.in/uploads/latestReleases/latest_release_1790590696008_1b346687-0a5f-445a-83a2-28283c586094_IIP_Press_Release_August_2026.pdf,7ca3d7b8a1fa698cd0eb10cf1b4104ce43bc63573b390231a69c673a28ac015c
2026-01,12,Manufacture of tobacco products,139.8,15.1,Not specified,https://www.mospi.gov.in/uploads/latestReleases/latest_release_1790590696633_c0f8dc21-040f-4f5c-bfc1-63be2e5775d7_Indices_IIP_2022-23_Monthly_annual_Aug_2026.xlsx,2026-09-28,2026-10-09T06:00:15.558936+00:00,2022-23,NIC-2025,Output PPI,https://www.mospi.gov.in/uploads/latestReleases/latest_release_1790590696008_1b346687-0a5f-445a-83a2-28283c586094_IIP_Press_Release_August_2026.pdf,7ca3d7b8a1fa698cd0eb10cf1b4104ce43bc63573b390231a69c673a28ac015c
2026-01,13,Manufacture of textiles,121.4,-0.2,Not specified,https://www.mospi.gov.in/uploads/latestReleases/latest_release_1790590696633_c0f8dc21-040f-4f5c-bfc1-63be2e5775d7_Indices_IIP_2022-23_Monthly_annual_Aug_2026.xlsx,2026-09-28,2026-10-09T06:00:15.558936+00:00,2022-23,NIC-2025,Output PPI,https://www.mospi.gov.in/uploads/latestReleases/latest_release_1790590696008_1b346687-0a5f-445a-83a2-28283c586094_IIP_Press_Release_August_2026.pdf,7ca3d7b8a1fa698cd0eb10cf1b4104ce43bc63573b390231a69c673a28ac015c
2026-01,14,Manufacture of wearing apparel,99.9,-8.3,Not specified,https://www.mospi.gov.in/uploads/latestReleases/latest_release_1790590696633_c0f8dc21-040f-4f5c-bfc1-63be2e5775d7_Indices_IIP_2022-23_Monthly_annual_Aug_2026.xlsx,2026-09-28,2026-10-09T06:00:15.558936+00:00,2022-23,NIC-2025,Output PPI,https://www.mospi.gov.in/uploads/latestReleases/latest_release_1790590696008_1b346687-0a5f-445a-83a2-28283c586094_IIP_Press_Release_August_2026.pdf,7ca3d7b8a1fa698cd0eb10cf1b4104ce43bc63573b390231a69c673a28ac015c
2026-01,15,Manufacture of leather and related products,103.5,-5.6,Not specified,https://www.mospi.gov.in/uploads/latestReleases/latest_release_1790590696633_c0f8dc21-040f-4f5c-bfc1-63be2e5775d7_Indices_IIP_2022-23_Monthly_annual_Aug_2026.xlsx,2026-09-28,2026-10-09T06:00:15.558936+00:00,2022-23,NIC-2025,Output PPI,https://www.mospi.gov.in/uploads/latestReleases/latest_release_1790590696008_1b346687-0a5f-445a-83a2-28283c586094_IIP_Press_Release_August_2026.pdf,7ca3d7b8a1fa698cd0eb10cf1b4104ce43bc63573b390231a69c673a28ac015c
2026-01,16,"Manufacture of wood and products of wood and cork, except furniture; manufacture of articles of straw and plaiting materials",119.8,-1.6,Not specified,https://www.mospi.gov.in/uploads/latestReleases/latest_release_1790590696633_c0f8dc21-040f-4f5c-bfc1-63be2e5775d7_Indices_IIP_2022-23_Monthly_annual_Aug_2026.xlsx,2026-09-28,2026-10-09T06:00:15.558936+00:00,2022-23,NIC-2025,Output PPI,https://www.mospi.gov.in/uploads/latestReleases/latest_release_1790590696008_1b346687-0a5f-445a-83a2-28283c586094_IIP_Press_Release_August_2026.pdf,7ca3d7b8a1fa698cd0eb10cf1b4104ce43bc63573b390231a69c673a28ac015c
2026-01,17,Manufacture of paper and paper products,111.3,7.1,Not specified,https://www.mospi.gov.in/uploads/latestReleases/latest_release_1790590696633_c0f8dc21-040f-4f5c-bfc1-63be2e5775d7_Indices_IIP_2022-23_Monthly_annual_Aug_2026.xlsx,2026-09-28,2026-10-09T06:00:15.558936+00:00,2022-23,NIC-2025,Output PPI,https://www.mospi.gov.in/uploads/latestReleases/latest_release_1790590696008_1b346687-0a5f-445a-83a2-28283c586094_IIP_Press_Release_August_2026.pdf,7ca3d7b8a1fa698cd0eb10cf1b4104ce43bc63573b390231a69c673a28ac015c
2026-01,18,Printing and reproduction of recorded media,105.9,-5.4,Not specified,https://www.mospi.gov.in/uploads/latestReleases/latest_release_1790590696633_c0f8dc21-040f-4f5c-bfc1-63be2e5775d7_Indices_IIP_2022-23_Monthly_annual_Aug_2026.xlsx,2026-09-28,2026-10-09T06:00:15.558936+00:00,2022-23,NIC-2025,Output PPI,https://www.mospi.gov.in/uploads/latestReleases/latest_release_1790590696008_1b346687-0a5f-445a-83a2-28283c586094_IIP_Press_Release_August_2026.pdf,7ca3d7b8a1fa698cd0eb10cf1b4104ce43bc63573b390231a69c673a28ac015c
2026-01,19,Manufacture of coke and refined petroleum products,114.3,-0.3,Not specified,https://www.mospi.gov.in/uploads/latestReleases/latest_release_1790590696633_c0f8dc21-040f-4f5c-bfc1-63be2e5775d7_Indices_IIP_2022-23_Monthly_annual_Aug_2026.xlsx,2026-09-28,2026-10-09T06:00:15.558936+00:00,2022-23,NIC-2025,Output PPI,https://www.mospi.gov.in/uploads/latestReleases/latest_release_1790590696008_1b346687-0a5f-445a-83a2-28283c586094_IIP_Press_Release_August_2026.pdf,7ca3d7b8a1fa698cd0eb10cf1b4104ce43bc63573b390231a69c673a28ac015c
2026-01,20,Manufacture of chemicals and chemical products,111.7,-0.5,Not specified,https://www.mospi.gov.in/uploads/latestReleases/latest_release_1790590696633_c0f8dc21-040f-4f5c-bfc1-63be2e5775d7_Indices_IIP_2022-23_Monthly_annual_Aug_2026.xlsx,2026-09-28,2026-10-09T06:00:15.558936+00:00,2022-23,NIC-2025,Output PPI,https://www.mospi.gov.in/uploads/latestReleases/latest_release_1790590696008_1b346687-0a5f-445a-83a2-28283c586094_IIP_Press_Release_August_2026.pdf,7ca3d7b8a1fa698cd0eb10cf1b4104ce43bc63573b390231a69c673a28ac015c
2026-01,21,Manufacture of basic pharmaceutical products and pharmaceutical preparations,114.6,-6.8,Not specified,https://www.mospi.gov.in/uploads/latestReleases/latest_release_1790590696633_c0f8dc21-040f-4f5c-bfc1-63be2e5775d7_Indices_IIP_2022-23_Monthly_annual_Aug_2026.xlsx,2026-09-28,2026-10-09T06:00:15.558936+00:00,2022-23,NIC-2025,Output PPI,https://www.mospi.gov.in/uploads/latestReleases/latest_release_1790590696008_1b346687-0a5f-445a-83a2-28283c586094_IIP_Press_Release_August_2026.pdf,7ca3d7b8a1fa698cd0eb10cf1b4104ce43bc63573b390231a69c673a28ac015c
2026-01,22,Manufacture of rubber and plastics products,108.5,1.0,Not specified,https://www.mospi.gov.in/uploads/latestReleases/latest_release_1790590696633_c0f8dc21-040f-4f5c-bfc1-63be2e5775d7_Indices_IIP_2022-23_Monthly_annual_Aug_2026.xlsx,2026-09-28,2026-10-09T06:00:15.558936+00:00,2022-23,NIC-2025,Output PPI,https://www.mospi.gov.in/uploads/latestReleases/latest_release_1790590696008_1b346687-0a5f-445a-83a2-28283c586094_IIP_Press_Release_August_2026.pdf,7ca3d7b8a1fa698cd0eb10cf1b4104ce43bc63573b390231a69c673a28ac015c
2026-01,23,Manufacture of other non-metallic mineral products,126.9,7.8,Not specified,https://www.mospi.gov.in/uploads/latestReleases/latest_release_1790590696633_c0f8dc21-040f-4f5c-bfc1-63be2e5775d7_Indices_IIP_2022-23_Monthly_annual_Aug_2026.xlsx,2026-09-28,2026-10-09T06:00:15.558936+00:00,2022-23,NIC-2025,Output PPI,https://www.mospi.gov.in/uploads/latestReleases/latest_release_1790590696008_1b346687-0a5f-445a-83a2-28283c586094_IIP_Press_Release_August_2026.pdf,7ca3d7b8a1fa698cd0eb10cf1b4104ce43bc63573b390231a69c673a28ac015c
2026-01,24,Manufacture of basic metals,143.3,13.0,Not specified,https://www.mospi.gov.in/uploads/latestReleases/latest_release_1790590696633_c0f8dc21-040f-4f5c-bfc1-63be2e5775d7_Indices_IIP_2022-23_Monthly_annual_Aug_2026.xlsx,2026-09-28,2026-10-09T06:00:15.558936+00:00,2022-23,NIC-2025,Output PPI,https://www.mospi.gov.in/uploads/latestReleases/latest_release_1790590696008_1b346687-0a5f-445a-83a2-28283c586094_IIP_Press_Release_August_2026.pdf,7ca3d7b8a1fa698cd0eb10cf1b4104ce43bc63573b390231a69c673a28ac015c
2026-01,25,"Manufacture of fabricated metal products, except machinery and equipment",137.7,13.5,Not specified,https://www.mospi.gov.in/uploads/latestReleases/latest_release_1790590696633_c0f8dc21-040f-4f5c-bfc1-63be2e5775d7_Indices_IIP_2022-23_Monthly_annual_Aug_2026.xlsx,2026-09-28,2026-10-09T06:00:15.558936+00:00,2022-23,NIC-2025,Output PPI,https://www.mospi.gov.in/uploads/latestReleases/latest_release_1790590696008_1b346687-0a5f-445a-83a2-28283c586094_IIP_Press_Release_August_2026.pdf,7ca3d7b8a1fa698cd0eb10cf1b4104ce43bc63573b390231a69c673a28ac015c
2026-01,26,"Manufacture of computer, electronic and optical products",140.0,0.4,Not specified,https://www.mospi.gov.in/uploads/latestReleases/latest_release_1790590696633_c0f8dc21-040f-4f5c-bfc1-63be2e5775d7_Indices_IIP_2022-23_Monthly_annual_Aug_2026.xlsx,2026-09-28,2026-10-09T06:00:15.558936+00:00,2022-23,NIC-2025,Output PPI,https://www.mospi.gov.in/uploads/latestReleases/latest_release_1790590696008_1b346687-0a5f-445a-83a2-28283c586094_IIP_Press_Release_August_2026.pdf,7ca3d7b8a1fa698cd0eb10cf1b4104ce43bc63573b390231a69c673a28ac015c
2026-01,27,Manufacture of electrical equipment,147.2,15.6,Not specified,https://www.mospi.gov.in/uploads/latestReleases/latest_release_1790590696633_c0f8dc21-040f-4f5c-bfc1-63be2e5775d7_Indices_IIP_2022-23_Monthly_annual_Aug_2026.xlsx,2026-09-28,2026-10-09T06:00:15.558936+00:00,2022-23,NIC-2025,Output PPI,https://www.mospi.gov.in/uploads/latestReleases/latest_release_1790590696008_1b346687-0a5f-445a-83a2-28283c586094_IIP_Press_Release_August_2026.pdf,7ca3d7b8a1fa698cd0eb10cf1b4104ce43bc63573b390231a69c673a28ac015c
2026-01,28,Manufacture of machinery and equipment n.e.c.,121.6,6.8,Not specified,https://www.mospi.gov.in/uploads/latestReleases/latest_release_1790590696633_c0f8dc21-040f-4f5c-bfc1-63be2e5775d7_Indices_IIP_2022-23_Monthly_annual_Aug_2026.xlsx,2026-09-28,2026-10-09T06:00:15.558936+00:00,2022-23,NIC-2025,Output PPI,https://www.mospi.gov.in/uploads/latestReleases/latest_release_1790590696008_1b346687-0a5f-445a-83a2-28283c586094_IIP_Press_Release_August_2026.pdf,7ca3d7b8a1fa698cd0eb10cf1b4104ce43bc63573b390231a69c673a28ac015c
2026-01,29,"Manufacture of motor vehicles, trailers and semi-trailers",135.3,11.6,Not specified,https://www.mospi.gov.in/uploads/latestReleases/latest_release_1790590696633_c0f8dc21-040f-4f5c-bfc1-63be2e5775d7_Indices_IIP_2022-23_Monthly_annual_Aug_2026.xlsx,2026-09-28,2026-10-09T06:00:15.558936+00:00,2022-23,NIC-2025,Output PPI,https://www.mospi.gov.in/uploads/latestReleases/latest_release_1790590696008_1b346687-0a5f-445a-83a2-28283c586094_IIP_Press_Release_August_2026.pdf,7ca3d7b8a1fa698cd0eb10cf1b4104ce43bc63573b390231a69c673a28ac015c
2026-01,30,Manufacture of other transport equipment,149.2,12.1,Not specified,https://www.mospi.gov.in/uploads/latestReleases/latest_release_1790590696633_c0f8dc21-040f-4f5c-bfc1-63be2e5775d7_Indices_IIP_2022-23_Monthly_annual_Aug_2026.xlsx,2026-09-28,2026-10-09T06:00:15.558936+00:00,2022-23,NIC-2025,Output PPI,https://www.mospi.gov.in/uploads/latestReleases/latest_release_1790590696008_1b346687-0a5f-445a-83a2-28283c586094_IIP_Press_Release_August_2026.pdf,7ca3d7b8a1fa698cd0eb10cf1b4104ce43bc63573b390231a69c673a28ac015c
2026-01,31,Manufacture of furniture,119.9,7.4,Not specified,https://www.mospi.gov.in/uploads/latestReleases/latest_release_1790590696633_c0f8dc21-040f-4f5c-bfc1-63be2e5775d7_Indices_IIP_2022-23_Monthly_annual_Aug_2026.xlsx,2026-09-28,2026-10-09T06:00:15.558936+00:00,2022-23,NIC-2025,Output PPI,https://www.mospi.gov.in/uploads/latestReleases/latest_release_1790590696008_1b346687-0a5f-445a-83a2-28283c586094_IIP_Press_Release_August_2026.pdf,7ca3d7b8a1fa698cd0eb10cf1b4104ce43bc63573b390231a69c673a28ac015c
2026-01,32,Other manufacturing,103.4,-5.5,Not specified,https://www.mospi.gov.in/uploads/latestReleases/latest_release_1790590696633_c0f8dc21-040f-4f5c-bfc1-63be2e5775d7_Indices_IIP_2022-23_Monthly_annual_Aug_2026.xlsx,2026-09-28,2026-10-09T06:00:15.558936+00:00,2022-23,NIC-2025,Output PPI,https://www.mospi.gov.in/uploads/latestReleases/latest_release_1790590696008_1b346687-0a5f-445a-83a2-28283c586094_IIP_Press_Release_August_2026.pdf,7ca3d7b8a1fa698cd0eb10cf1b4104ce43bc63573b390231a69c673a28ac015c
2026-02,10,Manufacture of food products,107.9,2.7,Not specified,https://www.mospi.gov.in/uploads/latestReleases/latest_release_1790590696633_c0f8dc21-040f-4f5c-bfc1-63be2e5775d7_Indices_IIP_2022-23_Monthly_annual_Aug_2026.xlsx,2026-09-28,2026-10-09T06:00:15.558936+00:00,2022-23,NIC-2025,Output PPI,https://www.mospi.gov.in/uploads/latestReleases/latest_release_1790590696008_1b346687-0a5f-445a-83a2-28283c586094_IIP_Press_Release_August_2026.pdf,7ca3d7b8a1fa698cd0eb10cf1b4104ce43bc63573b390231a69c673a28ac015c
2026-02,11,Manufacture of beverages,124.5,-6.3,Not specified,https://www.mospi.gov.in/uploads/latestReleases/latest_release_1790590696633_c0f8dc21-040f-4f5c-bfc1-63be2e5775d7_Indices_IIP_2022-23_Monthly_annual_Aug_2026.xlsx,2026-09-28,2026-10-09T06:00:15.558936+00:00,2022-23,NIC-2025,Output PPI,https://www.mospi.gov.in/uploads/latestReleases/latest_release_1790590696008_1b346687-0a5f-445a-83a2-28283c586094_IIP_Press_Release_August_2026.pdf,7ca3d7b8a1fa698cd0eb10cf1b4104ce43bc63573b390231a69c673a28ac015c
2026-02,12,Manufacture of tobacco products,78.4,-16.7,Not specified,https://www.mospi.gov.in/uploads/latestReleases/latest_release_1790590696633_c0f8dc21-040f-4f5c-bfc1-63be2e5775d7_Indices_IIP_2022-23_Monthly_annual_Aug_2026.xlsx,2026-09-28,2026-10-09T06:00:15.558936+00:00,2022-23,NIC-2025,Output PPI,https://www.mospi.gov.in/uploads/latestReleases/latest_release_1790590696008_1b346687-0a5f-445a-83a2-28283c586094_IIP_Press_Release_August_2026.pdf,7ca3d7b8a1fa698cd0eb10cf1b4104ce43bc63573b390231a69c673a28ac015c
2026-02,13,Manufacture of textiles,92.0,-21.2,Not specified,https://www.mospi.gov.in/uploads/latestReleases/latest_release_1790590696633_c0f8dc21-040f-4f5c-bfc1-63be2e5775d7_Indices_IIP_2022-23_Monthly_annual_Aug_2026.xlsx,2026-09-28,2026-10-09T06:00:15.558936+00:00,2022-23,NIC-2025,Output PPI,https://www.mospi.gov.in/uploads/latestReleases/latest_release_1790590696008_1b346687-0a5f-445a-83a2-28283c586094_IIP_Press_Release_August_2026.pdf,7ca3d7b8a1fa698cd0eb10cf1b4104ce43bc63573b390231a69c673a28ac015c
2026-02,14,Manufacture of wearing apparel,96.6,-11.0,Not specified,https://www.mospi.gov.in/uploads/latestReleases/latest_release_1790590696633_c0f8dc21-040f-4f5c-bfc1-63be2e5775d7_Indices_IIP_2022-23_Monthly_annual_Aug_2026.xlsx,2026-09-28,2026-10-09T06:00:15.558936+00:00,2022-23,NIC-2025,Output PPI,https://www.mospi.gov.in/uploads/latestReleases/latest_release_1790590696008_1b346687-0a5f-445a-83a2-28283c586094_IIP_Press_Release_August_2026.pdf,7ca3d7b8a1fa698cd0eb10cf1b4104ce43bc63573b390231a69c673a28ac015c
2026-02,15,Manufacture of leather and related products,100.0,3.7,Not specified,https://www.mospi.gov.in/uploads/latestReleases/latest_release_1790590696633_c0f8dc21-040f-4f5c-bfc1-63be2e5775d7_Indices_IIP_2022-23_Monthly_annual_Aug_2026.xlsx,2026-09-28,2026-10-09T06:00:15.558936+00:00,2022-23,NIC-2025,Output PPI,https://www.mospi.gov.in/uploads/latestReleases/latest_release_1790590696008_1b346687-0a5f-445a-83a2-28283c586094_IIP_Press_Release_August_2026.pdf,7ca3d7b8a1fa698cd0eb10cf1b4104ce43bc63573b390231a69c673a28ac015c
2026-02,16,"Manufacture of wood and products of wood and cork, except furniture; manufacture of articles of straw and plaiting materials",109.5,9.2,Not specified,https://www.mospi.gov.in/uploads/latestReleases/latest_release_1790590696633_c0f8dc21-040f-4f5c-bfc1-63be2e5775d7_Indices_IIP_2022-23_Monthly_annual_Aug_2026.xlsx,2026-09-28,2026-10-09T06:00:15.558936+00:00,2022-23,NIC-2025,Output PPI,https://www.mospi.gov.in/uploads/latestReleases/latest_release_1790590696008_1b346687-0a5f-445a-83a2-28283c586094_IIP_Press_Release_August_2026.pdf,7ca3d7b8a1fa698cd0eb10cf1b4104ce43bc63573b390231a69c673a28ac015c
2026-02,17,Manufacture of paper and paper products,112.0,13.1,Not specified,https://www.mospi.gov.in/uploads/latestReleases/latest_release_1790590696633_c0f8dc21-040f-4f5c-bfc1-63be2e5775d7_Indices_IIP_2022-23_Monthly_annual_Aug_2026.xlsx,2026-09-28,2026-10-09T06:00:15.558936+00:00,2022-23,NIC-2025,Output PPI,https://www.mospi.gov.in/uploads/latestReleases/latest_release_1790590696008_1b346687-0a5f-445a-83a2-28283c586094_IIP_Press_Release_August_2026.pdf,7ca3d7b8a1fa698cd0eb10cf1b4104ce43bc63573b390231a69c673a28ac015c
2026-02,18,Printing and reproduction of recorded media,107.0,0.0,Not specified,https://www.mospi.gov.in/uploads/latestReleases/latest_release_1790590696633_c0f8dc21-040f-4f5c-bfc1-63be2e5775d7_Indices_IIP_2022-23_Monthly_annual_Aug_2026.xlsx,2026-09-28,2026-10-09T06:00:15.558936+00:00,2022-23,NIC-2025,Output PPI,https://www.mospi.gov.in/uploads/latestReleases/latest_release_1790590696008_1b346687-0a5f-445a-83a2-28283c586094_IIP_Press_Release_August_2026.pdf,7ca3d7b8a1fa698cd0eb10cf1b4104ce43bc63573b390231a69c673a28ac015c
2026-02,19,Manufacture of coke and refined petroleum products,103.1,-0.8,Not specified,https://www.mospi.gov.in/uploads/latestReleases/latest_release_1790590696633_c0f8dc21-040f-4f5c-bfc1-63be2e5775d7_Indices_IIP_2022-23_Monthly_annual_Aug_2026.xlsx,2026-09-28,2026-10-09T06:00:15.558936+00:00,2022-23,NIC-2025,Output PPI,https://www.mospi.gov.in/uploads/latestReleases/latest_release_1790590696008_1b346687-0a5f-445a-83a2-28283c586094_IIP_Press_Release_August_2026.pdf,7ca3d7b8a1fa698cd0eb10cf1b4104ce43bc63573b390231a69c673a28ac015c
2026-02,20,Manufacture of chemicals and chemical products,109.9,6.1,Not specified,https://www.mospi.gov.in/uploads/latestReleases/latest_release_1790590696633_c0f8dc21-040f-4f5c-bfc1-63be2e5775d7_Indices_IIP_2022-23_Monthly_annual_Aug_2026.xlsx,2026-09-28,2026-10-09T06:00:15.558936+00:00,2022-23,NIC-2025,Output PPI,https://www.mospi.gov.in/uploads/latestReleases/latest_release_1790590696008_1b346687-0a5f-445a-83a2-28283c586094_IIP_Press_Release_August_2026.pdf,7ca3d7b8a1fa698cd0eb10cf1b4104ce43bc63573b390231a69c673a28ac015c
2026-02,21,Manufacture of basic pharmaceutical products and pharmaceutical preparations,118.2,4.1,Not specified,https://www.mospi.gov.in/uploads/latestReleases/latest_release_1790590696633_c0f8dc21-040f-4f5c-bfc1-63be2e5775d7_Indices_IIP_2022-23_Monthly_annual_Aug_2026.xlsx,2026-09-28,2026-10-09T06:00:15.558936+00:00,2022-23,NIC-2025,Output PPI,https://www.mospi.gov.in/uploads/latestReleases/latest_release_1790590696008_1b346687-0a5f-445a-83a2-28283c586094_IIP_Press_Release_August_2026.pdf,7ca3d7b8a1fa698cd0eb10cf1b4104ce43bc63573b390231a69c673a28ac015c
2026-02,22,Manufacture of rubber and plastics products,105.4,1.2,Not specified,https://www.mospi.gov.in/uploads/latestReleases/latest_release_1790590696633_c0f8dc21-040f-4f5c-bfc1-63be2e5775d7_Indices_IIP_2022-23_Monthly_annual_Aug_2026.xlsx,2026-09-28,2026-10-09T06:00:15.558936+00:00,2022-23,NIC-2025,Output PPI,https://www.mospi.gov.in/uploads/latestReleases/latest_release_1790590696008_1b346687-0a5f-445a-83a2-28283c586094_IIP_Press_Release_August_2026.pdf,7ca3d7b8a1fa698cd0eb10cf1b4104ce43bc63573b390231a69c673a28ac015c
2026-02,23,Manufacture of other non-metallic mineral products,122.1,7.8,Not specified,https://www.mospi.gov.in/uploads/latestReleases/latest_release_1790590696633_c0f8dc21-040f-4f5c-bfc1-63be2e5775d7_Indices_IIP_2022-23_Monthly_annual_Aug_2026.xlsx,2026-09-28,2026-10-09T06:00:15.558936+00:00,2022-23,NIC-2025,Output PPI,https://www.mospi.gov.in/uploads/latestReleases/latest_release_1790590696008_1b346687-0a5f-445a-83a2-28283c586094_IIP_Press_Release_August_2026.pdf,7ca3d7b8a1fa698cd0eb10cf1b4104ce43bc63573b390231a69c673a28ac015c
2026-02,24,Manufacture of basic metals,130.3,9.5,Not specified,https://www.mospi.gov.in/uploads/latestReleases/latest_release_1790590696633_c0f8dc21-040f-4f5c-bfc1-63be2e5775d7_Indices_IIP_2022-23_Monthly_annual_Aug_2026.xlsx,2026-09-28,2026-10-09T06:00:15.558936+00:00,2022-23,NIC-2025,Output PPI,https://www.mospi.gov.in/uploads/latestReleases/latest_release_1790590696008_1b346687-0a5f-445a-83a2-28283c586094_IIP_Press_Release_August_2026.pdf,7ca3d7b8a1fa698cd0eb10cf1b4104ce43bc63573b390231a69c673a28ac015c
2026-02,25,"Manufacture of fabricated metal products, except machinery and equipment",135.8,12.2,Not specified,https://www.mospi.gov.in/uploads/latestReleases/latest_release_1790590696633_c0f8dc21-040f-4f5c-bfc1-63be2e5775d7_Indices_IIP_2022-23_Monthly_annual_Aug_2026.xlsx,2026-09-28,2026-10-09T06:00:15.558936+00:00,2022-23,NIC-2025,Output PPI,https://www.mospi.gov.in/uploads/latestReleases/latest_release_1790590696008_1b346687-0a5f-445a-83a2-28283c586094_IIP_Press_Release_August_2026.pdf,7ca3d7b8a1fa698cd0eb10cf1b4104ce43bc63573b390231a69c673a28ac015c
2026-02,26,"Manufacture of computer, electronic and optical products",140.7,4.4,Not specified,https://www.mospi.gov.in/uploads/latestReleases/latest_release_1790590696633_c0f8dc21-040f-4f5c-bfc1-63be2e5775d7_Indices_IIP_2022-23_Monthly_annual_Aug_2026.xlsx,2026-09-28,2026-10-09T06:00:15.558936+00:00,2022-23,NIC-2025,Output PPI,https://www.mospi.gov.in/uploads/latestReleases/latest_release_1790590696008_1b346687-0a5f-445a-83a2-28283c586094_IIP_Press_Release_August_2026.pdf,7ca3d7b8a1fa698cd0eb10cf1b4104ce43bc63573b390231a69c673a28ac015c
2026-02,27,Manufacture of electrical equipment,153.7,17.6,Not specified,https://www.mospi.gov.in/uploads/latestReleases/latest_release_1790590696633_c0f8dc21-040f-4f5c-bfc1-63be2e5775d7_Indices_IIP_2022-23_Monthly_annual_Aug_2026.xlsx,2026-09-28,2026-10-09T06:00:15.558936+00:00,2022-23,NIC-2025,Output PPI,https://www.mospi.gov.in/uploads/latestReleases/latest_release_1790590696008_1b346687-0a5f-445a-83a2-28283c586094_IIP_Press_Release_August_2026.pdf,7ca3d7b8a1fa698cd0eb10cf1b4104ce43bc63573b390231a69c673a28ac015c
2026-02,28,Manufacture of machinery and equipment n.e.c.,130.2,13.1,Not specified,https://www.mospi.gov.in/uploads/latestReleases/latest_release_1790590696633_c0f8dc21-040f-4f5c-bfc1-63be2e5775d7_Indices_IIP_2022-23_Monthly_annual_Aug_2026.xlsx,2026-09-28,2026-10-09T06:00:15.558936+00:00,2022-23,NIC-2025,Output PPI,https://www.mospi.gov.in/uploads/latestReleases/latest_release_1790590696008_1b346687-0a5f-445a-83a2-28283c586094_IIP_Press_Release_August_2026.pdf,7ca3d7b8a1fa698cd0eb10cf1b4104ce43bc63573b390231a69c673a28ac015c
2026-02,29,"Manufacture of motor vehicles, trailers and semi-trailers",135.8,14.6,Not specified,https://www.mospi.gov.in/uploads/latestReleases/latest_release_1790590696633_c0f8dc21-040f-4f5c-bfc1-63be2e5775d7_Indices_IIP_2022-23_Monthly_annual_Aug_2026.xlsx,2026-09-28,2026-10-09T06:00:15.558936+00:00,2022-23,NIC-2025,Output PPI,https://www.mospi.gov.in/uploads/latestReleases/latest_release_1790590696008_1b346687-0a5f-445a-83a2-28283c586094_IIP_Press_Release_August_2026.pdf,7ca3d7b8a1fa698cd0eb10cf1b4104ce43bc63573b390231a69c673a28ac015c
2026-02,30,Manufacture of other transport equipment,147.4,18.4,Not specified,https://www.mospi.gov.in/uploads/latestReleases/latest_release_1790590696633_c0f8dc21-040f-4f5c-bfc1-63be2e5775d7_Indices_IIP_2022-23_Monthly_annual_Aug_2026.xlsx,2026-09-28,2026-10-09T06:00:15.558936+00:00,2022-23,NIC-2025,Output PPI,https://www.mospi.gov.in/uploads/latestReleases/latest_release_1790590696008_1b346687-0a5f-445a-83a2-28283c586094_IIP_Press_Release_August_2026.pdf,7ca3d7b8a1fa698cd0eb10cf1b4104ce43bc63573b390231a69c673a28ac015c
2026-02,31,Manufacture of furniture,121.2,12.2,Not specified,https://www.mospi.gov.in/uploads/latestReleases/latest_release_1790590696633_c0f8dc21-040f-4f5c-bfc1-63be2e5775d7_Indices_IIP_2022-23_Monthly_annual_Aug_2026.xlsx,2026-09-28,2026-10-09T06:00:15.558936+00:00,2022-23,NIC-2025,Output PPI,https://www.mospi.gov.in/uploads/latestReleases/latest_release_1790590696008_1b346687-0a5f-445a-83a2-28283c586094_IIP_Press_Release_August_2026.pdf,7ca3d7b8a1fa698cd0eb10cf1b4104ce43bc63573b390231a69c673a28ac015c
2026-02,32,Other manufacturing,103.1,3.7,Not specified,https://www.mospi.gov.in/uploads/latestReleases/latest_release_1790590696633_c0f8dc21-040f-4f5c-bfc1-63be2e5775d7_Indices_IIP_2022-23_Monthly_annual_Aug_2026.xlsx,2026-09-28,2026-10-09T06:00:15.558936+00:00,2022-23,NIC-2025,Output PPI,https://www.mospi.gov.in/uploads/latestReleases/latest_release_1790590696008_1b346687-0a5f-445a-83a2-28283c586094_IIP_Press_Release_August_2026.pdf,7ca3d7b8a1fa698cd0eb10cf1b4104ce43bc63573b390231a69c673a28ac015c
2026-03,10,Manufacture of food products,103.5,1.3,Not specified,https://www.mospi.gov.in/uploads/latestReleases/latest_release_1790590696633_c0f8dc21-040f-4f5c-bfc1-63be2e5775d7_Indices_IIP_2022-23_Monthly_annual_Aug_2026.xlsx,2026-09-28,2026-10-09T06:00:15.558936+00:00,2022-23,NIC-2025,Output PPI,https://www.mospi.gov.in/uploads/latestReleases/latest_release_1790590696008_1b346687-0a5f-445a-83a2-28283c586094_IIP_Press_Release_August_2026.pdf,7ca3d7b8a1fa698cd0eb10cf1b4104ce43bc63573b390231a69c673a28ac015c
2026-03,11,Manufacture of beverages,153.9,-6.3,Not specified,https://www.mospi.gov.in/uploads/latestReleases/latest_release_1790590696633_c0f8dc21-040f-4f5c-bfc1-63be2e5775d7_Indices_IIP_2022-23_Monthly_annual_Aug_2026.xlsx,2026-09-28,2026-10-09T06:00:15.558936+00:00,2022-23,NIC-2025,Output PPI,https://www.mospi.gov.in/uploads/latestReleases/latest_release_1790590696008_1b346687-0a5f-445a-83a2-28283c586094_IIP_Press_Release_August_2026.pdf,7ca3d7b8a1fa698cd0eb10cf1b4104ce43bc63573b390231a69c673a28ac015c
2026-03,12,Manufacture of tobacco products,106.2,-15.3,Not specified,https://www.mospi.gov.in/uploads/latestReleases/latest_release_1790590696633_c0f8dc21-040f-4f5c-bfc1-63be2e5775d7_Indices_IIP_2022-23_Monthly_annual_Aug_2026.xlsx,2026-09-28,2026-10-09T06:00:15.558936+00:00,2022-23,NIC-2025,Output PPI,https://www.mospi.gov.in/uploads/latestReleases/latest_release_1790590696008_1b346687-0a5f-445a-83a2-28283c586094_IIP_Press_Release_August_2026.pdf,7ca3d7b8a1fa698cd0eb10cf1b4104ce43bc63573b390231a69c673a28ac015c
2026-03,13,Manufacture of textiles,136.6,10.6,Not specified,https://www.mospi.gov.in/uploads/latestReleases/latest_release_1790590696633_c0f8dc21-040f-4f5c-bfc1-63be2e5775d7_Indices_IIP_2022-23_Monthly_annual_Aug_2026.xlsx,2026-09-28,2026-10-09T06:00:15.558936+00:00,2022-23,NIC-2025,Output PPI,https://www.mospi.gov.in/uploads/latestReleases/latest_release_1790590696008_1b346687-0a5f-445a-83a2-28283c586094_IIP_Press_Release_August_2026.pdf,7ca3d7b8a1fa698cd0eb10cf1b4104ce43bc63573b390231a69c673a28ac015c
2026-03,14,Manufacture of wearing apparel,101.2,-9.0,Not specified,https://www.mospi.gov.in/uploads/latestReleases/latest_release_1790590696633_c0f8dc21-040f-4f5c-bfc1-63be2e5775d7_Indices_IIP_2022-23_Monthly_annual_Aug_2026.xlsx,2026-09-28,2026-10-09T06:00:15.558936+00:00,2022-23,NIC-2025,Output PPI,https://www.mospi.gov.in/uploads/latestReleases/latest_release_1790590696008_1b346687-0a5f-445a-83a2-28283c586094_IIP_Press_Release_August_2026.pdf,7ca3d7b8a1fa698cd0eb10cf1b4104ce43bc63573b390231a69c673a28ac015c
2026-03,15,Manufacture of leather and related products,96.4,-4.4,Not specified,https://www.mospi.gov.in/uploads/latestReleases/latest_release_1790590696633_c0f8dc21-040f-4f5c-bfc1-63be2e5775d7_Indices_IIP_2022-23_Monthly_annual_Aug_2026.xlsx,2026-09-28,2026-10-09T06:00:15.558936+00:00,2022-23,NIC-2025,Output PPI,https://www.mospi.gov.in/uploads/latestReleases/latest_release_1790590696008_1b346687-0a5f-445a-83a2-28283c586094_IIP_Press_Release_August_2026.pdf,7ca3d7b8a1fa698cd0eb10cf1b4104ce43bc63573b390231a69c673a28ac015c
2026-03,16,"Manufacture of wood and products of wood and cork, except furniture; manufacture of articles of straw and plaiting materials",108.5,-10.6,Not specified,https://www.mospi.gov.in/uploads/latestReleases/latest_release_1790590696633_c0f8dc21-040f-4f5c-bfc1-63be2e5775d7_Indices_IIP_2022-23_Monthly_annual_Aug_2026.xlsx,2026-09-28,2026-10-09T06:00:15.558936+00:00,2022-23,NIC-2025,Output PPI,https://www.mospi.gov.in/uploads/latestReleases/latest_release_1790590696008_1b346687-0a5f-445a-83a2-28283c586094_IIP_Press_Release_August_2026.pdf,7ca3d7b8a1fa698cd0eb10cf1b4104ce43bc63573b390231a69c673a28ac015c
2026-03,17,Manufacture of paper and paper products,118.9,12.0,Not specified,https://www.mospi.gov.in/uploads/latestReleases/latest_release_1790590696633_c0f8dc21-040f-4f5c-bfc1-63be2e5775d7_Indices_IIP_2022-23_Monthly_annual_Aug_2026.xlsx,2026-09-28,2026-10-09T06:00:15.558936+00:00,2022-23,NIC-2025,Output PPI,https://www.mospi.gov.in/uploads/latestReleases/latest_release_1790590696008_1b346687-0a5f-445a-83a2-28283c586094_IIP_Press_Release_August_2026.pdf,7ca3d7b8a1fa698cd0eb10cf1b4104ce43bc63573b390231a69c673a28ac015c
2026-03,18,Printing and reproduction of recorded media,115.1,2.9,Not specified,https://www.mospi.gov.in/uploads/latestReleases/latest_release_1790590696633_c0f8dc21-040f-4f5c-bfc1-63be2e5775d7_Indices_IIP_2022-23_Monthly_annual_Aug_2026.xlsx,2026-09-28,2026-10-09T06:00:15.558936+00:00,2022-23,NIC-2025,Output PPI,https://www.mospi.gov.in/uploads/latestReleases/latest_release_1790590696008_1b346687-0a5f-445a-83a2-28283c586094_IIP_Press_Release_August_2026.pdf,7ca3d7b8a1fa698cd0eb10cf1b4104ce43bc63573b390231a69c673a28ac015c
2026-03,19,Manufacture of coke and refined petroleum products,115.3,0.4,Not specified,https://www.mospi.gov.in/uploads/latestReleases/latest_release_1790590696633_c0f8dc21-040f-4f5c-bfc1-63be2e5775d7_Indices_IIP_2022-23_Monthly_annual_Aug_2026.xlsx,2026-09-28,2026-10-09T06:00:15.558936+00:00,2022-23,NIC-2025,Output PPI,https://www.mospi.gov.in/uploads/latestReleases/latest_release_1790590696008_1b346687-0a5f-445a-83a2-28283c586094_IIP_Press_Release_August_2026.pdf,7ca3d7b8a1fa698cd0eb10cf1b4104ce43bc63573b390231a69c673a28ac015c
2026-03,20,Manufacture of chemicals and chemical products,112.2,0.1,Not specified,https://www.mospi.gov.in/uploads/latestReleases/latest_release_1790590696633_c0f8dc21-040f-4f5c-bfc1-63be2e5775d7_Indices_IIP_2022-23_Monthly_annual_Aug_2026.xlsx,2026-09-28,2026-10-09T06:00:15.558936+00:00,2022-23,NIC-2025,Output PPI,https://www.mospi.gov.in/uploads/latestReleases/latest_release_1790590696008_1b346687-0a5f-445a-83a2-28283c586094_IIP_Press_Release_August_2026.pdf,7ca3d7b8a1fa698cd0eb10cf1b4104ce43bc63573b390231a69c673a28ac015c
2026-03,21,Manufacture of basic pharmaceutical products and pharmaceutical preparations,132.0,-1.1,Not specified,https://www.mospi.gov.in/uploads/latestReleases/latest_release_1790590696633_c0f8dc21-040f-4f5c-bfc1-63be2e5775d7_Indices_IIP_2022-23_Monthly_annual_Aug_2026.xlsx,2026-09-28,2026-10-09T06:00:15.558936+00:00,2022-23,NIC-2025,Output PPI,https://www.mospi.gov.in/uploads/latestReleases/latest_release_1790590696008_1b346687-0a5f-445a-83a2-28283c586094_IIP_Press_Release_August_2026.pdf,7ca3d7b8a1fa698cd0eb10cf1b4104ce43bc63573b390231a69c673a28ac015c
2026-03,22,Manufacture of rubber and plastics products,109.5,-1.1,Not specified,https://www.mospi.gov.in/uploads/latestReleases/latest_release_1790590696633_c0f8dc21-040f-4f5c-bfc1-63be2e5775d7_Indices_IIP_2022-23_Monthly_annual_Aug_2026.xlsx,2026-09-28,2026-10-09T06:00:15.558936+00:00,2022-23,NIC-2025,Output PPI,https://www.mospi.gov.in/uploads/latestReleases/latest_release_1790590696008_1b346687-0a5f-445a-83a2-28283c586094_IIP_Press_Release_August_2026.pdf,7ca3d7b8a1fa698cd0eb10cf1b4104ce43bc63573b390231a69c673a28ac015c
2026-03,23,Manufacture of other non-metallic mineral products,130.0,2.0,Not specified,https://www.mospi.gov.in/uploads/latestReleases/latest_release_1790590696633_c0f8dc21-040f-4f5c-bfc1-63be2e5775d7_Indices_IIP_2022-23_Monthly_annual_Aug_2026.xlsx,2026-09-28,2026-10-09T06:00:15.558936+00:00,2022-23,NIC-2025,Output PPI,https://www.mospi.gov.in/uploads/latestReleases/latest_release_1790590696008_1b346687-0a5f-445a-83a2-28283c586094_IIP_Press_Release_August_2026.pdf,7ca3d7b8a1fa698cd0eb10cf1b4104ce43bc63573b390231a69c673a28ac015c
2026-03,24,Manufacture of basic metals,141.5,7.0,Not specified,https://www.mospi.gov.in/uploads/latestReleases/latest_release_1790590696633_c0f8dc21-040f-4f5c-bfc1-63be2e5775d7_Indices_IIP_2022-23_Monthly_annual_Aug_2026.xlsx,2026-09-28,2026-10-09T06:00:15.558936+00:00,2022-23,NIC-2025,Output PPI,https://www.mospi.gov.in/uploads/latestReleases/latest_release_1790590696008_1b346687-0a5f-445a-83a2-28283c586094_IIP_Press_Release_August_2026.pdf,7ca3d7b8a1fa698cd0eb10cf1b4104ce43bc63573b390231a69c673a28ac015c
2026-03,25,"Manufacture of fabricated metal products, except machinery and equipment",153.4,5.6,Not specified,https://www.mospi.gov.in/uploads/latestReleases/latest_release_1790590696633_c0f8dc21-040f-4f5c-bfc1-63be2e5775d7_Indices_IIP_2022-23_Monthly_annual_Aug_2026.xlsx,2026-09-28,2026-10-09T06:00:15.558936+00:00,2022-23,NIC-2025,Output PPI,https://www.mospi.gov.in/uploads/latestReleases/latest_release_1790590696008_1b346687-0a5f-445a-83a2-28283c586094_IIP_Press_Release_August_2026.pdf,7ca3d7b8a1fa698cd0eb10cf1b4104ce43bc63573b390231a69c673a28ac015c
2026-03,26,"Manufacture of computer, electronic and optical products",151.2,0.9,Not specified,https://www.mospi.gov.in/uploads/latestReleases/latest_release_1790590696633_c0f8dc21-040f-4f5c-bfc1-63be2e5775d7_Indices_IIP_2022-23_Monthly_annual_Aug_2026.xlsx,2026-09-28,2026-10-09T06:00:15.558936+00:00,2022-23,NIC-2025,Output PPI,https://www.mospi.gov.in/uploads/latestReleases/latest_release_1790590696008_1b346687-0a5f-445a-83a2-28283c586094_IIP_Press_Release_August_2026.pdf,7ca3d7b8a1fa698cd0eb10cf1b4104ce43bc63573b390231a69c673a28ac015c
2026-03,27,Manufacture of electrical equipment,175.0,14.5,Not specified,https://www.mospi.gov.in/uploads/latestReleases/latest_release_1790590696633_c0f8dc21-040f-4f5c-bfc1-63be2e5775d7_Indices_IIP_2022-23_Monthly_annual_Aug_2026.xlsx,2026-09-28,2026-10-09T06:00:15.558936+00:00,2022-23,NIC-2025,Output PPI,https://www.mospi.gov.in/uploads/latestReleases/latest_release_1790590696008_1b346687-0a5f-445a-83a2-28283c586094_IIP_Press_Release_August_2026.pdf,7ca3d7b8a1fa698cd0eb10cf1b4104ce43bc63573b390231a69c673a28ac015c
2026-03,28,Manufacture of machinery and equipment n.e.c.,167.2,2.3,Not specified,https://www.mospi.gov.in/uploads/latestReleases/latest_release_1790590696633_c0f8dc21-040f-4f5c-bfc1-63be2e5775d7_Indices_IIP_2022-23_Monthly_annual_Aug_2026.xlsx,2026-09-28,2026-10-09T06:00:15.558936+00:00,2022-23,NIC-2025,Output PPI,https://www.mospi.gov.in/uploads/latestReleases/latest_release_1790590696008_1b346687-0a5f-445a-83a2-28283c586094_IIP_Press_Release_August_2026.pdf,7ca3d7b8a1fa698cd0eb10cf1b4104ce43bc63573b390231a69c673a28ac015c
2026-03,29,"Manufacture of motor vehicles, trailers and semi-trailers",143.9,18.0,Not specified,https://www.mospi.gov.in/uploads/latestReleases/latest_release_1790590696633_c0f8dc21-040f-4f5c-bfc1-63be2e5775d7_Indices_IIP_2022-23_Monthly_annual_Aug_2026.xlsx,2026-09-28,2026-10-09T06:00:15.558936+00:00,2022-23,NIC-2025,Output PPI,https://www.mospi.gov.in/uploads/latestReleases/latest_release_1790590696008_1b346687-0a5f-445a-83a2-28283c586094_IIP_Press_Release_August_2026.pdf,7ca3d7b8a1fa698cd0eb10cf1b4104ce43bc63573b390231a69c673a28ac015c
2026-03,30,Manufacture of other transport equipment,153.1,13.3,Not specified,https://www.mospi.gov.in/uploads/latestReleases/latest_release_1790590696633_c0f8dc21-040f-4f5c-bfc1-63be2e5775d7_Indices_IIP_2022-23_Monthly_annual_Aug_2026.xlsx,2026-09-28,2026-10-09T06:00:15.558936+00:00,2022-23,NIC-2025,Output PPI,https://www.mospi.gov.in/uploads/latestReleases/latest_release_1790590696008_1b346687-0a5f-445a-83a2-28283c586094_IIP_Press_Release_August_2026.pdf,7ca3d7b8a1fa698cd0eb10cf1b4104ce43bc63573b390231a69c673a28ac015c
2026-03,31,Manufacture of furniture,131.1,12.1,Not specified,https://www.mospi.gov.in/uploads/latestReleases/latest_release_1790590696633_c0f8dc21-040f-4f5c-bfc1-63be2e5775d7_Indices_IIP_2022-23_Monthly_annual_Aug_2026.xlsx,2026-09-28,2026-10-09T06:00:15.558936+00:00,2022-23,NIC-2025,Output PPI,https://www.mospi.gov.in/uploads/latestReleases/latest_release_1790590696008_1b346687-0a5f-445a-83a2-28283c586094_IIP_Press_Release_August_2026.pdf,7ca3d7b8a1fa698cd0eb10cf1b4104ce43bc63573b390231a69c673a28ac015c
2026-03,32,Other manufacturing,110.3,-7.9,Not specified,https://www.mospi.gov.in/uploads/latestReleases/latest_release_1790590696633_c0f8dc21-040f-4f5c-bfc1-63be2e5775d7_Indices_IIP_2022-23_Monthly_annual_Aug_2026.xlsx,2026-09-28,2026-10-09T06:00:15.558936+00:00,2022-23,NIC-2025,Output PPI,https://www.mospi.gov.in/uploads/latestReleases/latest_release_1790590696008_1b346687-0a5f-445a-83a2-28283c586094_IIP_Press_Release_August_2026.pdf,7ca3d7b8a1fa698cd0eb10cf1b4104ce43bc63573b390231a69c673a28ac015c
2026-04,10,Manufacture of food products,100.5,5.5,Not specified,https://www.mospi.gov.in/uploads/latestReleases/latest_release_1790590696633_c0f8dc21-040f-4f5c-bfc1-63be2e5775d7_Indices_IIP_2022-23_Monthly_annual_Aug_2026.xlsx,2026-09-28,2026-10-09T06:00:15.558936+00:00,2022-23,NIC-2025,Output PPI,https://www.mospi.gov.in/uploads/latestReleases/latest_release_1790590696008_1b346687-0a5f-445a-83a2-28283c586094_IIP_Press_Release_August_2026.pdf,7ca3d7b8a1fa698cd0eb10cf1b4104ce43bc63573b390231a69c673a28ac015c
2026-04,11,Manufacture of beverages,155.2,-5.6,Not specified,https://www.mospi.gov.in/uploads/latestReleases/latest_release_1790590696633_c0f8dc21-040f-4f5c-bfc1-63be2e5775d7_Indices_IIP_2022-23_Monthly_annual_Aug_2026.xlsx,2026-09-28,2026-10-09T06:00:15.558936+00:00,2022-23,NIC-2025,Output PPI,https://www.mospi.gov.in/uploads/latestReleases/latest_release_1790590696008_1b346687-0a5f-445a-83a2-28283c586094_IIP_Press_Release_August_2026.pdf,7ca3d7b8a1fa698cd0eb10cf1b4104ce43bc63573b390231a69c673a28ac015c
2026-04,12,Manufacture of tobacco products,113.8,2.2,Not specified,https://www.mospi.gov.in/uploads/latestReleases/latest_release_1790590696633_c0f8dc21-040f-4f5c-bfc1-63be2e5775d7_Indices_IIP_2022-23_Monthly_annual_Aug_2026.xlsx,2026-09-28,2026-10-09T06:00:15.558936+00:00,2022-23,NIC-2025,Output PPI,https://www.mospi.gov.in/uploads/latestReleases/latest_release_1790590696008_1b346687-0a5f-445a-83a2-28283c586094_IIP_Press_Release_August_2026.pdf,7ca3d7b8a1fa698cd0eb10cf1b4104ce43bc63573b390231a69c673a28ac015c
2026-04,13,Manufacture of textiles,135.7,16.2,Not specified,https://www.mospi.gov.in/uploads/latestReleases/latest_release_1790590696633_c0f8dc21-040f-4f5c-bfc1-63be2e5775d7_Indices_IIP_2022-23_Monthly_annual_Aug_2026.xlsx,2026-09-28,2026-10-09T06:00:15.558936+00:00,2022-23,NIC-2025,Output PPI,https://www.mospi.gov.in/uploads/latestReleases/latest_release_1790590696008_1b346687-0a5f-445a-83a2-28283c586094_IIP_Press_Release_August_2026.pdf,7ca3d7b8a1fa698cd0eb10cf1b4104ce43bc63573b390231a69c673a28ac015c
2026-04,14,Manufacture of wearing apparel,91.0,-6.9,Not specified,https://www.mospi.gov.in/uploads/latestReleases/latest_release_1790590696633_c0f8dc21-040f-4f5c-bfc1-63be2e5775d7_Indices_IIP_2022-23_Monthly_annual_Aug_2026.xlsx,2026-09-28,2026-10-09T06:00:15.558936+00:00,2022-23,NIC-2025,Output PPI,https://www.mospi.gov.in/uploads/latestReleases/latest_release_1790590696008_1b346687-0a5f-445a-83a2-28283c586094_IIP_Press_Release_August_2026.pdf,7ca3d7b8a1fa698cd0eb10cf1b4104ce43bc63573b390231a69c673a28ac015c
2026-04,15,Manufacture of leather and related products,99.8,1.3,Not specified,https://www.mospi.gov.in/uploads/latestReleases/latest_release_1790590696633_c0f8dc21-040f-4f5c-bfc1-63be2e5775d7_Indices_IIP_2022-23_Monthly_annual_Aug_2026.xlsx,2026-09-28,2026-10-09T06:00:15.558936+00:00,2022-23,NIC-2025,Output PPI,https://www.mospi.gov.in/uploads/latestReleases/latest_release_1790590696008_1b346687-0a5f-445a-83a2-28283c586094_IIP_Press_Release_August_2026.pdf,7ca3d7b8a1fa698cd0eb10cf1b4104ce43bc63573b390231a69c673a28ac015c
2026-04,16,"Manufacture of wood and products of wood and cork, except furniture; manufacture of articles of straw and plaiting materials",84.3,-12.5,Not specified,https://www.mospi.gov.in/uploads/latestReleases/latest_release_1790590696633_c0f8dc21-040f-4f5c-bfc1-63be2e5775d7_Indices_IIP_2022-23_Monthly_annual_Aug_2026.xlsx,2026-09-28,2026-10-09T06:00:15.558936+00:00,2022-23,NIC-2025,Output PPI,https://www.mospi.gov.in/uploads/latestReleases/latest_release_1790590696008_1b346687-0a5f-445a-83a2-28283c586094_IIP_Press_Release_August_2026.pdf,7ca3d7b8a1fa698cd0eb10cf1b4104ce43bc63573b390231a69c673a28ac015c
2026-04,17,Manufacture of paper and paper products,115.0,13.9,Not specified,https://www.mospi.gov.in/uploads/latestReleases/latest_release_1790590696633_c0f8dc21-040f-4f5c-bfc1-63be2e5775d7_Indices_IIP_2022-23_Monthly_annual_Aug_2026.xlsx,2026-09-28,2026-10-09T06:00:15.558936+00:00,2022-23,NIC-2025,Output PPI,https://www.mospi.gov.in/uploads/latestReleases/latest_release_1790590696008_1b346687-0a5f-445a-83a2-28283c586094_IIP_Press_Release_August_2026.pdf,7ca3d7b8a1fa698cd0eb10cf1b4104ce43bc63573b390231a69c673a28ac015c
2026-04,18,Printing and reproduction of recorded media,103.8,-4.1,Not specified,https://www.mospi.gov.in/uploads/latestReleases/latest_release_1790590696633_c0f8dc21-040f-4f5c-bfc1-63be2e5775d7_Indices_IIP_2022-23_Monthly_annual_Aug_2026.xlsx,2026-09-28,2026-10-09T06:00:15.558936+00:00,2022-23,NIC-2025,Output PPI,https://www.mospi.gov.in/uploads/latestReleases/latest_release_1790590696008_1b346687-0a5f-445a-83a2-28283c586094_IIP_Press_Release_August_2026.pdf,7ca3d7b8a1fa698cd0eb10cf1b4104ce43bc63573b390231a69c673a28ac015c
2026-04,19,Manufacture of coke and refined petroleum products,104.6,0.0,Not specified,https://www.mospi.gov.in/uploads/latestReleases/latest_release_1790590696633_c0f8dc21-040f-4f5c-bfc1-63be2e5775d7_Indices_IIP_2022-23_Monthly_annual_Aug_2026.xlsx,2026-09-28,2026-10-09T06:00:15.558936+00:00,2022-23,NIC-2025,Output PPI,https://www.mospi.gov.in/uploads/latestReleases/latest_release_1790590696008_1b346687-0a5f-445a-83a2-28283c586094_IIP_Press_Release_August_2026.pdf,7ca3d7b8a1fa698cd0eb10cf1b4104ce43bc63573b390231a69c673a28ac015c
2026-04,20,Manufacture of chemicals and chemical products,104.9,0.1,Not specified,https://www.mospi.gov.in/uploads/latestReleases/latest_release_1790590696633_c0f8dc21-040f-4f5c-bfc1-63be2e5775d7_Indices_IIP_2022-23_Monthly_annual_Aug_2026.xlsx,2026-09-28,2026-10-09T06:00:15.558936+00:00,2022-23,NIC-2025,Output PPI,https://www.mospi.gov.in/uploads/latestReleases/latest_release_1790590696008_1b346687-0a5f-445a-83a2-28283c586094_IIP_Press_Release_August_2026.pdf,7ca3d7b8a1fa698cd0eb10cf1b4104ce43bc63573b390231a69c673a28ac015c
2026-04,21,Manufacture of basic pharmaceutical products and pharmaceutical preparations,110.7,-3.7,Not specified,https://www.mospi.gov.in/uploads/latestReleases/latest_release_1790590696633_c0f8dc21-040f-4f5c-bfc1-63be2e5775d7_Indices_IIP_2022-23_Monthly_annual_Aug_2026.xlsx,2026-09-28,2026-10-09T06:00:15.558936+00:00,2022-23,NIC-2025,Output PPI,https://www.mospi.gov.in/uploads/latestReleases/latest_release_1790590696008_1b346687-0a5f-445a-83a2-28283c586094_IIP_Press_Release_August_2026.pdf,7ca3d7b8a1fa698cd0eb10cf1b4104ce43bc63573b390231a69c673a28ac015c
2026-04,22,Manufacture of rubber and plastics products,125.8,25.3,Not specified,https://www.mospi.gov.in/uploads/latestReleases/latest_release_1790590696633_c0f8dc21-040f-4f5c-bfc1-63be2e5775d7_Indices_IIP_2022-23_Monthly_annual_Aug_2026.xlsx,2026-09-28,2026-10-09T06:00:15.558936+00:00,2022-23,NIC-2025,Output PPI,https://www.mospi.gov.in/uploads/latestReleases/latest_release_1790590696008_1b346687-0a5f-445a-83a2-28283c586094_IIP_Press_Release_August_2026.pdf,7ca3d7b8a1fa698cd0eb10cf1b4104ce43bc63573b390231a69c673a28ac015c
2026-04,23,Manufacture of other non-metallic mineral products,115.8,3.3,Not specified,https://www.mospi.gov.in/uploads/latestReleases/latest_release_1790590696633_c0f8dc21-040f-4f5c-bfc1-63be2e5775d7_Indices_IIP_2022-23_Monthly_annual_Aug_2026.xlsx,2026-09-28,2026-10-09T06:00:15.558936+00:00,2022-23,NIC-2025,Output PPI,https://www.mospi.gov.in/uploads/latestReleases/latest_release_1790590696008_1b346687-0a5f-445a-83a2-28283c586094_IIP_Press_Release_August_2026.pdf,7ca3d7b8a1fa698cd0eb10cf1b4104ce43bc63573b390231a69c673a28ac015c
2026-04,24,Manufacture of basic metals,128.9,4.9,Not specified,https://www.mospi.gov.in/uploads/latestReleases/latest_release_1790590696633_c0f8dc21-040f-4f5c-bfc1-63be2e5775d7_Indices_IIP_2022-23_Monthly_annual_Aug_2026.xlsx,2026-09-28,2026-10-09T06:00:15.558936+00:00,2022-23,NIC-2025,Output PPI,https://www.mospi.gov.in/uploads/latestReleases/latest_release_1790590696008_1b346687-0a5f-445a-83a2-28283c586094_IIP_Press_Release_August_2026.pdf,7ca3d7b8a1fa698cd0eb10cf1b4104ce43bc63573b390231a69c673a28ac015c
2026-04,25,"Manufacture of fabricated metal products, except machinery and equipment",125.9,11.2,Not specified,https://www.mospi.gov.in/uploads/latestReleases/latest_release_1790590696633_c0f8dc21-040f-4f5c-bfc1-63be2e5775d7_Indices_IIP_2022-23_Monthly_annual_Aug_2026.xlsx,2026-09-28,2026-10-09T06:00:15.558936+00:00,2022-23,NIC-2025,Output PPI,https://www.mospi.gov.in/uploads/latestReleases/latest_release_1790590696008_1b346687-0a5f-445a-83a2-28283c586094_IIP_Press_Release_August_2026.pdf,7ca3d7b8a1fa698cd0eb10cf1b4104ce43bc63573b390231a69c673a28ac015c
2026-04,26,"Manufacture of computer, electronic and optical products",137.9,5.0,Not specified,https://www.mospi.gov.in/uploads/latestReleases/latest_release_1790590696633_c0f8dc21-040f-4f5c-bfc1-63be2e5775d7_Indices_IIP_2022-23_Monthly_annual_Aug_2026.xlsx,2026-09-28,2026-10-09T06:00:15.558936+00:00,2022-23,NIC-2025,Output PPI,https://www.mospi.gov.in/uploads/latestReleases/latest_release_1790590696008_1b346687-0a5f-445a-83a2-28283c586094_IIP_Press_Release_August_2026.pdf,7ca3d7b8a1fa698cd0eb10cf1b4104ce43bc63573b390231a69c673a28ac015c
2026-04,27,Manufacture of electrical equipment,151.5,21.7,Not specified,https://www.mospi.gov.in/uploads/latestReleases/latest_release_1790590696633_c0f8dc21-040f-4f5c-bfc1-63be2e5775d7_Indices_IIP_2022-23_Monthly_annual_Aug_2026.xlsx,2026-09-28,2026-10-09T06:00:15.558936+00:00,2022-23,NIC-2025,Output PPI,https://www.mospi.gov.in/uploads/latestReleases/latest_release_1790590696008_1b346687-0a5f-445a-83a2-28283c586094_IIP_Press_Release_August_2026.pdf,7ca3d7b8a1fa698cd0eb10cf1b4104ce43bc63573b390231a69c673a28ac015c
2026-04,28,Manufacture of machinery and equipment n.e.c.,109.9,5.1,Not specified,https://www.mospi.gov.in/uploads/latestReleases/latest_release_1790590696633_c0f8dc21-040f-4f5c-bfc1-63be2e5775d7_Indices_IIP_2022-23_Monthly_annual_Aug_2026.xlsx,2026-09-28,2026-10-09T06:00:15.558936+00:00,2022-23,NIC-2025,Output PPI,https://www.mospi.gov.in/uploads/latestReleases/latest_release_1790590696008_1b346687-0a5f-445a-83a2-28283c586094_IIP_Press_Release_August_2026.pdf,7ca3d7b8a1fa698cd0eb10cf1b4104ce43bc63573b390231a69c673a28ac015c
2026-04,29,"Manufacture of motor vehicles, trailers and semi-trailers",130.4,12.4,Not specified,https://www.mospi.gov.in/uploads/latestReleases/latest_release_1790590696633_c0f8dc21-040f-4f5c-bfc1-63be2e5775d7_Indices_IIP_2022-23_Monthly_annual_Aug_2026.xlsx,2026-09-28,2026-10-09T06:00:15.558936+00:00,2022-23,NIC-2025,Output PPI,https://www.mospi.gov.in/uploads/latestReleases/latest_release_1790590696008_1b346687-0a5f-445a-83a2-28283c586094_IIP_Press_Release_August_2026.pdf,7ca3d7b8a1fa698cd0eb10cf1b4104ce43bc63573b390231a69c673a28ac015c
2026-04,30,Manufacture of other transport equipment,153.4,24.3,Not specified,https://www.mospi.gov.in/uploads/latestReleases/latest_release_1790590696633_c0f8dc21-040f-4f5c-bfc1-63be2e5775d7_Indices_IIP_2022-23_Monthly_annual_Aug_2026.xlsx,2026-09-28,2026-10-09T06:00:15.558936+00:00,2022-23,NIC-2025,Output PPI,https://www.mospi.gov.in/uploads/latestReleases/latest_release_1790590696008_1b346687-0a5f-445a-83a2-28283c586094_IIP_Press_Release_August_2026.pdf,7ca3d7b8a1fa698cd0eb10cf1b4104ce43bc63573b390231a69c673a28ac015c
2026-04,31,Manufacture of furniture,109.8,-2.8,Not specified,https://www.mospi.gov.in/uploads/latestReleases/latest_release_1790590696633_c0f8dc21-040f-4f5c-bfc1-63be2e5775d7_Indices_IIP_2022-23_Monthly_annual_Aug_2026.xlsx,2026-09-28,2026-10-09T06:00:15.558936+00:00,2022-23,NIC-2025,Output PPI,https://www.mospi.gov.in/uploads/latestReleases/latest_release_1790590696008_1b346687-0a5f-445a-83a2-28283c586094_IIP_Press_Release_August_2026.pdf,7ca3d7b8a1fa698cd0eb10cf1b4104ce43bc63573b390231a69c673a28ac015c
2026-04,32,Other manufacturing,112.1,-4.7,Not specified,https://www.mospi.gov.in/uploads/latestReleases/latest_release_1790590696633_c0f8dc21-040f-4f5c-bfc1-63be2e5775d7_Indices_IIP_2022-23_Monthly_annual_Aug_2026.xlsx,2026-09-28,2026-10-09T06:00:15.558936+00:00,2022-23,NIC-2025,Output PPI,https://www.mospi.gov.in/uploads/latestReleases/latest_release_1790590696008_1b346687-0a5f-445a-83a2-28283c586094_IIP_Press_Release_August_2026.pdf,7ca3d7b8a1fa698cd0eb10cf1b4104ce43bc63573b390231a69c673a28ac015c
2026-05,10,Manufacture of food products,103.3,5.2,Not specified,https://www.mospi.gov.in/uploads/latestReleases/latest_release_1790590696633_c0f8dc21-040f-4f5c-bfc1-63be2e5775d7_Indices_IIP_2022-23_Monthly_annual_Aug_2026.xlsx,2026-09-28,2026-10-09T06:00:15.558936+00:00,2022-23,NIC-2025,Output PPI,https://www.mospi.gov.in/uploads/latestReleases/latest_release_1790590696008_1b346687-0a5f-445a-83a2-28283c586094_IIP_Press_Release_August_2026.pdf,7ca3d7b8a1fa698cd0eb10cf1b4104ce43bc63573b390231a69c673a28ac015c
2026-05,11,Manufacture of beverages,166.9,5.6,Not specified,https://www.mospi.gov.in/uploads/latestReleases/latest_release_1790590696633_c0f8dc21-040f-4f5c-bfc1-63be2e5775d7_Indices_IIP_2022-23_Monthly_annual_Aug_2026.xlsx,2026-09-28,2026-10-09T06:00:15.558936+00:00,2022-23,NIC-2025,Output PPI,https://www.mospi.gov.in/uploads/latestReleases/latest_release_1790590696008_1b346687-0a5f-445a-83a2-28283c586094_IIP_Press_Release_August_2026.pdf,7ca3d7b8a1fa698cd0eb10cf1b4104ce43bc63573b390231a69c673a28ac015c
2026-05,12,Manufacture of tobacco products,113.7,-6.6,Not specified,https://www.mospi.gov.in/uploads/latestReleases/latest_release_1790590696633_c0f8dc21-040f-4f5c-bfc1-63be2e5775d7_Indices_IIP_2022-23_Monthly_annual_Aug_2026.xlsx,2026-09-28,2026-10-09T06:00:15.558936+00:00,2022-23,NIC-2025,Output PPI,https://www.mospi.gov.in/uploads/latestReleases/latest_release_1790590696008_1b346687-0a5f-445a-83a2-28283c586094_IIP_Press_Release_August_2026.pdf,7ca3d7b8a1fa698cd0eb10cf1b4104ce43bc63573b390231a69c673a28ac015c
2026-05,13,Manufacture of textiles,136.8,13.2,Not specified,https://www.mospi.gov.in/uploads/latestReleases/latest_release_1790590696633_c0f8dc21-040f-4f5c-bfc1-63be2e5775d7_Indices_IIP_2022-23_Monthly_annual_Aug_2026.xlsx,2026-09-28,2026-10-09T06:00:15.558936+00:00,2022-23,NIC-2025,Output PPI,https://www.mospi.gov.in/uploads/latestReleases/latest_release_1790590696008_1b346687-0a5f-445a-83a2-28283c586094_IIP_Press_Release_August_2026.pdf,7ca3d7b8a1fa698cd0eb10cf1b4104ce43bc63573b390231a69c673a28ac015c
2026-05,14,Manufacture of wearing apparel,94.7,-8.6,Not specified,https://www.mospi.gov.in/uploads/latestReleases/latest_release_1790590696633_c0f8dc21-040f-4f5c-bfc1-63be2e5775d7_Indices_IIP_2022-23_Monthly_annual_Aug_2026.xlsx,2026-09-28,2026-10-09T06:00:15.558936+00:00,2022-23,NIC-2025,Output PPI,https://www.mospi.gov.in/uploads/latestReleases/latest_release_1790590696008_1b346687-0a5f-445a-83a2-28283c586094_IIP_Press_Release_August_2026.pdf,7ca3d7b8a1fa698cd0eb10cf1b4104ce43bc63573b390231a69c673a28ac015c
2026-05,15,Manufacture of leather and related products,102.1,-5.6,Not specified,https://www.mospi.gov.in/uploads/latestReleases/latest_release_1790590696633_c0f8dc21-040f-4f5c-bfc1-63be2e5775d7_Indices_IIP_2022-23_Monthly_annual_Aug_2026.xlsx,2026-09-28,2026-10-09T06:00:15.558936+00:00,2022-23,NIC-2025,Output PPI,https://www.mospi.gov.in/uploads/latestReleases/latest_release_1790590696008_1b346687-0a5f-445a-83a2-28283c586094_IIP_Press_Release_August_2026.pdf,7ca3d7b8a1fa698cd0eb10cf1b4104ce43bc63573b390231a69c673a28ac015c
2026-05,16,"Manufacture of wood and products of wood and cork, except furniture; manufacture of articles of straw and plaiting materials",94.7,-4.9,Not specified,https://www.mospi.gov.in/uploads/latestReleases/latest_release_1790590696633_c0f8dc21-040f-4f5c-bfc1-63be2e5775d7_Indices_IIP_2022-23_Monthly_annual_Aug_2026.xlsx,2026-09-28,2026-10-09T06:00:15.558936+00:00,2022-23,NIC-2025,Output PPI,https://www.mospi.gov.in/uploads/latestReleases/latest_release_1790590696008_1b346687-0a5f-445a-83a2-28283c586094_IIP_Press_Release_August_2026.pdf,7ca3d7b8a1fa698cd0eb10cf1b4104ce43bc63573b390231a69c673a28ac015c
2026-05,17,Manufacture of paper and paper products,119.5,11.4,Not specified,https://www.mospi.gov.in/uploads/latestReleases/latest_release_1790590696633_c0f8dc21-040f-4f5c-bfc1-63be2e5775d7_Indices_IIP_2022-23_Monthly_annual_Aug_2026.xlsx,2026-09-28,2026-10-09T06:00:15.558936+00:00,2022-23,NIC-2025,Output PPI,https://www.mospi.gov.in/uploads/latestReleases/latest_release_1790590696008_1b346687-0a5f-445a-83a2-28283c586094_IIP_Press_Release_August_2026.pdf,7ca3d7b8a1fa698cd0eb10cf1b4104ce43bc63573b390231a69c673a28ac015c
2026-05,18,Printing and reproduction of recorded media,97.5,-8.3,Not specified,https://www.mospi.gov.in/uploads/latestReleases/latest_release_1790590696633_c0f8dc21-040f-4f5c-bfc1-63be2e5775d7_Indices_IIP_2022-23_Monthly_annual_Aug_2026.xlsx,2026-09-28,2026-10-09T06:00:15.558936+00:00,2022-23,NIC-2025,Output PPI,https://www.mospi.gov.in/uploads/latestReleases/latest_release_1790590696008_1b346687-0a5f-445a-83a2-28283c586094_IIP_Press_Release_August_2026.pdf,7ca3d7b8a1fa698cd0eb10cf1b4104ce43bc63573b390231a69c673a28ac015c
2026-05,19,Manufacture of coke and refined petroleum products,106.8,-4.8,Not specified,https://www.mospi.gov.in/uploads/latestReleases/latest_release_1790590696633_c0f8dc21-040f-4f5c-bfc1-63be2e5775d7_Indices_IIP_2022-23_Monthly_annual_Aug_2026.xlsx,2026-09-28,2026-10-09T06:00:15.558936+00:00,2022-23,NIC-2025,Output PPI,https://www.mospi.gov.in/uploads/latestReleases/latest_release_1790590696008_1b346687-0a5f-445a-83a2-28283c586094_IIP_Press_Release_August_2026.pdf,7ca3d7b8a1fa698cd0eb10cf1b4104ce43bc63573b390231a69c673a28ac015c
2026-05,20,Manufacture of chemicals and chemical products,108.0,-1.5,Not specified,https://www.mospi.gov.in/uploads/latestReleases/latest_release_1790590696633_c0f8dc21-040f-4f5c-bfc1-63be2e5775d7_Indices_IIP_2022-23_Monthly_annual_Aug_2026.xlsx,2026-09-28,2026-10-09T06:00:15.558936+00:00,2022-23,NIC-2025,Output PPI,https://www.mospi.gov.in/uploads/latestReleases/latest_release_1790590696008_1b346687-0a5f-445a-83a2-28283c586094_IIP_Press_Release_August_2026.pdf,7ca3d7b8a1fa698cd0eb10cf1b4104ce43bc63573b390231a69c673a28ac015c
2026-05,21,Manufacture of basic pharmaceutical products and pharmaceutical preparations,115.3,-6.1,Not specified,https://www.mospi.gov.in/uploads/latestReleases/latest_release_1790590696633_c0f8dc21-040f-4f5c-bfc1-63be2e5775d7_Indices_IIP_2022-23_Monthly_annual_Aug_2026.xlsx,2026-09-28,2026-10-09T06:00:15.558936+00:00,2022-23,NIC-2025,Output PPI,https://www.mospi.gov.in/uploads/latestReleases/latest_release_1790590696008_1b346687-0a5f-445a-83a2-28283c586094_IIP_Press_Release_August_2026.pdf,7ca3d7b8a1fa698cd0eb10cf1b4104ce43bc63573b390231a69c673a28ac015c
2026-05,22,Manufacture of rubber and plastics products,111.4,4.3,Not specified,https://www.mospi.gov.in/uploads/latestReleases/latest_release_1790590696633_c0f8dc21-040f-4f5c-bfc1-63be2e5775d7_Indices_IIP_2022-23_Monthly_annual_Aug_2026.xlsx,2026-09-28,2026-10-09T06:00:15.558936+00:00,2022-23,NIC-2025,Output PPI,https://www.mospi.gov.in/uploads/latestReleases/latest_release_1790590696008_1b346687-0a5f-445a-83a2-28283c586094_IIP_Press_Release_August_2026.pdf,7ca3d7b8a1fa698cd0eb10cf1b4104ce43bc63573b390231a69c673a28ac015c
2026-05,23,Manufacture of other non-metallic mineral products,122.3,5.8,Not specified,https://www.mospi.gov.in/uploads/latestReleases/latest_release_1790590696633_c0f8dc21-040f-4f5c-bfc1-63be2e5775d7_Indices_IIP_2022-23_Monthly_annual_Aug_2026.xlsx,2026-09-28,2026-10-09T06:00:15.558936+00:00,2022-23,NIC-2025,Output PPI,https://www.mospi.gov.in/uploads/latestReleases/latest_release_1790590696008_1b346687-0a5f-445a-83a2-28283c586094_IIP_Press_Release_August_2026.pdf,7ca3d7b8a1fa698cd0eb10cf1b4104ce43bc63573b390231a69c673a28ac015c
2026-05,24,Manufacture of basic metals,131.8,4.0,Not specified,https://www.mospi.gov.in/uploads/latestReleases/latest_release_1790590696633_c0f8dc21-040f-4f5c-bfc1-63be2e5775d7_Indices_IIP_2022-23_Monthly_annual_Aug_2026.xlsx,2026-09-28,2026-10-09T06:00:15.558936+00:00,2022-23,NIC-2025,Output PPI,https://www.mospi.gov.in/uploads/latestReleases/latest_release_1790590696008_1b346687-0a5f-445a-83a2-28283c586094_IIP_Press_Release_August_2026.pdf,7ca3d7b8a1fa698cd0eb10cf1b4104ce43bc63573b390231a69c673a28ac015c
2026-05,25,"Manufacture of fabricated metal products, except machinery and equipment",128.4,14.0,Not specified,https://www.mospi.gov.in/uploads/latestReleases/latest_release_1790590696633_c0f8dc21-040f-4f5c-bfc1-63be2e5775d7_Indices_IIP_2022-23_Monthly_annual_Aug_2026.xlsx,2026-09-28,2026-10-09T06:00:15.558936+00:00,2022-23,NIC-2025,Output PPI,https://www.mospi.gov.in/uploads/latestReleases/latest_release_1790590696008_1b346687-0a5f-445a-83a2-28283c586094_IIP_Press_Release_August_2026.pdf,7ca3d7b8a1fa698cd0eb10cf1b4104ce43bc63573b390231a69c673a28ac015c
2026-05,26,"Manufacture of computer, electronic and optical products",160.0,19.9,Not specified,https://www.mospi.gov.in/uploads/latestReleases/latest_release_1790590696633_c0f8dc21-040f-4f5c-bfc1-63be2e5775d7_Indices_IIP_2022-23_Monthly_annual_Aug_2026.xlsx,2026-09-28,2026-10-09T06:00:15.558936+00:00,2022-23,NIC-2025,Output PPI,https://www.mospi.gov.in/uploads/latestReleases/latest_release_1790590696008_1b346687-0a5f-445a-83a2-28283c586094_IIP_Press_Release_August_2026.pdf,7ca3d7b8a1fa698cd0eb10cf1b4104ce43bc63573b390231a69c673a28ac015c
2026-05,27,Manufacture of electrical equipment,162.5,21.7,Not specified,https://www.mospi.gov.in/uploads/latestReleases/latest_release_1790590696633_c0f8dc21-040f-4f5c-bfc1-63be2e5775d7_Indices_IIP_2022-23_Monthly_annual_Aug_2026.xlsx,2026-09-28,2026-10-09T06:00:15.558936+00:00,2022-23,NIC-2025,Output PPI,https://www.mospi.gov.in/uploads/latestReleases/latest_release_1790590696008_1b346687-0a5f-445a-83a2-28283c586094_IIP_Press_Release_August_2026.pdf,7ca3d7b8a1fa698cd0eb10cf1b4104ce43bc63573b390231a69c673a28ac015c
2026-05,28,Manufacture of machinery and equipment n.e.c.,125.9,9.5,Not specified,https://www.mospi.gov.in/uploads/latestReleases/latest_release_1790590696633_c0f8dc21-040f-4f5c-bfc1-63be2e5775d7_Indices_IIP_2022-23_Monthly_annual_Aug_2026.xlsx,2026-09-28,2026-10-09T06:00:15.558936+00:00,2022-23,NIC-2025,Output PPI,https://www.mospi.gov.in/uploads/latestReleases/latest_release_1790590696008_1b346687-0a5f-445a-83a2-28283c586094_IIP_Press_Release_August_2026.pdf,7ca3d7b8a1fa698cd0eb10cf1b4104ce43bc63573b390231a69c673a28ac015c
2026-05,29,"Manufacture of motor vehicles, trailers and semi-trailers",132.9,15.3,Not specified,https://www.mospi.gov.in/uploads/latestReleases/latest_release_1790590696633_c0f8dc21-040f-4f5c-bfc1-63be2e5775d7_Indices_IIP_2022-23_Monthly_annual_Aug_2026.xlsx,2026-09-28,2026-10-09T06:00:15.558936+00:00,2022-23,NIC-2025,Output PPI,https://www.mospi.gov.in/uploads/latestReleases/latest_release_1790590696008_1b346687-0a5f-445a-83a2-28283c586094_IIP_Press_Release_August_2026.pdf,7ca3d7b8a1fa698cd0eb10cf1b4104ce43bc63573b390231a69c673a28ac015c
2026-05,30,Manufacture of other transport equipment,146.8,9.6,Not specified,https://www.mospi.gov.in/uploads/latestReleases/latest_release_1790590696633_c0f8dc21-040f-4f5c-bfc1-63be2e5775d7_Indices_IIP_2022-23_Monthly_annual_Aug_2026.xlsx,2026-09-28,2026-10-09T06:00:15.558936+00:00,2022-23,NIC-2025,Output PPI,https://www.mospi.gov.in/uploads/latestReleases/latest_release_1790590696008_1b346687-0a5f-445a-83a2-28283c586094_IIP_Press_Release_August_2026.pdf,7ca3d7b8a1fa698cd0eb10cf1b4104ce43bc63573b390231a69c673a28ac015c
2026-05,31,Manufacture of furniture,116.3,5.8,Not specified,https://www.mospi.gov.in/uploads/latestReleases/latest_release_1790590696633_c0f8dc21-040f-4f5c-bfc1-63be2e5775d7_Indices_IIP_2022-23_Monthly_annual_Aug_2026.xlsx,2026-09-28,2026-10-09T06:00:15.558936+00:00,2022-23,NIC-2025,Output PPI,https://www.mospi.gov.in/uploads/latestReleases/latest_release_1790590696008_1b346687-0a5f-445a-83a2-28283c586094_IIP_Press_Release_August_2026.pdf,7ca3d7b8a1fa698cd0eb10cf1b4104ce43bc63573b390231a69c673a28ac015c
2026-05,32,Other manufacturing,100.7,7.4,Not specified,https://www.mospi.gov.in/uploads/latestReleases/latest_release_1790590696633_c0f8dc21-040f-4f5c-bfc1-63be2e5775d7_Indices_IIP_2022-23_Monthly_annual_Aug_2026.xlsx,2026-09-28,2026-10-09T06:00:15.558936+00:00,2022-23,NIC-2025,Output PPI,https://www.mospi.gov.in/uploads/latestReleases/latest_release_1790590696008_1b346687-0a5f-445a-83a2-28283c586094_IIP_Press_Release_August_2026.pdf,7ca3d7b8a1fa698cd0eb10cf1b4104ce43bc63573b390231a69c673a28ac015c
2026-06,10,Manufacture of food products,103.6,10.3,Not specified,https://www.mospi.gov.in/uploads/latestReleases/latest_release_1790590696633_c0f8dc21-040f-4f5c-bfc1-63be2e5775d7_Indices_IIP_2022-23_Monthly_annual_Aug_2026.xlsx,2026-09-28,2026-10-09T06:00:15.558936+00:00,2022-23,NIC-2025,Output PPI,https://www.mospi.gov.in/uploads/latestReleases/latest_release_1790590696008_1b346687-0a5f-445a-83a2-28283c586094_IIP_Press_Release_August_2026.pdf,7ca3d7b8a1fa698cd0eb10cf1b4104ce43bc63573b390231a69c673a28ac015c
2026-06,11,Manufacture of beverages,152.7,11.9,Not specified,https://www.mospi.gov.in/uploads/latestReleases/latest_release_1790590696633_c0f8dc21-040f-4f5c-bfc1-63be2e5775d7_Indices_IIP_2022-23_Monthly_annual_Aug_2026.xlsx,2026-09-28,2026-10-09T06:00:15.558936+00:00,2022-23,NIC-2025,Output PPI,https://www.mospi.gov.in/uploads/latestReleases/latest_release_1790590696008_1b346687-0a5f-445a-83a2-28283c586094_IIP_Press_Release_August_2026.pdf,7ca3d7b8a1fa698cd0eb10cf1b4104ce43bc63573b390231a69c673a28ac015c
2026-06,12,Manufacture of tobacco products,116.8,3.5,Not specified,https://www.mospi.gov.in/uploads/latestReleases/latest_release_1790590696633_c0f8dc21-040f-4f5c-bfc1-63be2e5775d7_Indices_IIP_2022-23_Monthly_annual_Aug_2026.xlsx,2026-09-28,2026-10-09T06:00:15.558936+00:00,2022-23,NIC-2025,Output PPI,https://www.mospi.gov.in/uploads/latestReleases/latest_release_1790590696008_1b346687-0a5f-445a-83a2-28283c586094_IIP_Press_Release_August_2026.pdf,7ca3d7b8a1fa698cd0eb10cf1b4104ce43bc63573b390231a69c673a28ac015c
2026-06,13,Manufacture of textiles,135.8,13.2,Not specified,https://www.mospi.gov.in/uploads/latestReleases/latest_release_1790590696633_c0f8dc21-040f-4f5c-bfc1-63be2e5775d7_Indices_IIP_2022-23_Monthly_annual_Aug_2026.xlsx,2026-09-28,2026-10-09T06:00:15.558936+00:00,2022-23,NIC-2025,Output PPI,https://www.mospi.gov.in/uploads/latestReleases/latest_release_1790590696008_1b346687-0a5f-445a-83a2-28283c586094_IIP_Press_Release_August_2026.pdf,7ca3d7b8a1fa698cd0eb10cf1b4104ce43bc63573b390231a69c673a28ac015c
2026-06,14,Manufacture of wearing apparel,98.1,-4.5,Not specified,https://www.mospi.gov.in/uploads/latestReleases/latest_release_1790590696633_c0f8dc21-040f-4f5c-bfc1-63be2e5775d7_Indices_IIP_2022-23_Monthly_annual_Aug_2026.xlsx,2026-09-28,2026-10-09T06:00:15.558936+00:00,2022-23,NIC-2025,Output PPI,https://www.mospi.gov.in/uploads/latestReleases/latest_release_1790590696008_1b346687-0a5f-445a-83a2-28283c586094_IIP_Press_Release_August_2026.pdf,7ca3d7b8a1fa698cd0eb10cf1b4104ce43bc63573b390231a69c673a28ac015c
2026-06,15,Manufacture of leather and related products,108.0,7.9,Not specified,https://www.mospi.gov.in/uploads/latestReleases/latest_release_1790590696633_c0f8dc21-040f-4f5c-bfc1-63be2e5775d7_Indices_IIP_2022-23_Monthly_annual_Aug_2026.xlsx,2026-09-28,2026-10-09T06:00:15.558936+00:00,2022-23,NIC-2025,Output PPI,https://www.mospi.gov.in/uploads/latestReleases/latest_release_1790590696008_1b346687-0a5f-445a-83a2-28283c586094_IIP_Press_Release_August_2026.pdf,7ca3d7b8a1fa698cd0eb10cf1b4104ce43bc63573b390231a69c673a28ac015c
2026-06,16,"Manufacture of wood and products of wood and cork, except furniture; manufacture of articles of straw and plaiting materials",104.5,-3.8,Not specified,https://www.mospi.gov.in/uploads/latestReleases/latest_release_1790590696633_c0f8dc21-040f-4f5c-bfc1-63be2e5775d7_Indices_IIP_2022-23_Monthly_annual_Aug_2026.xlsx,2026-09-28,2026-10-09T06:00:15.558936+00:00,2022-23,NIC-2025,Output PPI,https://www.mospi.gov.in/uploads/latestReleases/latest_release_1790590696008_1b346687-0a5f-445a-83a2-28283c586094_IIP_Press_Release_August_2026.pdf,7ca3d7b8a1fa698cd0eb10cf1b4104ce43bc63573b390231a69c673a28ac015c
2026-06,17,Manufacture of paper and paper products,115.8,10.2,Not specified,https://www.mospi.gov.in/uploads/latestReleases/latest_release_1790590696633_c0f8dc21-040f-4f5c-bfc1-63be2e5775d7_Indices_IIP_2022-23_Monthly_annual_Aug_2026.xlsx,2026-09-28,2026-10-09T06:00:15.558936+00:00,2022-23,NIC-2025,Output PPI,https://www.mospi.gov.in/uploads/latestReleases/latest_release_1790590696008_1b346687-0a5f-445a-83a2-28283c586094_IIP_Press_Release_August_2026.pdf,7ca3d7b8a1fa698cd0eb10cf1b4104ce43bc63573b390231a69c673a28ac015c
2026-06,18,Printing and reproduction of recorded media,99.5,3.9,Not specified,https://www.mospi.gov.in/uploads/latestReleases/latest_release_1790590696633_c0f8dc21-040f-4f5c-bfc1-63be2e5775d7_Indices_IIP_2022-23_Monthly_annual_Aug_2026.xlsx,2026-09-28,2026-10-09T06:00:15.558936+00:00,2022-23,NIC-2025,Output PPI,https://www.mospi.gov.in/uploads/latestReleases/latest_release_1790590696008_1b346687-0a5f-445a-83a2-28283c586094_IIP_Press_Release_August_2026.pdf,7ca3d7b8a1fa698cd0eb10cf1b4104ce43bc63573b390231a69c673a28ac015c
2026-06,19,Manufacture of coke and refined petroleum products,108.4,-0.4,Not specified,https://www.mospi.gov.in/uploads/latestReleases/latest_release_1790590696633_c0f8dc21-040f-4f5c-bfc1-63be2e5775d7_Indices_IIP_2022-23_Monthly_annual_Aug_2026.xlsx,2026-09-28,2026-10-09T06:00:15.558936+00:00,2022-23,NIC-2025,Output PPI,https://www.mospi.gov.in/uploads/latestReleases/latest_release_1790590696008_1b346687-0a5f-445a-83a2-28283c586094_IIP_Press_Release_August_2026.pdf,7ca3d7b8a1fa698cd0eb10cf1b4104ce43bc63573b390231a69c673a28ac015c
2026-06,20,Manufacture of chemicals and chemical products,108.0,-1.0,Not specified,https://www.mospi.gov.in/uploads/latestReleases/latest_release_1790590696633_c0f8dc21-040f-4f5c-bfc1-63be2e5775d7_Indices_IIP_2022-23_Monthly_annual_Aug_2026.xlsx,2026-09-28,2026-10-09T06:00:15.558936+00:00,2022-23,NIC-2025,Output PPI,https://www.mospi.gov.in/uploads/latestReleases/latest_release_1790590696008_1b346687-0a5f-445a-83a2-28283c586094_IIP_Press_Release_August_2026.pdf,7ca3d7b8a1fa698cd0eb10cf1b4104ce43bc63573b390231a69c673a28ac015c
2026-06,21,Manufacture of basic pharmaceutical products and pharmaceutical preparations,123.7,3.0,Not specified,https://www.mospi.gov.in/uploads/latestReleases/latest_release_1790590696633_c0f8dc21-040f-4f5c-bfc1-63be2e5775d7_Indices_IIP_2022-23_Monthly_annual_Aug_2026.xlsx,2026-09-28,2026-10-09T06:00:15.558936+00:00,2022-23,NIC-2025,Output PPI,https://www.mospi.gov.in/uploads/latestReleases/latest_release_1790590696008_1b346687-0a5f-445a-83a2-28283c586094_IIP_Press_Release_August_2026.pdf,7ca3d7b8a1fa698cd0eb10cf1b4104ce43bc63573b390231a69c673a28ac015c
2026-06,22,Manufacture of rubber and plastics products,124.1,20.5,Not specified,https://www.mospi.gov.in/uploads/latestReleases/latest_release_1790590696633_c0f8dc21-040f-4f5c-bfc1-63be2e5775d7_Indices_IIP_2022-23_Monthly_annual_Aug_2026.xlsx,2026-09-28,2026-10-09T06:00:15.558936+00:00,2022-23,NIC-2025,Output PPI,https://www.mospi.gov.in/uploads/latestReleases/latest_release_1790590696008_1b346687-0a5f-445a-83a2-28283c586094_IIP_Press_Release_August_2026.pdf,7ca3d7b8a1fa698cd0eb10cf1b4104ce43bc63573b390231a69c673a28ac015c
2026-06,23,Manufacture of other non-metallic mineral products,130.6,13.5,Not specified,https://www.mospi.gov.in/uploads/latestReleases/latest_release_1790590696633_c0f8dc21-040f-4f5c-bfc1-63be2e5775d7_Indices_IIP_2022-23_Monthly_annual_Aug_2026.xlsx,2026-09-28,2026-10-09T06:00:15.558936+00:00,2022-23,NIC-2025,Output PPI,https://www.mospi.gov.in/uploads/latestReleases/latest_release_1790590696008_1b346687-0a5f-445a-83a2-28283c586094_IIP_Press_Release_August_2026.pdf,7ca3d7b8a1fa698cd0eb10cf1b4104ce43bc63573b390231a69c673a28ac015c
2026-06,24,Manufacture of basic metals,129.8,3.8,Not specified,https://www.mospi.gov.in/uploads/latestReleases/latest_release_1790590696633_c0f8dc21-040f-4f5c-bfc1-63be2e5775d7_Indices_IIP_2022-23_Monthly_annual_Aug_2026.xlsx,2026-09-28,2026-10-09T06:00:15.558936+00:00,2022-23,NIC-2025,Output PPI,https://www.mospi.gov.in/uploads/latestReleases/latest_release_1790590696008_1b346687-0a5f-445a-83a2-28283c586094_IIP_Press_Release_August_2026.pdf,7ca3d7b8a1fa698cd0eb10cf1b4104ce43bc63573b390231a69c673a28ac015c
2026-06,25,"Manufacture of fabricated metal products, except machinery and equipment",135.1,8.9,Not specified,https://www.mospi.gov.in/uploads/latestReleases/latest_release_1790590696633_c0f8dc21-040f-4f5c-bfc1-63be2e5775d7_Indices_IIP_2022-23_Monthly_annual_Aug_2026.xlsx,2026-09-28,2026-10-09T06:00:15.558936+00:00,2022-23,NIC-2025,Output PPI,https://www.mospi.gov.in/uploads/latestReleases/latest_release_1790590696008_1b346687-0a5f-445a-83a2-28283c586094_IIP_Press_Release_August_2026.pdf,7ca3d7b8a1fa698cd0eb10cf1b4104ce43bc63573b390231a69c673a28ac015c
2026-06,26,"Manufacture of computer, electronic and optical products",154.2,12.1,Not specified,https://www.mospi.gov.in/uploads/latestReleases/latest_release_1790590696633_c0f8dc21-040f-4f5c-bfc1-63be2e5775d7_Indices_IIP_2022-23_Monthly_annual_Aug_2026.xlsx,2026-09-28,2026-10-09T06:00:15.558936+00:00,2022-23,NIC-2025,Output PPI,https://www.mospi.gov.in/uploads/latestReleases/latest_release_1790590696008_1b346687-0a5f-445a-83a2-28283c586094_IIP_Press_Release_August_2026.pdf,7ca3d7b8a1fa698cd0eb10cf1b4104ce43bc63573b390231a69c673a28ac015c
2026-06,27,Manufacture of electrical equipment,179.4,37.6,Not specified,https://www.mospi.gov.in/uploads/latestReleases/latest_release_1790590696633_c0f8dc21-040f-4f5c-bfc1-63be2e5775d7_Indices_IIP_2022-23_Monthly_annual_Aug_2026.xlsx,2026-09-28,2026-10-09T06:00:15.558936+00:00,2022-23,NIC-2025,Output PPI,https://www.mospi.gov.in/uploads/latestReleases/latest_release_1790590696008_1b346687-0a5f-445a-83a2-28283c586094_IIP_Press_Release_August_2026.pdf,7ca3d7b8a1fa698cd0eb10cf1b4104ce43bc63573b390231a69c673a28ac015c
2026-06,28,Manufacture of machinery and equipment n.e.c.,135.7,12.3,Not specified,https://www.mospi.gov.in/uploads/latestReleases/latest_release_1790590696633_c0f8dc21-040f-4f5c-bfc1-63be2e5775d7_Indices_IIP_2022-23_Monthly_annual_Aug_2026.xlsx,2026-09-28,2026-10-09T06:00:15.558936+00:00,2022-23,NIC-2025,Output PPI,https://www.mospi.gov.in/uploads/latestReleases/latest_release_1790590696008_1b346687-0a5f-445a-83a2-28283c586094_IIP_Press_Release_August_2026.pdf,7ca3d7b8a1fa698cd0eb10cf1b4104ce43bc63573b390231a69c673a28ac015c
2026-06,29,"Manufacture of motor vehicles, trailers and semi-trailers",128.4,18.3,Not specified,https://www.mospi.gov.in/uploads/latestReleases/latest_release_1790590696633_c0f8dc21-040f-4f5c-bfc1-63be2e5775d7_Indices_IIP_2022-23_Monthly_annual_Aug_2026.xlsx,2026-09-28,2026-10-09T06:00:15.558936+00:00,2022-23,NIC-2025,Output PPI,https://www.mospi.gov.in/uploads/latestReleases/latest_release_1790590696008_1b346687-0a5f-445a-83a2-28283c586094_IIP_Press_Release_August_2026.pdf,7ca3d7b8a1fa698cd0eb10cf1b4104ce43bc63573b390231a69c673a28ac015c
2026-06,30,Manufacture of other transport equipment,162.5,25.2,Not specified,https://www.mospi.gov.in/uploads/latestReleases/latest_release_1790590696633_c0f8dc21-040f-4f5c-bfc1-63be2e5775d7_Indices_IIP_2022-23_Monthly_annual_Aug_2026.xlsx,2026-09-28,2026-10-09T06:00:15.558936+00:00,2022-23,NIC-2025,Output PPI,https://www.mospi.gov.in/uploads/latestReleases/latest_release_1790590696008_1b346687-0a5f-445a-83a2-28283c586094_IIP_Press_Release_August_2026.pdf,7ca3d7b8a1fa698cd0eb10cf1b4104ce43bc63573b390231a69c673a28ac015c
2026-06,31,Manufacture of furniture,123.8,9.9,Not specified,https://www.mospi.gov.in/uploads/latestReleases/latest_release_1790590696633_c0f8dc21-040f-4f5c-bfc1-63be2e5775d7_Indices_IIP_2022-23_Monthly_annual_Aug_2026.xlsx,2026-09-28,2026-10-09T06:00:15.558936+00:00,2022-23,NIC-2025,Output PPI,https://www.mospi.gov.in/uploads/latestReleases/latest_release_1790590696008_1b346687-0a5f-445a-83a2-28283c586094_IIP_Press_Release_August_2026.pdf,7ca3d7b8a1fa698cd0eb10cf1b4104ce43bc63573b390231a69c673a28ac015c
2026-06,32,Other manufacturing,106.8,11.1,Not specified,https://www.mospi.gov.in/uploads/latestReleases/latest_release_1790590696633_c0f8dc21-040f-4f5c-bfc1-63be2e5775d7_Indices_IIP_2022-23_Monthly_annual_Aug_2026.xlsx,2026-09-28,2026-10-09T06:00:15.558936+00:00,2022-23,NIC-2025,Output PPI,https://www.mospi.gov.in/uploads/latestReleases/latest_release_1790590696008_1b346687-0a5f-445a-83a2-28283c586094_IIP_Press_Release_August_2026.pdf,7ca3d7b8a1fa698cd0eb10cf1b4104ce43bc63573b390231a69c673a28ac015c
2026-07,10,Manufacture of food products,105.5,2.1,Final estimate,https://www.mospi.gov.in/uploads/latestReleases/latest_release_1790590696633_c0f8dc21-040f-4f5c-bfc1-63be2e5775d7_Indices_IIP_2022-23_Monthly_annual_Aug_2026.xlsx,2026-09-28,2026-10-09T06:00:15.558936+00:00,2022-23,NIC-2025,Output PPI,https://www.mospi.gov.in/uploads/latestReleases/latest_release_1790590696008_1b346687-0a5f-445a-83a2-28283c586094_IIP_Press_Release_August_2026.pdf,7ca3d7b8a1fa698cd0eb10cf1b4104ce43bc63573b390231a69c673a28ac015c
2026-07,11,Manufacture of beverages,126.3,20.7,Final estimate,https://www.mospi.gov.in/uploads/latestReleases/latest_release_1790590696633_c0f8dc21-040f-4f5c-bfc1-63be2e5775d7_Indices_IIP_2022-23_Monthly_annual_Aug_2026.xlsx,2026-09-28,2026-10-09T06:00:15.558936+00:00,2022-23,NIC-2025,Output PPI,https://www.mospi.gov.in/uploads/latestReleases/latest_release_1790590696008_1b346687-0a5f-445a-83a2-28283c586094_IIP_Press_Release_August_2026.pdf,7ca3d7b8a1fa698cd0eb10cf1b4104ce43bc63573b390231a69c673a28ac015c
2026-07,12,Manufacture of tobacco products,108.1,-11.8,Final estimate,https://www.mospi.gov.in/uploads/latestReleases/latest_release_1790590696633_c0f8dc21-040f-4f5c-bfc1-63be2e5775d7_Indices_IIP_2022-23_Monthly_annual_Aug_2026.xlsx,2026-09-28,2026-10-09T06:00:15.558936+00:00,2022-23,NIC-2025,Output PPI,https://www.mospi.gov.in/uploads/latestReleases/latest_release_1790590696008_1b346687-0a5f-445a-83a2-28283c586094_IIP_Press_Release_August_2026.pdf,7ca3d7b8a1fa698cd0eb10cf1b4104ce43bc63573b390231a69c673a28ac015c
2026-07,13,Manufacture of textiles,136.3,4.5,Final estimate,https://www.mospi.gov.in/uploads/latestReleases/latest_release_1790590696633_c0f8dc21-040f-4f5c-bfc1-63be2e5775d7_Indices_IIP_2022-23_Monthly_annual_Aug_2026.xlsx,2026-09-28,2026-10-09T06:00:15.558936+00:00,2022-23,NIC-2025,Output PPI,https://www.mospi.gov.in/uploads/latestReleases/latest_release_1790590696008_1b346687-0a5f-445a-83a2-28283c586094_IIP_Press_Release_August_2026.pdf,7ca3d7b8a1fa698cd0eb10cf1b4104ce43bc63573b390231a69c673a28ac015c
2026-07,14,Manufacture of wearing apparel,95.9,-0.6,Final estimate,https://www.mospi.gov.in/uploads/latestReleases/latest_release_1790590696633_c0f8dc21-040f-4f5c-bfc1-63be2e5775d7_Indices_IIP_2022-23_Monthly_annual_Aug_2026.xlsx,2026-09-28,2026-10-09T06:00:15.558936+00:00,2022-23,NIC-2025,Output PPI,https://www.mospi.gov.in/uploads/latestReleases/latest_release_1790590696008_1b346687-0a5f-445a-83a2-28283c586094_IIP_Press_Release_August_2026.pdf,7ca3d7b8a1fa698cd0eb10cf1b4104ce43bc63573b390231a69c673a28ac015c
2026-07,15,Manufacture of leather and related products,113.3,0.9,Final estimate,https://www.mospi.gov.in/uploads/latestReleases/latest_release_1790590696633_c0f8dc21-040f-4f5c-bfc1-63be2e5775d7_Indices_IIP_2022-23_Monthly_annual_Aug_2026.xlsx,2026-09-28,2026-10-09T06:00:15.558936+00:00,2022-23,NIC-2025,Output PPI,https://www.mospi.gov.in/uploads/latestReleases/latest_release_1790590696008_1b346687-0a5f-445a-83a2-28283c586094_IIP_Press_Release_August_2026.pdf,7ca3d7b8a1fa698cd0eb10cf1b4104ce43bc63573b390231a69c673a28ac015c
2026-07,16,"Manufacture of wood and products of wood and cork, except furniture; manufacture of articles of straw and plaiting materials",113.2,7.8,Final estimate,https://www.mospi.gov.in/uploads/latestReleases/latest_release_1790590696633_c0f8dc21-040f-4f5c-bfc1-63be2e5775d7_Indices_IIP_2022-23_Monthly_annual_Aug_2026.xlsx,2026-09-28,2026-10-09T06:00:15.558936+00:00,2022-23,NIC-2025,Output PPI,https://www.mospi.gov.in/uploads/latestReleases/latest_release_1790590696008_1b346687-0a5f-445a-83a2-28283c586094_IIP_Press_Release_August_2026.pdf,7ca3d7b8a1fa698cd0eb10cf1b4104ce43bc63573b390231a69c673a28ac015c
2026-07,17,Manufacture of paper and paper products,118.5,8.3,Final estimate,https://www.mospi.gov.in/uploads/latestReleases/latest_release_1790590696633_c0f8dc21-040f-4f5c-bfc1-63be2e5775d7_Indices_IIP_2022-23_Monthly_annual_Aug_2026.xlsx,2026-09-28,2026-10-09T06:00:15.558936+00:00,2022-23,NIC-2025,Output PPI,https://www.mospi.gov.in/uploads/latestReleases/latest_release_1790590696008_1b346687-0a5f-445a-83a2-28283c586094_IIP_Press_Release_August_2026.pdf,7ca3d7b8a1fa698cd0eb10cf1b4104ce43bc63573b390231a69c673a28ac015c
2026-07,18,Printing and reproduction of recorded media,101.0,4.6,Final estimate,https://www.mospi.gov.in/uploads/latestReleases/latest_release_1790590696633_c0f8dc21-040f-4f5c-bfc1-63be2e5775d7_Indices_IIP_2022-23_Monthly_annual_Aug_2026.xlsx,2026-09-28,2026-10-09T06:00:15.558936+00:00,2022-23,NIC-2025,Output PPI,https://www.mospi.gov.in/uploads/latestReleases/latest_release_1790590696008_1b346687-0a5f-445a-83a2-28283c586094_IIP_Press_Release_August_2026.pdf,7ca3d7b8a1fa698cd0eb10cf1b4104ce43bc63573b390231a69c673a28ac015c
2026-07,19,Manufacture of coke and refined petroleum products,113.1,1.3,Final estimate,https://www.mospi.gov.in/uploads/latestReleases/latest_release_1790590696633_c0f8dc21-040f-4f5c-bfc1-63be2e5775d7_Indices_IIP_2022-23_Monthly_annual_Aug_2026.xlsx,2026-09-28,2026-10-09T06:00:15.558936+00:00,2022-23,NIC-2025,Output PPI,https://www.mospi.gov.in/uploads/latestReleases/latest_release_1790590696008_1b346687-0a5f-445a-83a2-28283c586094_IIP_Press_Release_August_2026.pdf,7ca3d7b8a1fa698cd0eb10cf1b4104ce43bc63573b390231a69c673a28ac015c
2026-07,20,Manufacture of chemicals and chemical products,109.5,-2.9,Final estimate,https://www.mospi.gov.in/uploads/latestReleases/latest_release_1790590696633_c0f8dc21-040f-4f5c-bfc1-63be2e5775d7_Indices_IIP_2022-23_Monthly_annual_Aug_2026.xlsx,2026-09-28,2026-10-09T06:00:15.558936+00:00,2022-23,NIC-2025,Output PPI,https://www.mospi.gov.in/uploads/latestReleases/latest_release_1790590696008_1b346687-0a5f-445a-83a2-28283c586094_IIP_Press_Release_August_2026.pdf,7ca3d7b8a1fa698cd0eb10cf1b4104ce43bc63573b390231a69c673a28ac015c
2026-07,21,Manufacture of basic pharmaceutical products and pharmaceutical preparations,120.0,-4.8,Final estimate,https://www.mospi.gov.in/uploads/latestReleases/latest_release_1790590696633_c0f8dc21-040f-4f5c-bfc1-63be2e5775d7_Indices_IIP_2022-23_Monthly_annual_Aug_2026.xlsx,2026-09-28,2026-10-09T06:00:15.558936+00:00,2022-23,NIC-2025,Output PPI,https://www.mospi.gov.in/uploads/latestReleases/latest_release_1790590696008_1b346687-0a5f-445a-83a2-28283c586094_IIP_Press_Release_August_2026.pdf,7ca3d7b8a1fa698cd0eb10cf1b4104ce43bc63573b390231a69c673a28ac015c
2026-07,22,Manufacture of rubber and plastics products,129.1,20.0,Final estimate,https://www.mospi.gov.in/uploads/latestReleases/latest_release_1790590696633_c0f8dc21-040f-4f5c-bfc1-63be2e5775d7_Indices_IIP_2022-23_Monthly_annual_Aug_2026.xlsx,2026-09-28,2026-10-09T06:00:15.558936+00:00,2022-23,NIC-2025,Output PPI,https://www.mospi.gov.in/uploads/latestReleases/latest_release_1790590696008_1b346687-0a5f-445a-83a2-28283c586094_IIP_Press_Release_August_2026.pdf,7ca3d7b8a1fa698cd0eb10cf1b4104ce43bc63573b390231a69c673a28ac015c
2026-07,23,Manufacture of other non-metallic mineral products,132.5,17.3,Final estimate,https://www.mospi.gov.in/uploads/latestReleases/latest_release_1790590696633_c0f8dc21-040f-4f5c-bfc1-63be2e5775d7_Indices_IIP_2022-23_Monthly_annual_Aug_2026.xlsx,2026-09-28,2026-10-09T06:00:15.558936+00:00,2022-23,NIC-2025,Output PPI,https://www.mospi.gov.in/uploads/latestReleases/latest_release_1790590696008_1b346687-0a5f-445a-83a2-28283c586094_IIP_Press_Release_August_2026.pdf,7ca3d7b8a1fa698cd0eb10cf1b4104ce43bc63573b390231a69c673a28ac015c
2026-07,24,Manufacture of basic metals,134.6,2.0,Final estimate,https://www.mospi.gov.in/uploads/latestReleases/latest_release_1790590696633_c0f8dc21-040f-4f5c-bfc1-63be2e5775d7_Indices_IIP_2022-23_Monthly_annual_Aug_2026.xlsx,2026-09-28,2026-10-09T06:00:15.558936+00:00,2022-23,NIC-2025,Output PPI,https://www.mospi.gov.in/uploads/latestReleases/latest_release_1790590696008_1b346687-0a5f-445a-83a2-28283c586094_IIP_Press_Release_August_2026.pdf,7ca3d7b8a1fa698cd0eb10cf1b4104ce43bc63573b390231a69c673a28ac015c
2026-07,25,"Manufacture of fabricated metal products, except machinery and equipment",137.9,9.0,Final estimate,https://www.mospi.gov.in/uploads/latestReleases/latest_release_1790590696633_c0f8dc21-040f-4f5c-bfc1-63be2e5775d7_Indices_IIP_2022-23_Monthly_annual_Aug_2026.xlsx,2026-09-28,2026-10-09T06:00:15.558936+00:00,2022-23,NIC-2025,Output PPI,https://www.mospi.gov.in/uploads/latestReleases/latest_release_1790590696008_1b346687-0a5f-445a-83a2-28283c586094_IIP_Press_Release_August_2026.pdf,7ca3d7b8a1fa698cd0eb10cf1b4104ce43bc63573b390231a69c673a28ac015c
2026-07,26,"Manufacture of computer, electronic and optical products",156.8,11.5,Final estimate,https://www.mospi.gov.in/uploads/latestReleases/latest_release_1790590696633_c0f8dc21-040f-4f5c-bfc1-63be2e5775d7_Indices_IIP_2022-23_Monthly_annual_Aug_2026.xlsx,2026-09-28,2026-10-09T06:00:15.558936+00:00,2022-23,NIC-2025,Output PPI,https://www.mospi.gov.in/uploads/latestReleases/latest_release_1790590696008_1b346687-0a5f-445a-83a2-28283c586094_IIP_Press_Release_August_2026.pdf,7ca3d7b8a1fa698cd0eb10cf1b4104ce43bc63573b390231a69c673a28ac015c
2026-07,27,Manufacture of electrical equipment,170.9,30.5,Final estimate,https://www.mospi.gov.in/uploads/latestReleases/latest_release_1790590696633_c0f8dc21-040f-4f5c-bfc1-63be2e5775d7_Indices_IIP_2022-23_Monthly_annual_Aug_2026.xlsx,2026-09-28,2026-10-09T06:00:15.558936+00:00,2022-23,NIC-2025,Output PPI,https://www.mospi.gov.in/uploads/latestReleases/latest_release_1790590696008_1b346687-0a5f-445a-83a2-28283c586094_IIP_Press_Release_August_2026.pdf,7ca3d7b8a1fa698cd0eb10cf1b4104ce43bc63573b390231a69c673a28ac015c
2026-07,28,Manufacture of machinery and equipment n.e.c.,131.4,14.6,Final estimate,https://www.mospi.gov.in/uploads/latestReleases/latest_release_1790590696633_c0f8dc21-040f-4f5c-bfc1-63be2e5775d7_Indices_IIP_2022-23_Monthly_annual_Aug_2026.xlsx,2026-09-28,2026-10-09T06:00:15.558936+00:00,2022-23,NIC-2025,Output PPI,https://www.mospi.gov.in/uploads/latestReleases/latest_release_1790590696008_1b346687-0a5f-445a-83a2-28283c586094_IIP_Press_Release_August_2026.pdf,7ca3d7b8a1fa698cd0eb10cf1b4104ce43bc63573b390231a69c673a28ac015c
2026-07,29,"Manufacture of motor vehicles, trailers and semi-trailers",149.4,24.7,Final estimate,https://www.mospi.gov.in/uploads/latestReleases/latest_release_1790590696633_c0f8dc21-040f-4f5c-bfc1-63be2e5775d7_Indices_IIP_2022-23_Monthly_annual_Aug_2026.xlsx,2026-09-28,2026-10-09T06:00:15.558936+00:00,2022-23,NIC-2025,Output PPI,https://www.mospi.gov.in/uploads/latestReleases/latest_release_1790590696008_1b346687-0a5f-445a-83a2-28283c586094_IIP_Press_Release_August_2026.pdf,7ca3d7b8a1fa698cd0eb10cf1b4104ce43bc63573b390231a69c673a28ac015c
2026-07,30,Manufacture of other transport equipment,184.8,28.9,Final estimate,https://www.mospi.gov.in/uploads/latestReleases/latest_release_1790590696633_c0f8dc21-040f-4f5c-bfc1-63be2e5775d7_Indices_IIP_2022-23_Monthly_annual_Aug_2026.xlsx,2026-09-28,2026-10-09T06:00:15.558936+00:00,2022-23,NIC-2025,Output PPI,https://www.mospi.gov.in/uploads/latestReleases/latest_release_1790590696008_1b346687-0a5f-445a-83a2-28283c586094_IIP_Press_Release_August_2026.pdf,7ca3d7b8a1fa698cd0eb10cf1b4104ce43bc63573b390231a69c673a28ac015c
2026-07,31,Manufacture of furniture,131.8,14.3,Final estimate,https://www.mospi.gov.in/uploads/latestReleases/latest_release_1790590696633_c0f8dc21-040f-4f5c-bfc1-63be2e5775d7_Indices_IIP_2022-23_Monthly_annual_Aug_2026.xlsx,2026-09-28,2026-10-09T06:00:15.558936+00:00,2022-23,NIC-2025,Output PPI,https://www.mospi.gov.in/uploads/latestReleases/latest_release_1790590696008_1b346687-0a5f-445a-83a2-28283c586094_IIP_Press_Release_August_2026.pdf,7ca3d7b8a1fa698cd0eb10cf1b4104ce43bc63573b390231a69c673a28ac015c
2026-07,32,Other manufacturing,117.2,4.1,Final estimate,https://www.mospi.gov.in/uploads/latestReleases/latest_release_1790590696633_c0f8dc21-040f-4f5c-bfc1-63be2e5775d7_Indices_IIP_2022-23_Monthly_annual_Aug_2026.xlsx,2026-09-28,2026-10-09T06:00:15.558936+00:00,2022-23,NIC-2025,Output PPI,https://www.mospi.gov.in/uploads/latestReleases/latest_release_1790590696008_1b346687-0a5f-445a-83a2-28283c586094_IIP_Press_Release_August_2026.pdf,7ca3d7b8a1fa698cd0eb10cf1b4104ce43bc63573b390231a69c673a28ac015c
2026-08,10,Manufacture of food products,104.5,2.8,Quick estimate,https://www.mospi.gov.in/uploads/latestReleases/latest_release_1790590696633_c0f8dc21-040f-4f5c-bfc1-63be2e5775d7_Indices_IIP_2022-23_Monthly_annual_Aug_2026.xlsx,2026-09-28,2026-10-09T06:00:15.558936+00:00,2022-23,NIC-2025,Output PPI,https://www.mospi.gov.in/uploads/latestReleases/latest_release_1790590696008_1b346687-0a5f-445a-83a2-28283c586094_IIP_Press_Release_August_2026.pdf,7ca3d7b8a1fa698cd0eb10cf1b4104ce43bc63573b390231a69c673a28ac015c
2026-08,11,Manufacture of beverages,120.5,18.3,Quick estimate,https://www.mospi.gov.in/uploads/latestReleases/latest_release_1790590696633_c0f8dc21-040f-4f5c-bfc1-63be2e5775d7_Indices_IIP_2022-23_Monthly_annual_Aug_2026.xlsx,2026-09-28,2026-10-09T06:00:15.558936+00:00,2022-23,NIC-2025,Output PPI,https://www.mospi.gov.in/uploads/latestReleases/latest_release_1790590696008_1b346687-0a5f-445a-83a2-28283c586094_IIP_Press_Release_August_2026.pdf,7ca3d7b8a1fa698cd0eb10cf1b4104ce43bc63573b390231a69c673a28ac015c
2026-08,12,Manufacture of tobacco products,118.0,-8.0,Quick estimate,https://www.mospi.gov.in/uploads/latestReleases/latest_release_1790590696633_c0f8dc21-040f-4f5c-bfc1-63be2e5775d7_Indices_IIP_2022-23_Monthly_annual_Aug_2026.xlsx,2026-09-28,2026-10-09T06:00:15.558936+00:00,2022-23,NIC-2025,Output PPI,https://www.mospi.gov.in/uploads/latestReleases/latest_release_1790590696008_1b346687-0a5f-445a-83a2-28283c586094_IIP_Press_Release_August_2026.pdf,7ca3d7b8a1fa698cd0eb10cf1b4104ce43bc63573b390231a69c673a28ac015c
2026-08,13,Manufacture of textiles,136.9,13.1,Quick estimate,https://www.mospi.gov.in/uploads/latestReleases/latest_release_1790590696633_c0f8dc21-040f-4f5c-bfc1-63be2e5775d7_Indices_IIP_2022-23_Monthly_annual_Aug_2026.xlsx,2026-09-28,2026-10-09T06:00:15.558936+00:00,2022-23,NIC-2025,Output PPI,https://www.mospi.gov.in/uploads/latestReleases/latest_release_1790590696008_1b346687-0a5f-445a-83a2-28283c586094_IIP_Press_Release_August_2026.pdf,7ca3d7b8a1fa698cd0eb10cf1b4104ce43bc63573b390231a69c673a28ac015c
2026-08,14,Manufacture of wearing apparel,89.0,-7.4,Quick estimate,https://www.mospi.gov.in/uploads/latestReleases/latest_release_1790590696633_c0f8dc21-040f-4f5c-bfc1-63be2e5775d7_Indices_IIP_2022-23_Monthly_annual_Aug_2026.xlsx,2026-09-28,2026-10-09T06:00:15.558936+00:00,2022-23,NIC-2025,Output PPI,https://www.mospi.gov.in/uploads/latestReleases/latest_release_1790590696008_1b346687-0a5f-445a-83a2-28283c586094_IIP_Press_Release_August_2026.pdf,7ca3d7b8a1fa698cd0eb10cf1b4104ce43bc63573b390231a69c673a28ac015c
2026-08,15,Manufacture of leather and related products,109.7,8.1,Quick estimate,https://www.mospi.gov.in/uploads/latestReleases/latest_release_1790590696633_c0f8dc21-040f-4f5c-bfc1-63be2e5775d7_Indices_IIP_2022-23_Monthly_annual_Aug_2026.xlsx,2026-09-28,2026-10-09T06:00:15.558936+00:00,2022-23,NIC-2025,Output PPI,https://www.mospi.gov.in/uploads/latestReleases/latest_release_1790590696008_1b346687-0a5f-445a-83a2-28283c586094_IIP_Press_Release_August_2026.pdf,7ca3d7b8a1fa698cd0eb10cf1b4104ce43bc63573b390231a69c673a28ac015c
2026-08,16,"Manufacture of wood and products of wood and cork, except furniture; manufacture of articles of straw and plaiting materials",112.2,8.6,Quick estimate,https://www.mospi.gov.in/uploads/latestReleases/latest_release_1790590696633_c0f8dc21-040f-4f5c-bfc1-63be2e5775d7_Indices_IIP_2022-23_Monthly_annual_Aug_2026.xlsx,2026-09-28,2026-10-09T06:00:15.558936+00:00,2022-23,NIC-2025,Output PPI,https://www.mospi.gov.in/uploads/latestReleases/latest_release_1790590696008_1b346687-0a5f-445a-83a2-28283c586094_IIP_Press_Release_August_2026.pdf,7ca3d7b8a1fa698cd0eb10cf1b4104ce43bc63573b390231a69c673a28ac015c
2026-08,17,Manufacture of paper and paper products,112.0,-0.1,Quick estimate,https://www.mospi.gov.in/uploads/latestReleases/latest_release_1790590696633_c0f8dc21-040f-4f5c-bfc1-63be2e5775d7_Indices_IIP_2022-23_Monthly_annual_Aug_2026.xlsx,2026-09-28,2026-10-09T06:00:15.558936+00:00,2022-23,NIC-2025,Output PPI,https://www.mospi.gov.in/uploads/latestReleases/latest_release_1790590696008_1b346687-0a5f-445a-83a2-28283c586094_IIP_Press_Release_August_2026.pdf,7ca3d7b8a1fa698cd0eb10cf1b4104ce43bc63573b390231a69c673a28ac015c
2026-08,18,Printing and reproduction of recorded media,94.0,4.8,Quick estimate,https://www.mospi.gov.in/uploads/latestReleases/latest_release_1790590696633_c0f8dc21-040f-4f5c-bfc1-63be2e5775d7_Indices_IIP_2022-23_Monthly_annual_Aug_2026.xlsx,2026-09-28,2026-10-09T06:00:15.558936+00:00,2022-23,NIC-2025,Output PPI,https://www.mospi.gov.in/uploads/latestReleases/latest_release_1790590696008_1b346687-0a5f-445a-83a2-28283c586094_IIP_Press_Release_August_2026.pdf,7ca3d7b8a1fa698cd0eb10cf1b4104ce43bc63573b390231a69c673a28ac015c
2026-08,19,Manufacture of coke and refined petroleum products,108.2,-0.6,Quick estimate,https://www.mospi.gov.in/uploads/latestReleases/latest_release_1790590696633_c0f8dc21-040f-4f5c-bfc1-63be2e5775d7_Indices_IIP_2022-23_Monthly_annual_Aug_2026.xlsx,2026-09-28,2026-10-09T06:00:15.558936+00:00,2022-23,NIC-2025,Output PPI,https://www.mospi.gov.in/uploads/latestReleases/latest_release_1790590696008_1b346687-0a5f-445a-83a2-28283c586094_IIP_Press_Release_August_2026.pdf,7ca3d7b8a1fa698cd0eb10cf1b4104ce43bc63573b390231a69c673a28ac015c
2026-08,20,Manufacture of chemicals and chemical products,109.6,-0.5,Quick estimate,https://www.mospi.gov.in/uploads/latestReleases/latest_release_1790590696633_c0f8dc21-040f-4f5c-bfc1-63be2e5775d7_Indices_IIP_2022-23_Monthly_annual_Aug_2026.xlsx,2026-09-28,2026-10-09T06:00:15.558936+00:00,2022-23,NIC-2025,Output PPI,https://www.mospi.gov.in/uploads/latestReleases/latest_release_1790590696008_1b346687-0a5f-445a-83a2-28283c586094_IIP_Press_Release_August_2026.pdf,7ca3d7b8a1fa698cd0eb10cf1b4104ce43bc63573b390231a69c673a28ac015c
2026-08,21,Manufacture of basic pharmaceutical products and pharmaceutical preparations,124.5,1.6,Quick estimate,https://www.mospi.gov.in/uploads/latestReleases/latest_release_1790590696633_c0f8dc21-040f-4f5c-bfc1-63be2e5775d7_Indices_IIP_2022-23_Monthly_annual_Aug_2026.xlsx,2026-09-28,2026-10-09T06:00:15.558936+00:00,2022-23,NIC-2025,Output PPI,https://www.mospi.gov.in/uploads/latestReleases/latest_release_1790590696008_1b346687-0a5f-445a-83a2-28283c586094_IIP_Press_Release_August_2026.pdf,7ca3d7b8a1fa698cd0eb10cf1b4104ce43bc63573b390231a69c673a28ac015c
2026-08,22,Manufacture of rubber and plastics products,127.3,21.4,Quick estimate,https://www.mospi.gov.in/uploads/latestReleases/latest_release_1790590696633_c0f8dc21-040f-4f5c-bfc1-63be2e5775d7_Indices_IIP_2022-23_Monthly_annual_Aug_2026.xlsx,2026-09-28,2026-10-09T06:00:15.558936+00:00,2022-23,NIC-2025,Output PPI,https://www.mospi.gov.in/uploads/latestReleases/latest_release_1790590696008_1b346687-0a5f-445a-83a2-28283c586094_IIP_Press_Release_August_2026.pdf,7ca3d7b8a1fa698cd0eb10cf1b4104ce43bc63573b390231a69c673a28ac015c
2026-08,23,Manufacture of other non-metallic mineral products,118.3,11.4,Quick estimate,https://www.mospi.gov.in/uploads/latestReleases/latest_release_1790590696633_c0f8dc21-040f-4f5c-bfc1-63be2e5775d7_Indices_IIP_2022-23_Monthly_annual_Aug_2026.xlsx,2026-09-28,2026-10-09T06:00:15.558936+00:00,2022-23,NIC-2025,Output PPI,https://www.mospi.gov.in/uploads/latestReleases/latest_release_1790590696008_1b346687-0a5f-445a-83a2-28283c586094_IIP_Press_Release_August_2026.pdf,7ca3d7b8a1fa698cd0eb10cf1b4104ce43bc63573b390231a69c673a28ac015c
2026-08,24,Manufacture of basic metals,134.8,2.4,Quick estimate,https://www.mospi.gov.in/uploads/latestReleases/latest_release_1790590696633_c0f8dc21-040f-4f5c-bfc1-63be2e5775d7_Indices_IIP_2022-23_Monthly_annual_Aug_2026.xlsx,2026-09-28,2026-10-09T06:00:15.558936+00:00,2022-23,NIC-2025,Output PPI,https://www.mospi.gov.in/uploads/latestReleases/latest_release_1790590696008_1b346687-0a5f-445a-83a2-28283c586094_IIP_Press_Release_August_2026.pdf,7ca3d7b8a1fa698cd0eb10cf1b4104ce43bc63573b390231a69c673a28ac015c
2026-08,25,"Manufacture of fabricated metal products, except machinery and equipment",137.1,16.9,Quick estimate,https://www.mospi.gov.in/uploads/latestReleases/latest_release_1790590696633_c0f8dc21-040f-4f5c-bfc1-63be2e5775d7_Indices_IIP_2022-23_Monthly_annual_Aug_2026.xlsx,2026-09-28,2026-10-09T06:00:15.558936+00:00,2022-23,NIC-2025,Output PPI,https://www.mospi.gov.in/uploads/latestReleases/latest_release_1790590696008_1b346687-0a5f-445a-83a2-28283c586094_IIP_Press_Release_August_2026.pdf,7ca3d7b8a1fa698cd0eb10cf1b4104ce43bc63573b390231a69c673a28ac015c
2026-08,26,"Manufacture of computer, electronic and optical products",165.5,19.3,Quick estimate,https://www.mospi.gov.in/uploads/latestReleases/latest_release_1790590696633_c0f8dc21-040f-4f5c-bfc1-63be2e5775d7_Indices_IIP_2022-23_Monthly_annual_Aug_2026.xlsx,2026-09-28,2026-10-09T06:00:15.558936+00:00,2022-23,NIC-2025,Output PPI,https://www.mospi.gov.in/uploads/latestReleases/latest_release_1790590696008_1b346687-0a5f-445a-83a2-28283c586094_IIP_Press_Release_August_2026.pdf,7ca3d7b8a1fa698cd0eb10cf1b4104ce43bc63573b390231a69c673a28ac015c
2026-08,27,Manufacture of electrical equipment,170.2,30.9,Quick estimate,https://www.mospi.gov.in/uploads/latestReleases/latest_release_1790590696633_c0f8dc21-040f-4f5c-bfc1-63be2e5775d7_Indices_IIP_2022-23_Monthly_annual_Aug_2026.xlsx,2026-09-28,2026-10-09T06:00:15.558936+00:00,2022-23,NIC-2025,Output PPI,https://www.mospi.gov.in/uploads/latestReleases/latest_release_1790590696008_1b346687-0a5f-445a-83a2-28283c586094_IIP_Press_Release_August_2026.pdf,7ca3d7b8a1fa698cd0eb10cf1b4104ce43bc63573b390231a69c673a28ac015c
2026-08,28,Manufacture of machinery and equipment n.e.c.,127.3,10.3,Quick estimate,https://www.mospi.gov.in/uploads/latestReleases/latest_release_1790590696633_c0f8dc21-040f-4f5c-bfc1-63be2e5775d7_Indices_IIP_2022-23_Monthly_annual_Aug_2026.xlsx,2026-09-28,2026-10-09T06:00:15.558936+00:00,2022-23,NIC-2025,Output PPI,https://www.mospi.gov.in/uploads/latestReleases/latest_release_1790590696008_1b346687-0a5f-445a-83a2-28283c586094_IIP_Press_Release_August_2026.pdf,7ca3d7b8a1fa698cd0eb10cf1b4104ce43bc63573b390231a69c673a28ac015c
2026-08,29,"Manufacture of motor vehicles, trailers and semi-trailers",144.5,25.2,Quick estimate,https://www.mospi.gov.in/uploads/latestReleases/latest_release_1790590696633_c0f8dc21-040f-4f5c-bfc1-63be2e5775d7_Indices_IIP_2022-23_Monthly_annual_Aug_2026.xlsx,2026-09-28,2026-10-09T06:00:15.558936+00:00,2022-23,NIC-2025,Output PPI,https://www.mospi.gov.in/uploads/latestReleases/latest_release_1790590696008_1b346687-0a5f-445a-83a2-28283c586094_IIP_Press_Release_August_2026.pdf,7ca3d7b8a1fa698cd0eb10cf1b4104ce43bc63573b390231a69c673a28ac015c
2026-08,30,Manufacture of other transport equipment,181.2,25.3,Quick estimate,https://www.mospi.gov.in/uploads/latestReleases/latest_release_1790590696633_c0f8dc21-040f-4f5c-bfc1-63be2e5775d7_Indices_IIP_2022-23_Monthly_annual_Aug_2026.xlsx,2026-09-28,2026-10-09T06:00:15.558936+00:00,2022-23,NIC-2025,Output PPI,https://www.mospi.gov.in/uploads/latestReleases/latest_release_1790590696008_1b346687-0a5f-445a-83a2-28283c586094_IIP_Press_Release_August_2026.pdf,7ca3d7b8a1fa698cd0eb10cf1b4104ce43bc63573b390231a69c673a28ac015c
2026-08,31,Manufacture of furniture,123.5,9.4,Quick estimate,https://www.mospi.gov.in/uploads/latestReleases/latest_release_1790590696633_c0f8dc21-040f-4f5c-bfc1-63be2e5775d7_Indices_IIP_2022-23_Monthly_annual_Aug_2026.xlsx,2026-09-28,2026-10-09T06:00:15.558936+00:00,2022-23,NIC-2025,Output PPI,https://www.mospi.gov.in/uploads/latestReleases/latest_release_1790590696008_1b346687-0a5f-445a-83a2-28283c586094_IIP_Press_Release_August_2026.pdf,7ca3d7b8a1fa698cd0eb10cf1b4104ce43bc63573b390231a69c673a28ac015c
2026-08,32,Other manufacturing,120.8,3.2,Quick estimate,https://www.mospi.gov.in/uploads/latestReleases/latest_release_1790590696633_c0f8dc21-040f-4f5c-bfc1-63be2e5775d7_Indices_IIP_2022-23_Monthly_annual_Aug_2026.xlsx,2026-09-28,2026-10-09T06:00:15.558936+00:00,2022-23,NIC-2025,Output PPI,https://www.mospi.gov.in/uploads/latestReleases/latest_release_1790590696008_1b346687-0a5f-445a-83a2-28283c586094_IIP_Press_Release_August_2026.pdf,7ca3d7b8a1fa698cd0eb10cf1b4104ce43bc63573b390231a69c673a28ac015c
