month,Index Name,Index Date,P/E,P/B,Div Yield,index_present,archive_status,partial_month,observation_date,retrieved_at,source_url,sha256
2016-10,Nifty 50,30-10-2016,23.31,3.27,1.28,True,validated,False,2016-10-30,2026-10-04T17:25:32.083070+00:00,https://archives.nseindia.com/content/indices/ind_close_all_30102016.csv,8d33f3b1e4d5e924dbaf0fa0a93acc2edb7184e36522340b9659ec35a7b10ec3
2016-10,Nifty Auto,30-10-2016,37.46,6.43,.75,True,validated,False,2016-10-30,2026-10-04T17:25:32.083070+00:00,https://archives.nseindia.com/content/indices/ind_close_all_30102016.csv,8d33f3b1e4d5e924dbaf0fa0a93acc2edb7184e36522340b9659ec35a7b10ec3
2016-10,Nifty Bank,30-10-2016,30.3,2.47,.78,True,validated,False,2016-10-30,2026-10-04T17:25:32.083070+00:00,https://archives.nseindia.com/content/indices/ind_close_all_30102016.csv,8d33f3b1e4d5e924dbaf0fa0a93acc2edb7184e36522340b9659ec35a7b10ec3
2016-10,Nifty Financial Services,30-10-2016,22.82,3.03,1.02,True,validated,False,2016-10-30,2026-10-04T17:25:32.083070+00:00,https://archives.nseindia.com/content/indices/ind_close_all_30102016.csv,8d33f3b1e4d5e924dbaf0fa0a93acc2edb7184e36522340b9659ec35a7b10ec3
2016-10,Nifty FMCG,30-10-2016,35.17,11.51,1.71,True,validated,False,2016-10-30,2026-10-04T17:25:32.083070+00:00,https://archives.nseindia.com/content/indices/ind_close_all_30102016.csv,8d33f3b1e4d5e924dbaf0fa0a93acc2edb7184e36522340b9659ec35a7b10ec3
2016-10,Nifty IT,30-10-2016,15.98,4.42,2.08,True,validated,False,2016-10-30,2026-10-04T17:25:32.083070+00:00,https://archives.nseindia.com/content/indices/ind_close_all_30102016.csv,8d33f3b1e4d5e924dbaf0fa0a93acc2edb7184e36522340b9659ec35a7b10ec3
2016-10,Nifty Metal,30-10-2016,30.42,1.14,3.53,True,validated,False,2016-10-30,2026-10-04T17:25:32.083070+00:00,https://archives.nseindia.com/content/indices/ind_close_all_30102016.csv,8d33f3b1e4d5e924dbaf0fa0a93acc2edb7184e36522340b9659ec35a7b10ec3
2016-10,Nifty Pharma,30-10-2016,44.6,5.57,.44,True,validated,False,2016-10-30,2026-10-04T17:25:32.083070+00:00,https://archives.nseindia.com/content/indices/ind_close_all_30102016.csv,8d33f3b1e4d5e924dbaf0fa0a93acc2edb7184e36522340b9659ec35a7b10ec3
2016-10,Nifty PSU Bank,30-10-2016,,.99,.69,True,validated,False,2016-10-30,2026-10-04T17:25:32.083070+00:00,https://archives.nseindia.com/content/indices/ind_close_all_30102016.csv,8d33f3b1e4d5e924dbaf0fa0a93acc2edb7184e36522340b9659ec35a7b10ec3
2016-10,Nifty Realty,30-10-2016,41.37,.92,.57,True,validated,False,2016-10-30,2026-10-04T17:25:32.083070+00:00,https://archives.nseindia.com/content/indices/ind_close_all_30102016.csv,8d33f3b1e4d5e924dbaf0fa0a93acc2edb7184e36522340b9659ec35a7b10ec3
2016-10,Nifty Private Bank,30-10-2016,22.59,2.86,.81,True,validated,False,2016-10-30,2026-10-04T17:25:32.083070+00:00,https://archives.nseindia.com/content/indices/ind_close_all_30102016.csv,8d33f3b1e4d5e924dbaf0fa0a93acc2edb7184e36522340b9659ec35a7b10ec3
2016-10,Nifty Oil & Gas,,,,,False,validated,False,2016-10-30,2026-10-04T17:25:32.083070+00:00,https://archives.nseindia.com/content/indices/ind_close_all_30102016.csv,8d33f3b1e4d5e924dbaf0fa0a93acc2edb7184e36522340b9659ec35a7b10ec3
2016-10,Nifty Healthcare Index,,,,,False,validated,False,2016-10-30,2026-10-04T17:25:32.083070+00:00,https://archives.nseindia.com/content/indices/ind_close_all_30102016.csv,8d33f3b1e4d5e924dbaf0fa0a93acc2edb7184e36522340b9659ec35a7b10ec3
2016-10,Nifty Consumer Durables,,,,,False,validated,False,2016-10-30,2026-10-04T17:25:32.083070+00:00,https://archives.nseindia.com/content/indices/ind_close_all_30102016.csv,8d33f3b1e4d5e924dbaf0fa0a93acc2edb7184e36522340b9659ec35a7b10ec3
2016-11,Nifty 50,30-11-2016,21.61,3.12,1.34,True,validated,False,2016-11-30,2026-10-04T17:25:31.629553+00:00,https://archives.nseindia.com/content/indices/ind_close_all_30112016.csv,a26a37fbedb5466185e59f71fbc019d38b67cd27f470ce9fe66293589b24f950
2016-11,Nifty Auto,30-11-2016,32.13,5.86,.83,True,validated,False,2016-11-30,2026-10-04T17:25:31.629553+00:00,https://archives.nseindia.com/content/indices/ind_close_all_30112016.csv,a26a37fbedb5466185e59f71fbc019d38b67cd27f470ce9fe66293589b24f950
2016-11,Nifty Bank,30-11-2016,27.97,2.38,.81,True,validated,False,2016-11-30,2026-10-04T17:25:31.629553+00:00,https://archives.nseindia.com/content/indices/ind_close_all_30112016.csv,a26a37fbedb5466185e59f71fbc019d38b67cd27f470ce9fe66293589b24f950
2016-11,Nifty Financial Services,30-11-2016,21.44,2.87,1.07,True,validated,False,2016-11-30,2026-10-04T17:25:31.629553+00:00,https://archives.nseindia.com/content/indices/ind_close_all_30112016.csv,a26a37fbedb5466185e59f71fbc019d38b67cd27f470ce9fe66293589b24f950
2016-11,Nifty FMCG,30-11-2016,34.81,10.98,1.79,True,validated,False,2016-11-30,2026-10-04T17:25:31.629553+00:00,https://archives.nseindia.com/content/indices/ind_close_all_30112016.csv,a26a37fbedb5466185e59f71fbc019d38b67cd27f470ce9fe66293589b24f950
2016-11,Nifty IT,30-11-2016,15.37,4.45,2.08,True,validated,False,2016-11-30,2026-10-04T17:25:31.629553+00:00,https://archives.nseindia.com/content/indices/ind_close_all_30112016.csv,a26a37fbedb5466185e59f71fbc019d38b67cd27f470ce9fe66293589b24f950
2016-11,Nifty Metal,30-11-2016,40.93,1.22,3.52,True,validated,False,2016-11-30,2026-10-04T17:25:31.629553+00:00,https://archives.nseindia.com/content/indices/ind_close_all_30112016.csv,a26a37fbedb5466185e59f71fbc019d38b67cd27f470ce9fe66293589b24f950
2016-11,Nifty Pharma,30-11-2016,39.6,5.31,.46,True,validated,False,2016-11-30,2026-10-04T17:25:31.629553+00:00,https://archives.nseindia.com/content/indices/ind_close_all_30112016.csv,a26a37fbedb5466185e59f71fbc019d38b67cd27f470ce9fe66293589b24f950
2016-11,Nifty PSU Bank,30-11-2016,,1.01,.69,True,validated,False,2016-11-30,2026-10-04T17:25:31.629553+00:00,https://archives.nseindia.com/content/indices/ind_close_all_30112016.csv,a26a37fbedb5466185e59f71fbc019d38b67cd27f470ce9fe66293589b24f950
2016-11,Nifty Realty,30-11-2016,31.9,.75,.71,True,validated,False,2016-11-30,2026-10-04T17:25:31.629553+00:00,https://archives.nseindia.com/content/indices/ind_close_all_30112016.csv,a26a37fbedb5466185e59f71fbc019d38b67cd27f470ce9fe66293589b24f950
2016-11,Nifty Private Bank,30-11-2016,20.95,2.72,.85,True,validated,False,2016-11-30,2026-10-04T17:25:31.629553+00:00,https://archives.nseindia.com/content/indices/ind_close_all_30112016.csv,a26a37fbedb5466185e59f71fbc019d38b67cd27f470ce9fe66293589b24f950
2016-11,Nifty Oil & Gas,,,,,False,validated,False,2016-11-30,2026-10-04T17:25:31.629553+00:00,https://archives.nseindia.com/content/indices/ind_close_all_30112016.csv,a26a37fbedb5466185e59f71fbc019d38b67cd27f470ce9fe66293589b24f950
2016-11,Nifty Healthcare Index,,,,,False,validated,False,2016-11-30,2026-10-04T17:25:31.629553+00:00,https://archives.nseindia.com/content/indices/ind_close_all_30112016.csv,a26a37fbedb5466185e59f71fbc019d38b67cd27f470ce9fe66293589b24f950
2016-11,Nifty Consumer Durables,,,,,False,validated,False,2016-11-30,2026-10-04T17:25:31.629553+00:00,https://archives.nseindia.com/content/indices/ind_close_all_30112016.csv,a26a37fbedb5466185e59f71fbc019d38b67cd27f470ce9fe66293589b24f950
2016-12,Nifty 50,30-12-2016,21.93,3.1,1.35,True,validated,False,2016-12-30,2026-10-04T17:25:32.098923+00:00,https://archives.nseindia.com/content/indices/ind_close_all_30122016.csv,05c95473f8cca451d26b6c044de7ca53d0591824cc6e4ffa286433bbc8896ce2
2016-12,Nifty Auto,30-12-2016,32.47,5.88,.82,True,validated,False,2016-12-30,2026-10-04T17:25:32.098923+00:00,https://archives.nseindia.com/content/indices/ind_close_all_30122016.csv,05c95473f8cca451d26b6c044de7ca53d0591824cc6e4ffa286433bbc8896ce2
2016-12,Nifty Bank,30-12-2016,27.29,2.32,.83,True,validated,False,2016-12-30,2026-10-04T17:25:32.098923+00:00,https://archives.nseindia.com/content/indices/ind_close_all_30122016.csv,05c95473f8cca451d26b6c044de7ca53d0591824cc6e4ffa286433bbc8896ce2
2016-12,Nifty Financial Services,30-12-2016,20.92,2.8,1.1,True,validated,False,2016-12-30,2026-10-04T17:25:32.098923+00:00,https://archives.nseindia.com/content/indices/ind_close_all_30122016.csv,05c95473f8cca451d26b6c044de7ca53d0591824cc6e4ffa286433bbc8896ce2
2016-12,Nifty FMCG,30-12-2016,35.22,11.1,1.77,True,validated,False,2016-12-30,2026-10-04T17:25:32.098923+00:00,https://archives.nseindia.com/content/indices/ind_close_all_30122016.csv,05c95473f8cca451d26b6c044de7ca53d0591824cc6e4ffa286433bbc8896ce2
2016-12,Nifty IT,30-12-2016,16.63,4.58,2.02,True,validated,False,2016-12-30,2026-10-04T17:25:32.098923+00:00,https://archives.nseindia.com/content/indices/ind_close_all_30122016.csv,05c95473f8cca451d26b6c044de7ca53d0591824cc6e4ffa286433bbc8896ce2
2016-12,Nifty Metal,30-12-2016,38.44,1.14,3.96,True,validated,False,2016-12-30,2026-10-04T17:25:32.098923+00:00,https://archives.nseindia.com/content/indices/ind_close_all_30122016.csv,05c95473f8cca451d26b6c044de7ca53d0591824cc6e4ffa286433bbc8896ce2
2016-12,Nifty Pharma,30-12-2016,38.14,4.92,.5,True,validated,False,2016-12-30,2026-10-04T17:25:32.098923+00:00,https://archives.nseindia.com/content/indices/ind_close_all_30122016.csv,05c95473f8cca451d26b6c044de7ca53d0591824cc6e4ffa286433bbc8896ce2
2016-12,Nifty PSU Bank,30-12-2016,,.95,.74,True,validated,False,2016-12-30,2026-10-04T17:25:32.098923+00:00,https://archives.nseindia.com/content/indices/ind_close_all_30122016.csv,05c95473f8cca451d26b6c044de7ca53d0591824cc6e4ffa286433bbc8896ce2
2016-12,Nifty Realty,30-12-2016,33.34,.74,.72,True,validated,False,2016-12-30,2026-10-04T17:25:32.098923+00:00,https://archives.nseindia.com/content/indices/ind_close_all_30122016.csv,05c95473f8cca451d26b6c044de7ca53d0591824cc6e4ffa286433bbc8896ce2
2016-12,Nifty Private Bank,30-12-2016,20.45,2.65,.87,True,validated,False,2016-12-30,2026-10-04T17:25:32.098923+00:00,https://archives.nseindia.com/content/indices/ind_close_all_30122016.csv,05c95473f8cca451d26b6c044de7ca53d0591824cc6e4ffa286433bbc8896ce2
2016-12,Nifty Oil & Gas,,,,,False,validated,False,2016-12-30,2026-10-04T17:25:32.098923+00:00,https://archives.nseindia.com/content/indices/ind_close_all_30122016.csv,05c95473f8cca451d26b6c044de7ca53d0591824cc6e4ffa286433bbc8896ce2
2016-12,Nifty Healthcare Index,,,,,False,validated,False,2016-12-30,2026-10-04T17:25:32.098923+00:00,https://archives.nseindia.com/content/indices/ind_close_all_30122016.csv,05c95473f8cca451d26b6c044de7ca53d0591824cc6e4ffa286433bbc8896ce2
2016-12,Nifty Consumer Durables,,,,,False,validated,False,2016-12-30,2026-10-04T17:25:32.098923+00:00,https://archives.nseindia.com/content/indices/ind_close_all_30122016.csv,05c95473f8cca451d26b6c044de7ca53d0591824cc6e4ffa286433bbc8896ce2
2017-01,Nifty 50,31-01-2017,22.86,3.25,1.29,True,validated,False,2017-01-31,2026-10-04T17:25:31.629747+00:00,https://archives.nseindia.com/content/indices/ind_close_all_31012017.csv,5e12419b3f6720a59d70085e2f9d7dd250c4de62779d911ac09019ae0845096d
2017-01,Nifty Auto,31-01-2017,33.77,6.32,.76,True,validated,False,2017-01-31,2026-10-04T17:25:31.629747+00:00,https://archives.nseindia.com/content/indices/ind_close_all_31012017.csv,5e12419b3f6720a59d70085e2f9d7dd250c4de62779d911ac09019ae0845096d
2017-01,Nifty Bank,31-01-2017,29.45,2.49,.77,True,validated,False,2017-01-31,2026-10-04T17:25:31.629747+00:00,https://archives.nseindia.com/content/indices/ind_close_all_31012017.csv,5e12419b3f6720a59d70085e2f9d7dd250c4de62779d911ac09019ae0845096d
2017-01,Nifty Financial Services,31-01-2017,22.64,2.99,1.03,True,validated,False,2017-01-31,2026-10-04T17:25:31.629747+00:00,https://archives.nseindia.com/content/indices/ind_close_all_31012017.csv,5e12419b3f6720a59d70085e2f9d7dd250c4de62779d911ac09019ae0845096d
2017-01,Nifty FMCG,31-01-2017,36.82,11.68,1.68,True,validated,False,2017-01-31,2026-10-04T17:25:31.629747+00:00,https://archives.nseindia.com/content/indices/ind_close_all_31012017.csv,5e12419b3f6720a59d70085e2f9d7dd250c4de62779d911ac09019ae0845096d
2017-01,Nifty IT,31-01-2017,15.7,4.34,2.13,True,validated,False,2017-01-31,2026-10-04T17:25:31.629747+00:00,https://archives.nseindia.com/content/indices/ind_close_all_31012017.csv,5e12419b3f6720a59d70085e2f9d7dd250c4de62779d911ac09019ae0845096d
2017-01,Nifty Metal,31-01-2017,44.36,1.32,3.42,True,validated,False,2017-01-31,2026-10-04T17:25:31.629747+00:00,https://archives.nseindia.com/content/indices/ind_close_all_31012017.csv,5e12419b3f6720a59d70085e2f9d7dd250c4de62779d911ac09019ae0845096d
2017-01,Nifty Pharma,31-01-2017,38.21,4.9,.5,True,validated,False,2017-01-31,2026-10-04T17:25:31.629747+00:00,https://archives.nseindia.com/content/indices/ind_close_all_31012017.csv,5e12419b3f6720a59d70085e2f9d7dd250c4de62779d911ac09019ae0845096d
2017-01,Nifty PSU Bank,31-01-2017,,1.01,.69,True,validated,False,2017-01-31,2026-10-04T17:25:31.629747+00:00,https://archives.nseindia.com/content/indices/ind_close_all_31012017.csv,5e12419b3f6720a59d70085e2f9d7dd250c4de62779d911ac09019ae0845096d
2017-01,Nifty Realty,31-01-2017,38.54,.8,.66,True,validated,False,2017-01-31,2026-10-04T17:25:31.629747+00:00,https://archives.nseindia.com/content/indices/ind_close_all_31012017.csv,5e12419b3f6720a59d70085e2f9d7dd250c4de62779d911ac09019ae0845096d
2017-01,Nifty Private Bank,31-01-2017,22.36,2.86,.81,True,validated,False,2017-01-31,2026-10-04T17:25:31.629747+00:00,https://archives.nseindia.com/content/indices/ind_close_all_31012017.csv,5e12419b3f6720a59d70085e2f9d7dd250c4de62779d911ac09019ae0845096d
2017-01,Nifty Oil & Gas,,,,,False,validated,False,2017-01-31,2026-10-04T17:25:31.629747+00:00,https://archives.nseindia.com/content/indices/ind_close_all_31012017.csv,5e12419b3f6720a59d70085e2f9d7dd250c4de62779d911ac09019ae0845096d
2017-01,Nifty Healthcare Index,,,,,False,validated,False,2017-01-31,2026-10-04T17:25:31.629747+00:00,https://archives.nseindia.com/content/indices/ind_close_all_31012017.csv,5e12419b3f6720a59d70085e2f9d7dd250c4de62779d911ac09019ae0845096d
2017-01,Nifty Consumer Durables,,,,,False,validated,False,2017-01-31,2026-10-04T17:25:31.629747+00:00,https://archives.nseindia.com/content/indices/ind_close_all_31012017.csv,5e12419b3f6720a59d70085e2f9d7dd250c4de62779d911ac09019ae0845096d
2017-02,Nifty 50,28-02-2017,23.13,3.37,1.25,True,validated,False,2017-02-28,2026-10-04T17:25:32.054929+00:00,https://archives.nseindia.com/content/indices/ind_close_all_28022017.csv,ccfaa37303a2d420cffc58f96aaa05f97c55473a5f3ac878726f2e2d3fb33a68
2017-02,Nifty Auto,28-02-2017,33.73,6.2,.78,True,validated,False,2017-02-28,2026-10-04T17:25:32.054929+00:00,https://archives.nseindia.com/content/indices/ind_close_all_28022017.csv,ccfaa37303a2d420cffc58f96aaa05f97c55473a5f3ac878726f2e2d3fb33a68
2017-02,Nifty Bank,28-02-2017,29.25,2.64,.73,True,validated,False,2017-02-28,2026-10-04T17:25:32.054929+00:00,https://archives.nseindia.com/content/indices/ind_close_all_28022017.csv,ccfaa37303a2d420cffc58f96aaa05f97c55473a5f3ac878726f2e2d3fb33a68
2017-02,Nifty Financial Services,28-02-2017,23.41,3.14,.98,True,validated,False,2017-02-28,2026-10-04T17:25:32.054929+00:00,https://archives.nseindia.com/content/indices/ind_close_all_28022017.csv,ccfaa37303a2d420cffc58f96aaa05f97c55473a5f3ac878726f2e2d3fb33a68
2017-02,Nifty FMCG,28-02-2017,37.73,11.95,1.64,True,validated,False,2017-02-28,2026-10-04T17:25:32.054929+00:00,https://archives.nseindia.com/content/indices/ind_close_all_28022017.csv,ccfaa37303a2d420cffc58f96aaa05f97c55473a5f3ac878726f2e2d3fb33a68
2017-02,Nifty IT,28-02-2017,16.88,4.68,1.98,True,validated,False,2017-02-28,2026-10-04T17:25:32.054929+00:00,https://archives.nseindia.com/content/indices/ind_close_all_28022017.csv,ccfaa37303a2d420cffc58f96aaa05f97c55473a5f3ac878726f2e2d3fb33a68
2017-02,Nifty Metal,28-02-2017,25.11,1.36,3.46,True,validated,False,2017-02-28,2026-10-04T17:25:32.054929+00:00,https://archives.nseindia.com/content/indices/ind_close_all_28022017.csv,ccfaa37303a2d420cffc58f96aaa05f97c55473a5f3ac878726f2e2d3fb33a68
2017-02,Nifty Pharma,28-02-2017,38.04,5.06,.48,True,validated,False,2017-02-28,2026-10-04T17:25:32.054929+00:00,https://archives.nseindia.com/content/indices/ind_close_all_28022017.csv,ccfaa37303a2d420cffc58f96aaa05f97c55473a5f3ac878726f2e2d3fb33a68
2017-02,Nifty PSU Bank,28-02-2017,,1.06,.66,True,validated,False,2017-02-28,2026-10-04T17:25:32.054929+00:00,https://archives.nseindia.com/content/indices/ind_close_all_28022017.csv,ccfaa37303a2d420cffc58f96aaa05f97c55473a5f3ac878726f2e2d3fb33a68
2017-02,Nifty Realty,28-02-2017,38.98,.87,.6,True,validated,False,2017-02-28,2026-10-04T17:25:32.054929+00:00,https://archives.nseindia.com/content/indices/ind_close_all_28022017.csv,ccfaa37303a2d420cffc58f96aaa05f97c55473a5f3ac878726f2e2d3fb33a68
2017-02,Nifty Private Bank,28-02-2017,24.08,3,.77,True,validated,False,2017-02-28,2026-10-04T17:25:32.054929+00:00,https://archives.nseindia.com/content/indices/ind_close_all_28022017.csv,ccfaa37303a2d420cffc58f96aaa05f97c55473a5f3ac878726f2e2d3fb33a68
2017-02,Nifty Oil & Gas,,,,,False,validated,False,2017-02-28,2026-10-04T17:25:32.054929+00:00,https://archives.nseindia.com/content/indices/ind_close_all_28022017.csv,ccfaa37303a2d420cffc58f96aaa05f97c55473a5f3ac878726f2e2d3fb33a68
2017-02,Nifty Healthcare Index,,,,,False,validated,False,2017-02-28,2026-10-04T17:25:32.054929+00:00,https://archives.nseindia.com/content/indices/ind_close_all_28022017.csv,ccfaa37303a2d420cffc58f96aaa05f97c55473a5f3ac878726f2e2d3fb33a68
2017-02,Nifty Consumer Durables,,,,,False,validated,False,2017-02-28,2026-10-04T17:25:32.054929+00:00,https://archives.nseindia.com/content/indices/ind_close_all_28022017.csv,ccfaa37303a2d420cffc58f96aaa05f97c55473a5f3ac878726f2e2d3fb33a68
2017-03,Nifty 50,31-03-2017,23.26,3.5,1.25,True,validated,False,2017-03-31,2026-10-04T17:25:32.059581+00:00,https://archives.nseindia.com/content/indices/ind_close_all_31032017.csv,5bb8452eec6f908d09e0de8ffe7a653e0c850f48b8b0e694cf73eb006ca90c52
2017-03,Nifty Auto,31-03-2017,34.52,6.34,.77,True,validated,False,2017-03-31,2026-10-04T17:25:32.059581+00:00,https://archives.nseindia.com/content/indices/ind_close_all_31032017.csv,5bb8452eec6f908d09e0de8ffe7a653e0c850f48b8b0e694cf73eb006ca90c52
2017-03,Nifty Bank,31-03-2017,29.32,2.77,.7,True,validated,False,2017-03-31,2026-10-04T17:25:32.059581+00:00,https://archives.nseindia.com/content/indices/ind_close_all_31032017.csv,5bb8452eec6f908d09e0de8ffe7a653e0c850f48b8b0e694cf73eb006ca90c52
2017-03,Nifty Financial Services,31-03-2017,24.67,3.31,.93,True,validated,False,2017-03-31,2026-10-04T17:25:32.059581+00:00,https://archives.nseindia.com/content/indices/ind_close_all_31032017.csv,5bb8452eec6f908d09e0de8ffe7a653e0c850f48b8b0e694cf73eb006ca90c52
2017-03,Nifty FMCG,31-03-2017,39.77,12.6,1.56,True,validated,False,2017-03-31,2026-10-04T17:25:32.059581+00:00,https://archives.nseindia.com/content/indices/ind_close_all_31032017.csv,5bb8452eec6f908d09e0de8ffe7a653e0c850f48b8b0e694cf73eb006ca90c52
2017-03,Nifty IT,31-03-2017,16.92,4.69,1.97,True,validated,False,2017-03-31,2026-10-04T17:25:32.059581+00:00,https://archives.nseindia.com/content/indices/ind_close_all_31032017.csv,5bb8452eec6f908d09e0de8ffe7a653e0c850f48b8b0e694cf73eb006ca90c52
2017-03,Nifty Metal,31-03-2017,20.77,1.4,3.61,True,validated,False,2017-03-31,2026-10-04T17:25:32.059581+00:00,https://archives.nseindia.com/content/indices/ind_close_all_31032017.csv,5bb8452eec6f908d09e0de8ffe7a653e0c850f48b8b0e694cf73eb006ca90c52
2017-03,Nifty Pharma,31-03-2017,37.42,4.97,.49,True,validated,False,2017-03-31,2026-10-04T17:25:32.059581+00:00,https://archives.nseindia.com/content/indices/ind_close_all_31032017.csv,5bb8452eec6f908d09e0de8ffe7a653e0c850f48b8b0e694cf73eb006ca90c52
2017-03,Nifty PSU Bank,31-03-2017,,1.14,.61,True,validated,False,2017-03-31,2026-10-04T17:25:32.059581+00:00,https://archives.nseindia.com/content/indices/ind_close_all_31032017.csv,5bb8452eec6f908d09e0de8ffe7a653e0c850f48b8b0e694cf73eb006ca90c52
2017-03,Nifty Realty,31-03-2017,42.49,.95,.55,True,validated,False,2017-03-31,2026-10-04T17:25:32.059581+00:00,https://archives.nseindia.com/content/indices/ind_close_all_31032017.csv,5bb8452eec6f908d09e0de8ffe7a653e0c850f48b8b0e694cf73eb006ca90c52
2017-03,Nifty Private Bank,31-03-2017,24.77,3.06,.74,True,validated,False,2017-03-31,2026-10-04T17:25:32.059581+00:00,https://archives.nseindia.com/content/indices/ind_close_all_31032017.csv,5bb8452eec6f908d09e0de8ffe7a653e0c850f48b8b0e694cf73eb006ca90c52
2017-03,Nifty Oil & Gas,,,,,False,validated,False,2017-03-31,2026-10-04T17:25:32.059581+00:00,https://archives.nseindia.com/content/indices/ind_close_all_31032017.csv,5bb8452eec6f908d09e0de8ffe7a653e0c850f48b8b0e694cf73eb006ca90c52
2017-03,Nifty Healthcare Index,,,,,False,validated,False,2017-03-31,2026-10-04T17:25:32.059581+00:00,https://archives.nseindia.com/content/indices/ind_close_all_31032017.csv,5bb8452eec6f908d09e0de8ffe7a653e0c850f48b8b0e694cf73eb006ca90c52
2017-03,Nifty Consumer Durables,,,,,False,validated,False,2017-03-31,2026-10-04T17:25:32.059581+00:00,https://archives.nseindia.com/content/indices/ind_close_all_31032017.csv,5bb8452eec6f908d09e0de8ffe7a653e0c850f48b8b0e694cf73eb006ca90c52
2017-04,Nifty 50,28-04-2017,23.63,3.55,1.23,True,validated,False,2017-04-28,2026-10-04T17:25:32.692549+00:00,https://archives.nseindia.com/content/indices/ind_close_all_28042017.csv,a19af30a31e3dcf0ed0cc535065a2c17bda3be4cc2717f69572b824380a1e1b4
2017-04,Nifty Auto,28-04-2017,35.83,6.58,.74,True,validated,False,2017-04-28,2026-10-04T17:25:32.692549+00:00,https://archives.nseindia.com/content/indices/ind_close_all_28042017.csv,a19af30a31e3dcf0ed0cc535065a2c17bda3be4cc2717f69572b824380a1e1b4
2017-04,Nifty Bank,28-04-2017,30.69,2.9,.67,True,validated,False,2017-04-28,2026-10-04T17:25:32.692549+00:00,https://archives.nseindia.com/content/indices/ind_close_all_28042017.csv,a19af30a31e3dcf0ed0cc535065a2c17bda3be4cc2717f69572b824380a1e1b4
2017-04,Nifty Financial Services,28-04-2017,25.58,3.43,.9,True,validated,False,2017-04-28,2026-10-04T17:25:32.692549+00:00,https://archives.nseindia.com/content/indices/ind_close_all_28042017.csv,a19af30a31e3dcf0ed0cc535065a2c17bda3be4cc2717f69572b824380a1e1b4
2017-04,Nifty FMCG,28-04-2017,39.99,12.67,1.55,True,validated,False,2017-04-28,2026-10-04T17:25:32.692549+00:00,https://archives.nseindia.com/content/indices/ind_close_all_28042017.csv,a19af30a31e3dcf0ed0cc535065a2c17bda3be4cc2717f69572b824380a1e1b4
2017-04,Nifty IT,28-04-2017,15.72,4.36,2.12,True,validated,False,2017-04-28,2026-10-04T17:25:32.692549+00:00,https://archives.nseindia.com/content/indices/ind_close_all_28042017.csv,a19af30a31e3dcf0ed0cc535065a2c17bda3be4cc2717f69572b824380a1e1b4
2017-04,Nifty Metal,28-04-2017,20.24,1.36,3.69,True,validated,False,2017-04-28,2026-10-04T17:25:32.692549+00:00,https://archives.nseindia.com/content/indices/ind_close_all_28042017.csv,a19af30a31e3dcf0ed0cc535065a2c17bda3be4cc2717f69572b824380a1e1b4
2017-04,Nifty Pharma,28-04-2017,36.38,4.83,.5,True,validated,False,2017-04-28,2026-10-04T17:25:32.692549+00:00,https://archives.nseindia.com/content/indices/ind_close_all_28042017.csv,a19af30a31e3dcf0ed0cc535065a2c17bda3be4cc2717f69572b824380a1e1b4
2017-04,Nifty PSU Bank,28-04-2017,,1.18,.59,True,validated,False,2017-04-28,2026-10-04T17:25:32.692549+00:00,https://archives.nseindia.com/content/indices/ind_close_all_28042017.csv,a19af30a31e3dcf0ed0cc535065a2c17bda3be4cc2717f69572b824380a1e1b4
2017-04,Nifty Realty,28-04-2017,49.62,1.11,.47,True,validated,False,2017-04-28,2026-10-04T17:25:32.692549+00:00,https://archives.nseindia.com/content/indices/ind_close_all_28042017.csv,a19af30a31e3dcf0ed0cc535065a2c17bda3be4cc2717f69572b824380a1e1b4
2017-04,Nifty Private Bank,28-04-2017,26,3.22,.7,True,validated,False,2017-04-28,2026-10-04T17:25:32.692549+00:00,https://archives.nseindia.com/content/indices/ind_close_all_28042017.csv,a19af30a31e3dcf0ed0cc535065a2c17bda3be4cc2717f69572b824380a1e1b4
2017-04,Nifty Oil & Gas,,,,,False,validated,False,2017-04-28,2026-10-04T17:25:32.692549+00:00,https://archives.nseindia.com/content/indices/ind_close_all_28042017.csv,a19af30a31e3dcf0ed0cc535065a2c17bda3be4cc2717f69572b824380a1e1b4
2017-04,Nifty Healthcare Index,,,,,False,validated,False,2017-04-28,2026-10-04T17:25:32.692549+00:00,https://archives.nseindia.com/content/indices/ind_close_all_28042017.csv,a19af30a31e3dcf0ed0cc535065a2c17bda3be4cc2717f69572b824380a1e1b4
2017-04,Nifty Consumer Durables,,,,,False,validated,False,2017-04-28,2026-10-04T17:25:32.692549+00:00,https://archives.nseindia.com/content/indices/ind_close_all_28042017.csv,a19af30a31e3dcf0ed0cc535065a2c17bda3be4cc2717f69572b824380a1e1b4
2017-05,Nifty 50,31-05-2017,24.35,3.62,1.19,True,validated,False,2017-05-31,2026-10-04T17:25:32.293147+00:00,https://archives.nseindia.com/content/indices/ind_close_all_31052017.csv,02d0355ed48a654f92b0e326854a6ab748461d5e6ac7c1a53ce5372a0258745e
2017-05,Nifty Auto,31-05-2017,37.8,6.98,.7,True,validated,False,2017-05-31,2026-10-04T17:25:32.293147+00:00,https://archives.nseindia.com/content/indices/ind_close_all_31052017.csv,02d0355ed48a654f92b0e326854a6ab748461d5e6ac7c1a53ce5372a0258745e
2017-05,Nifty Bank,31-05-2017,29.45,2.98,.6,True,validated,False,2017-05-31,2026-10-04T17:25:32.293147+00:00,https://archives.nseindia.com/content/indices/ind_close_all_31052017.csv,02d0355ed48a654f92b0e326854a6ab748461d5e6ac7c1a53ce5372a0258745e
2017-05,Nifty Financial Services,31-05-2017,26.97,3.59,.85,True,validated,False,2017-05-31,2026-10-04T17:25:32.293147+00:00,https://archives.nseindia.com/content/indices/ind_close_all_31052017.csv,02d0355ed48a654f92b0e326854a6ab748461d5e6ac7c1a53ce5372a0258745e
2017-05,Nifty FMCG,31-05-2017,43.68,13.84,1.42,True,validated,False,2017-05-31,2026-10-04T17:25:32.293147+00:00,https://archives.nseindia.com/content/indices/ind_close_all_31052017.csv,02d0355ed48a654f92b0e326854a6ab748461d5e6ac7c1a53ce5372a0258745e
2017-05,Nifty IT,31-05-2017,16.52,4.6,2,True,validated,False,2017-05-31,2026-10-04T17:25:32.293147+00:00,https://archives.nseindia.com/content/indices/ind_close_all_31052017.csv,02d0355ed48a654f92b0e326854a6ab748461d5e6ac7c1a53ce5372a0258745e
2017-05,Nifty Metal,31-05-2017,15.05,1.43,3.57,True,validated,False,2017-05-31,2026-10-04T17:25:32.293147+00:00,https://archives.nseindia.com/content/indices/ind_close_all_31052017.csv,02d0355ed48a654f92b0e326854a6ab748461d5e6ac7c1a53ce5372a0258745e
2017-05,Nifty Pharma,31-05-2017,33.52,4.31,.56,True,validated,False,2017-05-31,2026-10-04T17:25:32.293147+00:00,https://archives.nseindia.com/content/indices/ind_close_all_31052017.csv,02d0355ed48a654f92b0e326854a6ab748461d5e6ac7c1a53ce5372a0258745e
2017-05,Nifty PSU Bank,31-05-2017,77.51,1.14,.6,True,validated,False,2017-05-31,2026-10-04T17:25:32.293147+00:00,https://archives.nseindia.com/content/indices/ind_close_all_31052017.csv,02d0355ed48a654f92b0e326854a6ab748461d5e6ac7c1a53ce5372a0258745e
2017-05,Nifty Realty,31-05-2017,48.86,1.11,.48,True,validated,False,2017-05-31,2026-10-04T17:25:32.293147+00:00,https://archives.nseindia.com/content/indices/ind_close_all_31052017.csv,02d0355ed48a654f92b0e326854a6ab748461d5e6ac7c1a53ce5372a0258745e
2017-05,Nifty Private Bank,31-05-2017,27.97,3.27,.61,True,validated,False,2017-05-31,2026-10-04T17:25:32.293147+00:00,https://archives.nseindia.com/content/indices/ind_close_all_31052017.csv,02d0355ed48a654f92b0e326854a6ab748461d5e6ac7c1a53ce5372a0258745e
2017-05,Nifty Oil & Gas,,,,,False,validated,False,2017-05-31,2026-10-04T17:25:32.293147+00:00,https://archives.nseindia.com/content/indices/ind_close_all_31052017.csv,02d0355ed48a654f92b0e326854a6ab748461d5e6ac7c1a53ce5372a0258745e
2017-05,Nifty Healthcare Index,,,,,False,validated,False,2017-05-31,2026-10-04T17:25:32.293147+00:00,https://archives.nseindia.com/content/indices/ind_close_all_31052017.csv,02d0355ed48a654f92b0e326854a6ab748461d5e6ac7c1a53ce5372a0258745e
2017-05,Nifty Consumer Durables,,,,,False,validated,False,2017-05-31,2026-10-04T17:25:32.293147+00:00,https://archives.nseindia.com/content/indices/ind_close_all_31052017.csv,02d0355ed48a654f92b0e326854a6ab748461d5e6ac7c1a53ce5372a0258745e
2017-06,Nifty 50,30-06-2017,24.23,3.52,1.12,True,validated,False,2017-06-30,2026-10-04T17:25:32.325413+00:00,https://archives.nseindia.com/content/indices/ind_close_all_30062017.csv,2c2f34630464147b8031dfd2ddb85783fde0054d69680a45641c021f4b36bec1
2017-06,Nifty Auto,30-06-2017,38.35,6.77,.72,True,validated,False,2017-06-30,2026-10-04T17:25:32.325413+00:00,https://archives.nseindia.com/content/indices/ind_close_all_30062017.csv,2c2f34630464147b8031dfd2ddb85783fde0054d69680a45641c021f4b36bec1
2017-06,Nifty Bank,30-06-2017,26.1,2.8,.32,True,validated,False,2017-06-30,2026-10-04T17:25:32.325413+00:00,https://archives.nseindia.com/content/indices/ind_close_all_30062017.csv,2c2f34630464147b8031dfd2ddb85783fde0054d69680a45641c021f4b36bec1
2017-06,Nifty Financial Services,30-06-2017,26.51,3.41,.59,True,validated,False,2017-06-30,2026-10-04T17:25:32.325413+00:00,https://archives.nseindia.com/content/indices/ind_close_all_30062017.csv,2c2f34630464147b8031dfd2ddb85783fde0054d69680a45641c021f4b36bec1
2017-06,Nifty FMCG,30-06-2017,45.32,14.33,1.37,True,validated,False,2017-06-30,2026-10-04T17:25:32.325413+00:00,https://archives.nseindia.com/content/indices/ind_close_all_30062017.csv,2c2f34630464147b8031dfd2ddb85783fde0054d69680a45641c021f4b36bec1
2017-06,Nifty IT,30-06-2017,16.38,4.43,2.08,True,validated,False,2017-06-30,2026-10-04T17:25:32.325413+00:00,https://archives.nseindia.com/content/indices/ind_close_all_30062017.csv,2c2f34630464147b8031dfd2ddb85783fde0054d69680a45641c021f4b36bec1
2017-06,Nifty Metal,30-06-2017,14.07,1.45,3.53,True,validated,False,2017-06-30,2026-10-04T17:25:32.325413+00:00,https://archives.nseindia.com/content/indices/ind_close_all_30062017.csv,2c2f34630464147b8031dfd2ddb85783fde0054d69680a45641c021f4b36bec1
2017-06,Nifty Pharma,30-06-2017,35.45,4.59,.53,True,validated,False,2017-06-30,2026-10-04T17:25:32.325413+00:00,https://archives.nseindia.com/content/indices/ind_close_all_30062017.csv,2c2f34630464147b8031dfd2ddb85783fde0054d69680a45641c021f4b36bec1
2017-06,Nifty PSU Bank,30-06-2017,33.24,1.09,.71,True,validated,False,2017-06-30,2026-10-04T17:25:32.325413+00:00,https://archives.nseindia.com/content/indices/ind_close_all_30062017.csv,2c2f34630464147b8031dfd2ddb85783fde0054d69680a45641c021f4b36bec1
2017-06,Nifty Realty,30-06-2017,59.26,1.18,.45,True,validated,False,2017-06-30,2026-10-04T17:25:32.325413+00:00,https://archives.nseindia.com/content/indices/ind_close_all_30062017.csv,2c2f34630464147b8031dfd2ddb85783fde0054d69680a45641c021f4b36bec1
2017-06,Nifty Private Bank,30-06-2017,25.89,3.1,.2,True,validated,False,2017-06-30,2026-10-04T17:25:32.325413+00:00,https://archives.nseindia.com/content/indices/ind_close_all_30062017.csv,2c2f34630464147b8031dfd2ddb85783fde0054d69680a45641c021f4b36bec1
2017-06,Nifty Oil & Gas,,,,,False,validated,False,2017-06-30,2026-10-04T17:25:32.325413+00:00,https://archives.nseindia.com/content/indices/ind_close_all_30062017.csv,2c2f34630464147b8031dfd2ddb85783fde0054d69680a45641c021f4b36bec1
2017-06,Nifty Healthcare Index,,,,,False,validated,False,2017-06-30,2026-10-04T17:25:32.325413+00:00,https://archives.nseindia.com/content/indices/ind_close_all_30062017.csv,2c2f34630464147b8031dfd2ddb85783fde0054d69680a45641c021f4b36bec1
2017-06,Nifty Consumer Durables,,,,,False,validated,False,2017-06-30,2026-10-04T17:25:32.325413+00:00,https://archives.nseindia.com/content/indices/ind_close_all_30062017.csv,2c2f34630464147b8031dfd2ddb85783fde0054d69680a45641c021f4b36bec1
2017-07,Nifty 50,31-07-2017,25.69,3.51,.95,True,validated,False,2017-07-31,2026-10-04T17:25:32.344274+00:00,https://archives.nseindia.com/content/indices/ind_close_all_31072017.csv,b25ef78fa1b82b61b6f95d875d484ca5cee580cae168fda1f2ea328f9a0cb954
2017-07,Nifty Auto,31-07-2017,40.04,6.86,.73,True,validated,False,2017-07-31,2026-10-04T17:25:32.344274+00:00,https://archives.nseindia.com/content/indices/ind_close_all_31072017.csv,b25ef78fa1b82b61b6f95d875d484ca5cee580cae168fda1f2ea328f9a0cb954
2017-07,Nifty Bank,31-07-2017,28.42,2.91,.21,True,validated,False,2017-07-31,2026-10-04T17:25:32.344274+00:00,https://archives.nseindia.com/content/indices/ind_close_all_31072017.csv,b25ef78fa1b82b61b6f95d875d484ca5cee580cae168fda1f2ea328f9a0cb954
2017-07,Nifty Financial Services,31-07-2017,28.84,3.48,.3,True,validated,False,2017-07-31,2026-10-04T17:25:32.344274+00:00,https://archives.nseindia.com/content/indices/ind_close_all_31072017.csv,b25ef78fa1b82b61b6f95d875d484ca5cee580cae168fda1f2ea328f9a0cb954
2017-07,Nifty FMCG,31-07-2017,43.58,13.43,1.43,True,validated,False,2017-07-31,2026-10-04T17:25:32.344274+00:00,https://archives.nseindia.com/content/indices/ind_close_all_31072017.csv,b25ef78fa1b82b61b6f95d875d484ca5cee580cae168fda1f2ea328f9a0cb954
2017-07,Nifty IT,31-07-2017,17.56,4.25,2.01,True,validated,False,2017-07-31,2026-10-04T17:25:32.344274+00:00,https://archives.nseindia.com/content/indices/ind_close_all_31072017.csv,b25ef78fa1b82b61b6f95d875d484ca5cee580cae168fda1f2ea328f9a0cb954
2017-07,Nifty Metal,31-07-2017,15.25,1.56,3.24,True,validated,False,2017-07-31,2026-10-04T17:25:32.344274+00:00,https://archives.nseindia.com/content/indices/ind_close_all_31072017.csv,b25ef78fa1b82b61b6f95d875d484ca5cee580cae168fda1f2ea328f9a0cb954
2017-07,Nifty Pharma,31-07-2017,34.97,4.53,.54,True,validated,False,2017-07-31,2026-10-04T17:25:32.344274+00:00,https://archives.nseindia.com/content/indices/ind_close_all_31072017.csv,b25ef78fa1b82b61b6f95d875d484ca5cee580cae168fda1f2ea328f9a0cb954
2017-07,Nifty PSU Bank,31-07-2017,37.4,1.22,.63,True,validated,False,2017-07-31,2026-10-04T17:25:32.344274+00:00,https://archives.nseindia.com/content/indices/ind_close_all_31072017.csv,b25ef78fa1b82b61b6f95d875d484ca5cee580cae168fda1f2ea328f9a0cb954
2017-07,Nifty Realty,31-07-2017,63.65,1.27,.42,True,validated,False,2017-07-31,2026-10-04T17:25:32.344274+00:00,https://archives.nseindia.com/content/indices/ind_close_all_31072017.csv,b25ef78fa1b82b61b6f95d875d484ca5cee580cae168fda1f2ea328f9a0cb954
2017-07,Nifty Private Bank,31-07-2017,28.01,3.18,.16,True,validated,False,2017-07-31,2026-10-04T17:25:32.344274+00:00,https://archives.nseindia.com/content/indices/ind_close_all_31072017.csv,b25ef78fa1b82b61b6f95d875d484ca5cee580cae168fda1f2ea328f9a0cb954
2017-07,Nifty Oil & Gas,,,,,False,validated,False,2017-07-31,2026-10-04T17:25:32.344274+00:00,https://archives.nseindia.com/content/indices/ind_close_all_31072017.csv,b25ef78fa1b82b61b6f95d875d484ca5cee580cae168fda1f2ea328f9a0cb954
2017-07,Nifty Healthcare Index,,,,,False,validated,False,2017-07-31,2026-10-04T17:25:32.344274+00:00,https://archives.nseindia.com/content/indices/ind_close_all_31072017.csv,b25ef78fa1b82b61b6f95d875d484ca5cee580cae168fda1f2ea328f9a0cb954
2017-07,Nifty Consumer Durables,,,,,False,validated,False,2017-07-31,2026-10-04T17:25:32.344274+00:00,https://archives.nseindia.com/content/indices/ind_close_all_31072017.csv,b25ef78fa1b82b61b6f95d875d484ca5cee580cae168fda1f2ea328f9a0cb954
2017-08,Nifty 50,31-08-2017,25.62,3.49,.94,True,validated,False,2017-08-31,2026-10-04T17:25:32.502789+00:00,https://archives.nseindia.com/content/indices/ind_close_all_31082017.csv,c808c24218f3adce50ae294a1cef07f8d3ef0f04a95c21fe3075fa7e8b8a1e8f
2017-08,Nifty Auto,31-08-2017,40.55,6.34,.58,True,validated,False,2017-08-31,2026-10-04T17:25:32.502789+00:00,https://archives.nseindia.com/content/indices/ind_close_all_31082017.csv,c808c24218f3adce50ae294a1cef07f8d3ef0f04a95c21fe3075fa7e8b8a1e8f
2017-08,Nifty Bank,31-08-2017,27.21,2.8,.19,True,validated,False,2017-08-31,2026-10-04T17:25:32.502789+00:00,https://archives.nseindia.com/content/indices/ind_close_all_31082017.csv,c808c24218f3adce50ae294a1cef07f8d3ef0f04a95c21fe3075fa7e8b8a1e8f
2017-08,Nifty Financial Services,31-08-2017,28.46,3.42,.3,True,validated,False,2017-08-31,2026-10-04T17:25:32.502789+00:00,https://archives.nseindia.com/content/indices/ind_close_all_31082017.csv,c808c24218f3adce50ae294a1cef07f8d3ef0f04a95c21fe3075fa7e8b8a1e8f
2017-08,Nifty FMCG,31-08-2017,42.99,13.49,1.42,True,validated,False,2017-08-31,2026-10-04T17:25:32.502789+00:00,https://archives.nseindia.com/content/indices/ind_close_all_31082017.csv,c808c24218f3adce50ae294a1cef07f8d3ef0f04a95c21fe3075fa7e8b8a1e8f
2017-08,Nifty IT,31-08-2017,17.12,4.08,1.98,True,validated,False,2017-08-31,2026-10-04T17:25:32.502789+00:00,https://archives.nseindia.com/content/indices/ind_close_all_31082017.csv,c808c24218f3adce50ae294a1cef07f8d3ef0f04a95c21fe3075fa7e8b8a1e8f
2017-08,Nifty Metal,31-08-2017,16.51,1.9,3.12,True,validated,False,2017-08-31,2026-10-04T17:25:32.502789+00:00,https://archives.nseindia.com/content/indices/ind_close_all_31082017.csv,c808c24218f3adce50ae294a1cef07f8d3ef0f04a95c21fe3075fa7e8b8a1e8f
2017-08,Nifty Pharma,31-08-2017,43.38,4.24,.57,True,validated,False,2017-08-31,2026-10-04T17:25:32.502789+00:00,https://archives.nseindia.com/content/indices/ind_close_all_31082017.csv,c808c24218f3adce50ae294a1cef07f8d3ef0f04a95c21fe3075fa7e8b8a1e8f
2017-08,Nifty PSU Bank,31-08-2017,33.76,1.08,.7,True,validated,False,2017-08-31,2026-10-04T17:25:32.502789+00:00,https://archives.nseindia.com/content/indices/ind_close_all_31082017.csv,c808c24218f3adce50ae294a1cef07f8d3ef0f04a95c21fe3075fa7e8b8a1e8f
2017-08,Nifty Realty,31-08-2017,69.96,1.26,.42,True,validated,False,2017-08-31,2026-10-04T17:25:32.502789+00:00,https://archives.nseindia.com/content/indices/ind_close_all_31082017.csv,c808c24218f3adce50ae294a1cef07f8d3ef0f04a95c21fe3075fa7e8b8a1e8f
2017-08,Nifty Private Bank,31-08-2017,27.19,3.08,.13,True,validated,False,2017-08-31,2026-10-04T17:25:32.502789+00:00,https://archives.nseindia.com/content/indices/ind_close_all_31082017.csv,c808c24218f3adce50ae294a1cef07f8d3ef0f04a95c21fe3075fa7e8b8a1e8f
2017-08,Nifty Oil & Gas,,,,,False,validated,False,2017-08-31,2026-10-04T17:25:32.502789+00:00,https://archives.nseindia.com/content/indices/ind_close_all_31082017.csv,c808c24218f3adce50ae294a1cef07f8d3ef0f04a95c21fe3075fa7e8b8a1e8f
2017-08,Nifty Healthcare Index,,,,,False,validated,False,2017-08-31,2026-10-04T17:25:32.502789+00:00,https://archives.nseindia.com/content/indices/ind_close_all_31082017.csv,c808c24218f3adce50ae294a1cef07f8d3ef0f04a95c21fe3075fa7e8b8a1e8f
2017-08,Nifty Consumer Durables,,,,,False,validated,False,2017-08-31,2026-10-04T17:25:32.502789+00:00,https://archives.nseindia.com/content/indices/ind_close_all_31082017.csv,c808c24218f3adce50ae294a1cef07f8d3ef0f04a95c21fe3075fa7e8b8a1e8f
2017-09,Nifty 50,29-09-2017,25.43,3.35,1.17,True,validated,False,2017-09-29,2026-10-04T17:25:32.756619+00:00,https://archives.nseindia.com/content/indices/ind_close_all_29092017.csv,eb3389207ead3d1b3ad8360420fc11d559777d0c813409c4b1ff64cccbcc7479
2017-09,Nifty Auto,29-09-2017,41.91,5.79,.58,True,validated,False,2017-09-29,2026-10-04T17:25:32.756619+00:00,https://archives.nseindia.com/content/indices/ind_close_all_29092017.csv,eb3389207ead3d1b3ad8360420fc11d559777d0c813409c4b1ff64cccbcc7479
2017-09,Nifty Bank,29-09-2017,27.41,2.8,.19,True,validated,False,2017-09-29,2026-10-04T17:25:32.756619+00:00,https://archives.nseindia.com/content/indices/ind_close_all_29092017.csv,eb3389207ead3d1b3ad8360420fc11d559777d0c813409c4b1ff64cccbcc7479
2017-09,Nifty Financial Services,29-09-2017,28.46,3.38,.27,True,validated,False,2017-09-29,2026-10-04T17:25:32.756619+00:00,https://archives.nseindia.com/content/indices/ind_close_all_29092017.csv,eb3389207ead3d1b3ad8360420fc11d559777d0c813409c4b1ff64cccbcc7479
2017-09,Nifty FMCG,29-09-2017,40.83,12.53,1.5,True,validated,False,2017-09-29,2026-10-04T17:25:32.756619+00:00,https://archives.nseindia.com/content/indices/ind_close_all_29092017.csv,eb3389207ead3d1b3ad8360420fc11d559777d0c813409c4b1ff64cccbcc7479
2017-09,Nifty IT,29-09-2017,16.95,3.81,2.25,True,validated,False,2017-09-29,2026-10-04T17:25:32.756619+00:00,https://archives.nseindia.com/content/indices/ind_close_all_29092017.csv,eb3389207ead3d1b3ad8360420fc11d559777d0c813409c4b1ff64cccbcc7479
2017-09,Nifty Metal,29-09-2017,17.24,1.63,4.21,True,validated,False,2017-09-29,2026-10-04T17:25:32.756619+00:00,https://archives.nseindia.com/content/indices/ind_close_all_29092017.csv,eb3389207ead3d1b3ad8360420fc11d559777d0c813409c4b1ff64cccbcc7479
2017-09,Nifty Pharma,29-09-2017,45.1,4.23,.49,True,validated,False,2017-09-29,2026-10-04T17:25:32.756619+00:00,https://archives.nseindia.com/content/indices/ind_close_all_29092017.csv,eb3389207ead3d1b3ad8360420fc11d559777d0c813409c4b1ff64cccbcc7479
2017-09,Nifty PSU Bank,29-09-2017,36.22,1,.77,True,validated,False,2017-09-29,2026-10-04T17:25:32.756619+00:00,https://archives.nseindia.com/content/indices/ind_close_all_29092017.csv,eb3389207ead3d1b3ad8360420fc11d559777d0c813409c4b1ff64cccbcc7479
2017-09,Nifty Realty,29-09-2017,58.99,1.16,.48,True,validated,False,2017-09-29,2026-10-04T17:25:32.756619+00:00,https://archives.nseindia.com/content/indices/ind_close_all_29092017.csv,eb3389207ead3d1b3ad8360420fc11d559777d0c813409c4b1ff64cccbcc7479
2017-09,Nifty Private Bank,29-09-2017,27.74,3.16,.13,True,validated,False,2017-09-29,2026-10-04T17:25:32.756619+00:00,https://archives.nseindia.com/content/indices/ind_close_all_29092017.csv,eb3389207ead3d1b3ad8360420fc11d559777d0c813409c4b1ff64cccbcc7479
2017-09,Nifty Oil & Gas,,,,,False,validated,False,2017-09-29,2026-10-04T17:25:32.756619+00:00,https://archives.nseindia.com/content/indices/ind_close_all_29092017.csv,eb3389207ead3d1b3ad8360420fc11d559777d0c813409c4b1ff64cccbcc7479
2017-09,Nifty Healthcare Index,,,,,False,validated,False,2017-09-29,2026-10-04T17:25:32.756619+00:00,https://archives.nseindia.com/content/indices/ind_close_all_29092017.csv,eb3389207ead3d1b3ad8360420fc11d559777d0c813409c4b1ff64cccbcc7479
2017-09,Nifty Consumer Durables,,,,,False,validated,False,2017-09-29,2026-10-04T17:25:32.756619+00:00,https://archives.nseindia.com/content/indices/ind_close_all_29092017.csv,eb3389207ead3d1b3ad8360420fc11d559777d0c813409c4b1ff64cccbcc7479
2017-10,Nifty 50,31-10-2017,26.38,3.49,1.08,True,validated,False,2017-10-31,2026-10-04T17:25:32.579836+00:00,https://archives.nseindia.com/content/indices/ind_close_all_31102017.csv,694044250a8e067c949f1e9e925474f60f5280af74ac2443cd72ba3c470373f6
2017-10,Nifty Auto,31-10-2017,41.73,6.23,.54,True,validated,False,2017-10-31,2026-10-04T17:25:32.579836+00:00,https://archives.nseindia.com/content/indices/ind_close_all_31102017.csv,694044250a8e067c949f1e9e925474f60f5280af74ac2443cd72ba3c470373f6
2017-10,Nifty Bank,31-10-2017,27.75,2.91,.18,True,validated,False,2017-10-31,2026-10-04T17:25:32.579836+00:00,https://archives.nseindia.com/content/indices/ind_close_all_31102017.csv,694044250a8e067c949f1e9e925474f60f5280af74ac2443cd72ba3c470373f6
2017-10,Nifty Financial Services,31-10-2017,28.6,3.48,.26,True,validated,False,2017-10-31,2026-10-04T17:25:32.579836+00:00,https://archives.nseindia.com/content/indices/ind_close_all_31102017.csv,694044250a8e067c949f1e9e925474f60f5280af74ac2443cd72ba3c470373f6
2017-10,Nifty FMCG,31-10-2017,42.07,10.57,1.43,True,validated,False,2017-10-31,2026-10-04T17:25:32.579836+00:00,https://archives.nseindia.com/content/indices/ind_close_all_31102017.csv,694044250a8e067c949f1e9e925474f60f5280af74ac2443cd72ba3c470373f6
2017-10,Nifty IT,31-10-2017,17.44,3.94,2.18,True,validated,False,2017-10-31,2026-10-04T17:25:32.579836+00:00,https://archives.nseindia.com/content/indices/ind_close_all_31102017.csv,694044250a8e067c949f1e9e925474f60f5280af74ac2443cd72ba3c470373f6
2017-10,Nifty Metal,31-10-2017,18.77,1.79,3.43,True,validated,False,2017-10-31,2026-10-04T17:25:32.579836+00:00,https://archives.nseindia.com/content/indices/ind_close_all_31102017.csv,694044250a8e067c949f1e9e925474f60f5280af74ac2443cd72ba3c470373f6
2017-10,Nifty Pharma,31-10-2017,47.89,4.42,.45,True,validated,False,2017-10-31,2026-10-04T17:25:32.579836+00:00,https://archives.nseindia.com/content/indices/ind_close_all_31102017.csv,694044250a8e067c949f1e9e925474f60f5280af74ac2443cd72ba3c470373f6
2017-10,Nifty PSU Bank,31-10-2017,45.05,1.25,.62,True,validated,False,2017-10-31,2026-10-04T17:25:32.579836+00:00,https://archives.nseindia.com/content/indices/ind_close_all_31102017.csv,694044250a8e067c949f1e9e925474f60f5280af74ac2443cd72ba3c470373f6
2017-10,Nifty Realty,31-10-2017,59.91,1.29,.43,True,validated,False,2017-10-31,2026-10-04T17:25:32.579836+00:00,https://archives.nseindia.com/content/indices/ind_close_all_31102017.csv,694044250a8e067c949f1e9e925474f60f5280af74ac2443cd72ba3c470373f6
2017-10,Nifty Private Bank,31-10-2017,27.54,3.21,.13,True,validated,False,2017-10-31,2026-10-04T17:25:32.579836+00:00,https://archives.nseindia.com/content/indices/ind_close_all_31102017.csv,694044250a8e067c949f1e9e925474f60f5280af74ac2443cd72ba3c470373f6
2017-10,Nifty Oil & Gas,,,,,False,validated,False,2017-10-31,2026-10-04T17:25:32.579836+00:00,https://archives.nseindia.com/content/indices/ind_close_all_31102017.csv,694044250a8e067c949f1e9e925474f60f5280af74ac2443cd72ba3c470373f6
2017-10,Nifty Healthcare Index,,,,,False,validated,False,2017-10-31,2026-10-04T17:25:32.579836+00:00,https://archives.nseindia.com/content/indices/ind_close_all_31102017.csv,694044250a8e067c949f1e9e925474f60f5280af74ac2443cd72ba3c470373f6
2017-10,Nifty Consumer Durables,,,,,False,validated,False,2017-10-31,2026-10-04T17:25:32.579836+00:00,https://archives.nseindia.com/content/indices/ind_close_all_31102017.csv,694044250a8e067c949f1e9e925474f60f5280af74ac2443cd72ba3c470373f6
2017-11,Nifty 50,30-11-2017,26.16,3.45,1.11,True,validated,False,2017-11-30,2026-10-04T17:25:32.741790+00:00,https://archives.nseindia.com/content/indices/ind_close_all_30112017.csv,b6a37ed8ac6a2e68942a7a6af8e9200982afc10cc84ab66eb4186521d4094a31
2017-11,Nifty Auto,30-11-2017,40.23,6.07,.55,True,validated,False,2017-11-30,2026-10-04T17:25:32.741790+00:00,https://archives.nseindia.com/content/indices/ind_close_all_30112017.csv,b6a37ed8ac6a2e68942a7a6af8e9200982afc10cc84ab66eb4186521d4094a31
2017-11,Nifty Bank,30-11-2017,29.24,2.95,.18,True,validated,False,2017-11-30,2026-10-04T17:25:32.741790+00:00,https://archives.nseindia.com/content/indices/ind_close_all_30112017.csv,b6a37ed8ac6a2e68942a7a6af8e9200982afc10cc84ab66eb4186521d4094a31
2017-11,Nifty Financial Services,30-11-2017,29.94,3.51,.25,True,validated,False,2017-11-30,2026-10-04T17:25:32.741790+00:00,https://archives.nseindia.com/content/indices/ind_close_all_30112017.csv,b6a37ed8ac6a2e68942a7a6af8e9200982afc10cc84ab66eb4186521d4094a31
2017-11,Nifty FMCG,30-11-2017,41.99,10.69,1.5,True,validated,False,2017-11-30,2026-10-04T17:25:32.741790+00:00,https://archives.nseindia.com/content/indices/ind_close_all_30112017.csv,b6a37ed8ac6a2e68942a7a6af8e9200982afc10cc84ab66eb4186521d4094a31
2017-11,Nifty IT,30-11-2017,17.54,4.03,2.25,True,validated,False,2017-11-30,2026-10-04T17:25:32.741790+00:00,https://archives.nseindia.com/content/indices/ind_close_all_30112017.csv,b6a37ed8ac6a2e68942a7a6af8e9200982afc10cc84ab66eb4186521d4094a31
2017-11,Nifty Metal,30-11-2017,16.48,1.68,3.34,True,validated,False,2017-11-30,2026-10-04T17:25:32.741790+00:00,https://archives.nseindia.com/content/indices/ind_close_all_30112017.csv,b6a37ed8ac6a2e68942a7a6af8e9200982afc10cc84ab66eb4186521d4094a31
2017-11,Nifty Pharma,30-11-2017,45.24,4.04,.42,True,validated,False,2017-11-30,2026-10-04T17:25:32.741790+00:00,https://archives.nseindia.com/content/indices/ind_close_all_30112017.csv,b6a37ed8ac6a2e68942a7a6af8e9200982afc10cc84ab66eb4186521d4094a31
2017-11,Nifty PSU Bank,30-11-2017,98.1,1.27,.61,True,validated,False,2017-11-30,2026-10-04T17:25:32.741790+00:00,https://archives.nseindia.com/content/indices/ind_close_all_30112017.csv,b6a37ed8ac6a2e68942a7a6af8e9200982afc10cc84ab66eb4186521d4094a31
2017-11,Nifty Realty,30-11-2017,60.55,1.46,.06,True,validated,False,2017-11-30,2026-10-04T17:25:32.741790+00:00,https://archives.nseindia.com/content/indices/ind_close_all_30112017.csv,b6a37ed8ac6a2e68942a7a6af8e9200982afc10cc84ab66eb4186521d4094a31
2017-11,Nifty Private Bank,30-11-2017,28.8,3.23,.12,True,validated,False,2017-11-30,2026-10-04T17:25:32.741790+00:00,https://archives.nseindia.com/content/indices/ind_close_all_30112017.csv,b6a37ed8ac6a2e68942a7a6af8e9200982afc10cc84ab66eb4186521d4094a31
2017-11,Nifty Oil & Gas,,,,,False,validated,False,2017-11-30,2026-10-04T17:25:32.741790+00:00,https://archives.nseindia.com/content/indices/ind_close_all_30112017.csv,b6a37ed8ac6a2e68942a7a6af8e9200982afc10cc84ab66eb4186521d4094a31
2017-11,Nifty Healthcare Index,,,,,False,validated,False,2017-11-30,2026-10-04T17:25:32.741790+00:00,https://archives.nseindia.com/content/indices/ind_close_all_30112017.csv,b6a37ed8ac6a2e68942a7a6af8e9200982afc10cc84ab66eb4186521d4094a31
2017-11,Nifty Consumer Durables,,,,,False,validated,False,2017-11-30,2026-10-04T17:25:32.741790+00:00,https://archives.nseindia.com/content/indices/ind_close_all_30112017.csv,b6a37ed8ac6a2e68942a7a6af8e9200982afc10cc84ab66eb4186521d4094a31
2017-12,Nifty 50,29-12-2017,26.92,3.55,1.08,True,validated,False,2017-12-29,2026-10-04T17:25:33.626619+00:00,https://archives.nseindia.com/content/indices/ind_close_all_29122017.csv,de8ce11a37680217103449d7a00e9432e6b2c84d573698a97b6a03dc30fc0870
2017-12,Nifty Auto,29-12-2017,42.63,6.45,.51,True,validated,False,2017-12-29,2026-10-04T17:25:33.626619+00:00,https://archives.nseindia.com/content/indices/ind_close_all_29122017.csv,de8ce11a37680217103449d7a00e9432e6b2c84d573698a97b6a03dc30fc0870
2017-12,Nifty Bank,29-12-2017,29.57,2.97,.18,True,validated,False,2017-12-29,2026-10-04T17:25:33.626619+00:00,https://archives.nseindia.com/content/indices/ind_close_all_29122017.csv,de8ce11a37680217103449d7a00e9432e6b2c84d573698a97b6a03dc30fc0870
2017-12,Nifty Financial Services,29-12-2017,30.45,3.57,.25,True,validated,False,2017-12-29,2026-10-04T17:25:33.626619+00:00,https://archives.nseindia.com/content/indices/ind_close_all_29122017.csv,de8ce11a37680217103449d7a00e9432e6b2c84d573698a97b6a03dc30fc0870
2017-12,Nifty FMCG,29-12-2017,43.69,11.12,1.44,True,validated,False,2017-12-29,2026-10-04T17:25:33.626619+00:00,https://archives.nseindia.com/content/indices/ind_close_all_29122017.csv,de8ce11a37680217103449d7a00e9432e6b2c84d573698a97b6a03dc30fc0870
2017-12,Nifty IT,29-12-2017,18.45,4.26,2.14,True,validated,False,2017-12-29,2026-10-04T17:25:33.626619+00:00,https://archives.nseindia.com/content/indices/ind_close_all_29122017.csv,de8ce11a37680217103449d7a00e9432e6b2c84d573698a97b6a03dc30fc0870
2017-12,Nifty Metal,29-12-2017,17.4,1.8,3.16,True,validated,False,2017-12-29,2026-10-04T17:25:33.626619+00:00,https://archives.nseindia.com/content/indices/ind_close_all_29122017.csv,de8ce11a37680217103449d7a00e9432e6b2c84d573698a97b6a03dc30fc0870
2017-12,Nifty Pharma,29-12-2017,47.19,4.2,.4,True,validated,False,2017-12-29,2026-10-04T17:25:33.626619+00:00,https://archives.nseindia.com/content/indices/ind_close_all_29122017.csv,de8ce11a37680217103449d7a00e9432e6b2c84d573698a97b6a03dc30fc0870
2017-12,Nifty PSU Bank,29-12-2017,88.37,1.23,.61,True,validated,False,2017-12-29,2026-10-04T17:25:33.626619+00:00,https://archives.nseindia.com/content/indices/ind_close_all_29122017.csv,de8ce11a37680217103449d7a00e9432e6b2c84d573698a97b6a03dc30fc0870
2017-12,Nifty Realty,29-12-2017,65.81,1.54,.03,True,validated,False,2017-12-29,2026-10-04T17:25:33.626619+00:00,https://archives.nseindia.com/content/indices/ind_close_all_29122017.csv,de8ce11a37680217103449d7a00e9432e6b2c84d573698a97b6a03dc30fc0870
2017-12,Nifty Private Bank,29-12-2017,29.38,3.31,.12,True,validated,False,2017-12-29,2026-10-04T17:25:33.626619+00:00,https://archives.nseindia.com/content/indices/ind_close_all_29122017.csv,de8ce11a37680217103449d7a00e9432e6b2c84d573698a97b6a03dc30fc0870
2017-12,Nifty Oil & Gas,,,,,False,validated,False,2017-12-29,2026-10-04T17:25:33.626619+00:00,https://archives.nseindia.com/content/indices/ind_close_all_29122017.csv,de8ce11a37680217103449d7a00e9432e6b2c84d573698a97b6a03dc30fc0870
2017-12,Nifty Healthcare Index,,,,,False,validated,False,2017-12-29,2026-10-04T17:25:33.626619+00:00,https://archives.nseindia.com/content/indices/ind_close_all_29122017.csv,de8ce11a37680217103449d7a00e9432e6b2c84d573698a97b6a03dc30fc0870
2017-12,Nifty Consumer Durables,,,,,False,validated,False,2017-12-29,2026-10-04T17:25:33.626619+00:00,https://archives.nseindia.com/content/indices/ind_close_all_29122017.csv,de8ce11a37680217103449d7a00e9432e6b2c84d573698a97b6a03dc30fc0870
2018-01,Nifty 50,31-01-2018,27.5,3.73,1.03,True,validated,False,2018-01-31,2026-10-04T17:25:32.953058+00:00,https://archives.nseindia.com/content/indices/ind_close_all_31012018.csv,c54475800715e4cf18228c21fe5b492f2c34a59de2f4a19e8e65921c45ad1292
2018-01,Nifty Auto,31-01-2018,41.14,6.24,.53,True,validated,False,2018-01-31,2026-10-04T17:25:32.953058+00:00,https://archives.nseindia.com/content/indices/ind_close_all_31012018.csv,c54475800715e4cf18228c21fe5b492f2c34a59de2f4a19e8e65921c45ad1292
2018-01,Nifty Bank,31-01-2018,30.84,3.21,.16,True,validated,False,2018-01-31,2026-10-04T17:25:32.953058+00:00,https://archives.nseindia.com/content/indices/ind_close_all_31012018.csv,c54475800715e4cf18228c21fe5b492f2c34a59de2f4a19e8e65921c45ad1292
2018-01,Nifty Financial Services,31-01-2018,32.11,3.87,.23,True,validated,False,2018-01-31,2026-10-04T17:25:32.953058+00:00,https://archives.nseindia.com/content/indices/ind_close_all_31012018.csv,c54475800715e4cf18228c21fe5b492f2c34a59de2f4a19e8e65921c45ad1292
2018-01,Nifty FMCG,31-01-2018,42.73,11.28,1.42,True,validated,False,2018-01-31,2026-10-04T17:25:32.953058+00:00,https://archives.nseindia.com/content/indices/ind_close_all_31012018.csv,c54475800715e4cf18228c21fe5b492f2c34a59de2f4a19e8e65921c45ad1292
2018-01,Nifty IT,31-01-2018,19.23,4.69,1.95,True,validated,False,2018-01-31,2026-10-04T17:25:32.953058+00:00,https://archives.nseindia.com/content/indices/ind_close_all_31012018.csv,c54475800715e4cf18228c21fe5b492f2c34a59de2f4a19e8e65921c45ad1292
2018-01,Nifty Metal,31-01-2018,18.15,1.89,3.04,True,validated,False,2018-01-31,2026-10-04T17:25:32.953058+00:00,https://archives.nseindia.com/content/indices/ind_close_all_31012018.csv,c54475800715e4cf18228c21fe5b492f2c34a59de2f4a19e8e65921c45ad1292
2018-01,Nifty Pharma,31-01-2018,47.44,4.12,.41,True,validated,False,2018-01-31,2026-10-04T17:25:32.953058+00:00,https://archives.nseindia.com/content/indices/ind_close_all_31012018.csv,c54475800715e4cf18228c21fe5b492f2c34a59de2f4a19e8e65921c45ad1292
2018-01,Nifty PSU Bank,31-01-2018,88.47,1.22,.61,True,validated,False,2018-01-31,2026-10-04T17:25:32.953058+00:00,https://archives.nseindia.com/content/indices/ind_close_all_31012018.csv,c54475800715e4cf18228c21fe5b492f2c34a59de2f4a19e8e65921c45ad1292
2018-01,Nifty Realty,31-01-2018,72.31,1.53,.03,True,validated,False,2018-01-31,2026-10-04T17:25:32.953058+00:00,https://archives.nseindia.com/content/indices/ind_close_all_31012018.csv,c54475800715e4cf18228c21fe5b492f2c34a59de2f4a19e8e65921c45ad1292
2018-01,Nifty Private Bank,31-01-2018,30.91,3.63,.1,True,validated,False,2018-01-31,2026-10-04T17:25:32.953058+00:00,https://archives.nseindia.com/content/indices/ind_close_all_31012018.csv,c54475800715e4cf18228c21fe5b492f2c34a59de2f4a19e8e65921c45ad1292
2018-01,Nifty Oil & Gas,,,,,False,validated,False,2018-01-31,2026-10-04T17:25:32.953058+00:00,https://archives.nseindia.com/content/indices/ind_close_all_31012018.csv,c54475800715e4cf18228c21fe5b492f2c34a59de2f4a19e8e65921c45ad1292
2018-01,Nifty Healthcare Index,,,,,False,validated,False,2018-01-31,2026-10-04T17:25:32.953058+00:00,https://archives.nseindia.com/content/indices/ind_close_all_31012018.csv,c54475800715e4cf18228c21fe5b492f2c34a59de2f4a19e8e65921c45ad1292
2018-01,Nifty Consumer Durables,,,,,False,validated,False,2018-01-31,2026-10-04T17:25:32.953058+00:00,https://archives.nseindia.com/content/indices/ind_close_all_31012018.csv,c54475800715e4cf18228c21fe5b492f2c34a59de2f4a19e8e65921c45ad1292
2018-02,Nifty 50,28-02-2018,25.68,3.54,1.13,True,validated,False,2018-02-28,2026-10-04T17:25:32.984381+00:00,https://archives.nseindia.com/content/indices/ind_close_all_28022018.csv,52fdf258eeed03463f19c81b09cca4045c361961c5e7dfaac0cee1ed5a56d7fb
2018-02,Nifty Auto,28-02-2018,39.16,5.99,.58,True,validated,False,2018-02-28,2026-10-04T17:25:32.984381+00:00,https://archives.nseindia.com/content/indices/ind_close_all_28022018.csv,52fdf258eeed03463f19c81b09cca4045c361961c5e7dfaac0cee1ed5a56d7fb
2018-02,Nifty Bank,28-02-2018,30.56,2.94,.18,True,validated,False,2018-02-28,2026-10-04T17:25:32.984381+00:00,https://archives.nseindia.com/content/indices/ind_close_all_28022018.csv,52fdf258eeed03463f19c81b09cca4045c361961c5e7dfaac0cee1ed5a56d7fb
2018-02,Nifty Financial Services,28-02-2018,29.25,3.58,.26,True,validated,False,2018-02-28,2026-10-04T17:25:32.984381+00:00,https://archives.nseindia.com/content/indices/ind_close_all_28022018.csv,52fdf258eeed03463f19c81b09cca4045c361961c5e7dfaac0cee1ed5a56d7fb
2018-02,Nifty FMCG,28-02-2018,41.42,11.02,1.45,True,validated,False,2018-02-28,2026-10-04T17:25:32.984381+00:00,https://archives.nseindia.com/content/indices/ind_close_all_28022018.csv,52fdf258eeed03463f19c81b09cca4045c361961c5e7dfaac0cee1ed5a56d7fb
2018-02,Nifty IT,28-02-2018,19.02,4.62,1.97,True,validated,False,2018-02-28,2026-10-04T17:25:32.984381+00:00,https://archives.nseindia.com/content/indices/ind_close_all_28022018.csv,52fdf258eeed03463f19c81b09cca4045c361961c5e7dfaac0cee1ed5a56d7fb
2018-02,Nifty Metal,28-02-2018,16.94,1.86,3.1,True,validated,False,2018-02-28,2026-10-04T17:25:32.984381+00:00,https://archives.nseindia.com/content/indices/ind_close_all_28022018.csv,52fdf258eeed03463f19c81b09cca4045c361961c5e7dfaac0cee1ed5a56d7fb
2018-02,Nifty Pharma,28-02-2018,46.92,3.93,.51,True,validated,False,2018-02-28,2026-10-04T17:25:32.984381+00:00,https://archives.nseindia.com/content/indices/ind_close_all_28022018.csv,52fdf258eeed03463f19c81b09cca4045c361961c5e7dfaac0cee1ed5a56d7fb
2018-02,Nifty PSU Bank,28-02-2018,,1.02,.73,True,validated,False,2018-02-28,2026-10-04T17:25:32.984381+00:00,https://archives.nseindia.com/content/indices/ind_close_all_28022018.csv,52fdf258eeed03463f19c81b09cca4045c361961c5e7dfaac0cee1ed5a56d7fb
2018-02,Nifty Realty,28-02-2018,78.73,1.45,.25,True,validated,False,2018-02-28,2026-10-04T17:25:32.984381+00:00,https://archives.nseindia.com/content/indices/ind_close_all_28022018.csv,52fdf258eeed03463f19c81b09cca4045c361961c5e7dfaac0cee1ed5a56d7fb
2018-02,Nifty Private Bank,28-02-2018,29.49,3.37,.12,True,validated,False,2018-02-28,2026-10-04T17:25:32.984381+00:00,https://archives.nseindia.com/content/indices/ind_close_all_28022018.csv,52fdf258eeed03463f19c81b09cca4045c361961c5e7dfaac0cee1ed5a56d7fb
2018-02,Nifty Oil & Gas,,,,,False,validated,False,2018-02-28,2026-10-04T17:25:32.984381+00:00,https://archives.nseindia.com/content/indices/ind_close_all_28022018.csv,52fdf258eeed03463f19c81b09cca4045c361961c5e7dfaac0cee1ed5a56d7fb
2018-02,Nifty Healthcare Index,,,,,False,validated,False,2018-02-28,2026-10-04T17:25:32.984381+00:00,https://archives.nseindia.com/content/indices/ind_close_all_28022018.csv,52fdf258eeed03463f19c81b09cca4045c361961c5e7dfaac0cee1ed5a56d7fb
2018-02,Nifty Consumer Durables,,,,,False,validated,False,2018-02-28,2026-10-04T17:25:32.984381+00:00,https://archives.nseindia.com/content/indices/ind_close_all_28022018.csv,52fdf258eeed03463f19c81b09cca4045c361961c5e7dfaac0cee1ed5a56d7fb
2018-03,Nifty 50,28-03-2018,24.66,3.42,1.29,True,validated,False,2018-03-28,2026-10-04T17:25:34.236223+00:00,https://archives.nseindia.com/content/indices/ind_close_all_28032018.csv,55b3e222ccf83302d587556786ddfe87214ffa72ce804828b593ec06a19e0f62
2018-03,Nifty Auto,28-03-2018,35.08,5.81,.64,True,validated,False,2018-03-28,2026-10-04T17:25:34.236223+00:00,https://archives.nseindia.com/content/indices/ind_close_all_28032018.csv,55b3e222ccf83302d587556786ddfe87214ffa72ce804828b593ec06a19e0f62
2018-03,Nifty Bank,28-03-2018,29.59,2.84,.6,True,validated,False,2018-03-28,2026-10-04T17:25:34.236223+00:00,https://archives.nseindia.com/content/indices/ind_close_all_28032018.csv,55b3e222ccf83302d587556786ddfe87214ffa72ce804828b593ec06a19e0f62
2018-03,Nifty Financial Services,28-03-2018,28.55,3.5,.55,True,validated,False,2018-03-28,2026-10-04T17:25:34.236223+00:00,https://archives.nseindia.com/content/indices/ind_close_all_28032018.csv,55b3e222ccf83302d587556786ddfe87214ffa72ce804828b593ec06a19e0f62
2018-03,Nifty FMCG,28-03-2018,40.39,10.86,1.47,True,validated,False,2018-03-28,2026-10-04T17:25:34.236223+00:00,https://archives.nseindia.com/content/indices/ind_close_all_28032018.csv,55b3e222ccf83302d587556786ddfe87214ffa72ce804828b593ec06a19e0f62
2018-03,Nifty IT,28-03-2018,18.58,4.52,2.03,True,validated,False,2018-03-28,2026-10-04T17:25:34.236223+00:00,https://archives.nseindia.com/content/indices/ind_close_all_28032018.csv,55b3e222ccf83302d587556786ddfe87214ffa72ce804828b593ec06a19e0f62
2018-03,Nifty Metal,28-03-2018,14.86,1.64,3.52,True,validated,False,2018-03-28,2026-10-04T17:25:34.236223+00:00,https://archives.nseindia.com/content/indices/ind_close_all_28032018.csv,55b3e222ccf83302d587556786ddfe87214ffa72ce804828b593ec06a19e0f62
2018-03,Nifty Pharma,28-03-2018,45.43,3.67,.62,True,validated,False,2018-03-28,2026-10-04T17:25:34.236223+00:00,https://archives.nseindia.com/content/indices/ind_close_all_28032018.csv,55b3e222ccf83302d587556786ddfe87214ffa72ce804828b593ec06a19e0f62
2018-03,Nifty PSU Bank,28-03-2018,,.95,.8,True,validated,False,2018-03-28,2026-10-04T17:25:34.236223+00:00,https://archives.nseindia.com/content/indices/ind_close_all_28032018.csv,55b3e222ccf83302d587556786ddfe87214ffa72ce804828b593ec06a19e0f62
2018-03,Nifty Realty,28-03-2018,77.32,1.3,.28,True,validated,False,2018-03-28,2026-10-04T17:25:34.236223+00:00,https://archives.nseindia.com/content/indices/ind_close_all_28032018.csv,55b3e222ccf83302d587556786ddfe87214ffa72ce804828b593ec06a19e0f62
2018-03,Nifty Private Bank,28-03-2018,28.41,3.25,.56,True,validated,False,2018-03-28,2026-10-04T17:25:34.236223+00:00,https://archives.nseindia.com/content/indices/ind_close_all_28032018.csv,55b3e222ccf83302d587556786ddfe87214ffa72ce804828b593ec06a19e0f62
2018-03,Nifty Oil & Gas,,,,,False,validated,False,2018-03-28,2026-10-04T17:25:34.236223+00:00,https://archives.nseindia.com/content/indices/ind_close_all_28032018.csv,55b3e222ccf83302d587556786ddfe87214ffa72ce804828b593ec06a19e0f62
2018-03,Nifty Healthcare Index,,,,,False,validated,False,2018-03-28,2026-10-04T17:25:34.236223+00:00,https://archives.nseindia.com/content/indices/ind_close_all_28032018.csv,55b3e222ccf83302d587556786ddfe87214ffa72ce804828b593ec06a19e0f62
2018-03,Nifty Consumer Durables,,,,,False,validated,False,2018-03-28,2026-10-04T17:25:34.236223+00:00,https://archives.nseindia.com/content/indices/ind_close_all_28032018.csv,55b3e222ccf83302d587556786ddfe87214ffa72ce804828b593ec06a19e0f62
2018-04,Nifty 50,30-04-2018,26.66,3.69,1.19,True,validated,False,2018-04-30,2026-10-04T17:25:33.548311+00:00,https://archives.nseindia.com/content/indices/ind_close_all_30042018.csv,f884d90ce04de8ca4c5f511932478acefa91da02778489b886a45c8f858cfd5d
2018-04,Nifty Auto,30-04-2018,37.71,6.25,.59,True,validated,False,2018-04-30,2026-10-04T17:25:33.548311+00:00,https://archives.nseindia.com/content/indices/ind_close_all_30042018.csv,f884d90ce04de8ca4c5f511932478acefa91da02778489b886a45c8f858cfd5d
2018-04,Nifty Bank,30-04-2018,31.47,3.1,.57,True,validated,False,2018-04-30,2026-10-04T17:25:33.548311+00:00,https://archives.nseindia.com/content/indices/ind_close_all_30042018.csv,f884d90ce04de8ca4c5f511932478acefa91da02778489b886a45c8f858cfd5d
2018-04,Nifty Financial Services,30-04-2018,30.86,3.86,.56,True,validated,False,2018-04-30,2026-10-04T17:25:33.548311+00:00,https://archives.nseindia.com/content/indices/ind_close_all_30042018.csv,f884d90ce04de8ca4c5f511932478acefa91da02778489b886a45c8f858cfd5d
2018-04,Nifty FMCG,30-04-2018,44.49,11.97,1.34,True,validated,False,2018-04-30,2026-10-04T17:25:33.548311+00:00,https://archives.nseindia.com/content/indices/ind_close_all_30042018.csv,f884d90ce04de8ca4c5f511932478acefa91da02778489b886a45c8f858cfd5d
2018-04,Nifty IT,30-04-2018,20.54,4.99,1.84,True,validated,False,2018-04-30,2026-10-04T17:25:33.548311+00:00,https://archives.nseindia.com/content/indices/ind_close_all_30042018.csv,f884d90ce04de8ca4c5f511932478acefa91da02778489b886a45c8f858cfd5d
2018-04,Nifty Metal,30-04-2018,15.78,1.74,3.3,True,validated,False,2018-04-30,2026-10-04T17:25:33.548311+00:00,https://archives.nseindia.com/content/indices/ind_close_all_30042018.csv,f884d90ce04de8ca4c5f511932478acefa91da02778489b886a45c8f858cfd5d
2018-04,Nifty Pharma,30-04-2018,50.88,4.01,.51,True,validated,False,2018-04-30,2026-10-04T17:25:33.548311+00:00,https://archives.nseindia.com/content/indices/ind_close_all_30042018.csv,f884d90ce04de8ca4c5f511932478acefa91da02778489b886a45c8f858cfd5d
2018-04,Nifty PSU Bank,30-04-2018,,1.06,.78,True,validated,False,2018-04-30,2026-10-04T17:25:33.548311+00:00,https://archives.nseindia.com/content/indices/ind_close_all_30042018.csv,f884d90ce04de8ca4c5f511932478acefa91da02778489b886a45c8f858cfd5d
2018-04,Nifty Realty,30-04-2018,86.43,1.42,.26,True,validated,False,2018-04-30,2026-10-04T17:25:33.548311+00:00,https://archives.nseindia.com/content/indices/ind_close_all_30042018.csv,f884d90ce04de8ca4c5f511932478acefa91da02778489b886a45c8f858cfd5d
2018-04,Nifty Private Bank,30-04-2018,30.37,3.44,.53,True,validated,False,2018-04-30,2026-10-04T17:25:33.548311+00:00,https://archives.nseindia.com/content/indices/ind_close_all_30042018.csv,f884d90ce04de8ca4c5f511932478acefa91da02778489b886a45c8f858cfd5d
2018-04,Nifty Oil & Gas,,,,,False,validated,False,2018-04-30,2026-10-04T17:25:33.548311+00:00,https://archives.nseindia.com/content/indices/ind_close_all_30042018.csv,f884d90ce04de8ca4c5f511932478acefa91da02778489b886a45c8f858cfd5d
2018-04,Nifty Healthcare Index,,,,,False,validated,False,2018-04-30,2026-10-04T17:25:33.548311+00:00,https://archives.nseindia.com/content/indices/ind_close_all_30042018.csv,f884d90ce04de8ca4c5f511932478acefa91da02778489b886a45c8f858cfd5d
2018-04,Nifty Consumer Durables,,,,,False,validated,False,2018-04-30,2026-10-04T17:25:33.548311+00:00,https://archives.nseindia.com/content/indices/ind_close_all_30042018.csv,f884d90ce04de8ca4c5f511932478acefa91da02778489b886a45c8f858cfd5d
2018-05,Nifty 50,31-05-2018,27.19,3.69,1.23,True,validated,False,2018-05-31,2026-10-04T17:25:33.557515+00:00,https://archives.nseindia.com/content/indices/ind_close_all_31052018.csv,957ec763c02894c95c1510246a156d63f8c88e6f7803ed67759d5051bb39ab02
2018-05,Nifty Auto,31-05-2018,34.46,5.91,.63,True,validated,False,2018-05-31,2026-10-04T17:25:33.557515+00:00,https://archives.nseindia.com/content/indices/ind_close_all_31052018.csv,957ec763c02894c95c1510246a156d63f8c88e6f7803ed67759d5051bb39ab02
2018-05,Nifty Bank,31-05-2018,35.17,3.25,.54,True,validated,False,2018-05-31,2026-10-04T17:25:33.557515+00:00,https://archives.nseindia.com/content/indices/ind_close_all_31052018.csv,957ec763c02894c95c1510246a156d63f8c88e6f7803ed67759d5051bb39ab02
2018-05,Nifty Financial Services,31-05-2018,33.74,4.02,.54,True,validated,False,2018-05-31,2026-10-04T17:25:33.557515+00:00,https://archives.nseindia.com/content/indices/ind_close_all_31052018.csv,957ec763c02894c95c1510246a156d63f8c88e6f7803ed67759d5051bb39ab02
2018-05,Nifty FMCG,31-05-2018,44.27,11.99,1.34,True,validated,False,2018-05-31,2026-10-04T17:25:33.557515+00:00,https://archives.nseindia.com/content/indices/ind_close_all_31052018.csv,957ec763c02894c95c1510246a156d63f8c88e6f7803ed67759d5051bb39ab02
2018-05,Nifty IT,31-05-2018,19.5,4.98,2.03,True,validated,False,2018-05-31,2026-10-04T17:25:33.557515+00:00,https://archives.nseindia.com/content/indices/ind_close_all_31052018.csv,957ec763c02894c95c1510246a156d63f8c88e6f7803ed67759d5051bb39ab02
2018-05,Nifty Metal,31-05-2018,18.05,1.66,3.47,True,validated,False,2018-05-31,2026-10-04T17:25:33.557515+00:00,https://archives.nseindia.com/content/indices/ind_close_all_31052018.csv,957ec763c02894c95c1510246a156d63f8c88e6f7803ed67759d5051bb39ab02
2018-05,Nifty Pharma,31-05-2018,46.63,3.64,.56,True,validated,False,2018-05-31,2026-10-04T17:25:33.557515+00:00,https://archives.nseindia.com/content/indices/ind_close_all_31052018.csv,957ec763c02894c95c1510246a156d63f8c88e6f7803ed67759d5051bb39ab02
2018-05,Nifty PSU Bank,31-05-2018,,1.1,.76,True,validated,False,2018-05-31,2026-10-04T17:25:33.557515+00:00,https://archives.nseindia.com/content/indices/ind_close_all_31052018.csv,957ec763c02894c95c1510246a156d63f8c88e6f7803ed67759d5051bb39ab02
2018-05,Nifty Realty,31-05-2018,69.42,1.29,.33,True,validated,False,2018-05-31,2026-10-04T17:25:33.557515+00:00,https://archives.nseindia.com/content/indices/ind_close_all_31052018.csv,957ec763c02894c95c1510246a156d63f8c88e6f7803ed67759d5051bb39ab02
2018-05,Nifty Private Bank,31-05-2018,34.22,3.55,.51,True,validated,False,2018-05-31,2026-10-04T17:25:33.557515+00:00,https://archives.nseindia.com/content/indices/ind_close_all_31052018.csv,957ec763c02894c95c1510246a156d63f8c88e6f7803ed67759d5051bb39ab02
2018-05,Nifty Oil & Gas,,,,,False,validated,False,2018-05-31,2026-10-04T17:25:33.557515+00:00,https://archives.nseindia.com/content/indices/ind_close_all_31052018.csv,957ec763c02894c95c1510246a156d63f8c88e6f7803ed67759d5051bb39ab02
2018-05,Nifty Healthcare Index,,,,,False,validated,False,2018-05-31,2026-10-04T17:25:33.557515+00:00,https://archives.nseindia.com/content/indices/ind_close_all_31052018.csv,957ec763c02894c95c1510246a156d63f8c88e6f7803ed67759d5051bb39ab02
2018-05,Nifty Consumer Durables,,,,,False,validated,False,2018-05-31,2026-10-04T17:25:33.557515+00:00,https://archives.nseindia.com/content/indices/ind_close_all_31052018.csv,957ec763c02894c95c1510246a156d63f8c88e6f7803ed67759d5051bb39ab02
2018-06,Nifty 50,29-06-2018,25.9,3.61,1.22,True,validated,False,2018-06-29,2026-10-04T17:25:34.303499+00:00,https://archives.nseindia.com/content/indices/ind_close_all_29062018.csv,7d1dd07fb4a4d6e348b847d64a4af0acb249ec99bd1cb0dd51b87ab2b0b134c0
2018-06,Nifty Auto,29-06-2018,32.74,5.77,.64,True,validated,False,2018-06-29,2026-10-04T17:25:34.303499+00:00,https://archives.nseindia.com/content/indices/ind_close_all_29062018.csv,7d1dd07fb4a4d6e348b847d64a4af0acb249ec99bd1cb0dd51b87ab2b0b134c0
2018-06,Nifty Bank,29-06-2018,40.77,2.97,.47,True,validated,False,2018-06-29,2026-10-04T17:25:34.303499+00:00,https://archives.nseindia.com/content/indices/ind_close_all_29062018.csv,7d1dd07fb4a4d6e348b847d64a4af0acb249ec99bd1cb0dd51b87ab2b0b134c0
2018-06,Nifty Financial Services,29-06-2018,32.76,3.71,.49,True,validated,False,2018-06-29,2026-10-04T17:25:34.303499+00:00,https://archives.nseindia.com/content/indices/ind_close_all_29062018.csv,7d1dd07fb4a4d6e348b847d64a4af0acb249ec99bd1cb0dd51b87ab2b0b134c0
2018-06,Nifty FMCG,29-06-2018,43.09,11.83,1.35,True,validated,False,2018-06-29,2026-10-04T17:25:34.303499+00:00,https://archives.nseindia.com/content/indices/ind_close_all_29062018.csv,7d1dd07fb4a4d6e348b847d64a4af0acb249ec99bd1cb0dd51b87ab2b0b134c0
2018-06,Nifty IT,29-06-2018,19.95,4.98,2.02,True,validated,False,2018-06-29,2026-10-04T17:25:34.303499+00:00,https://archives.nseindia.com/content/indices/ind_close_all_29062018.csv,7d1dd07fb4a4d6e348b847d64a4af0acb249ec99bd1cb0dd51b87ab2b0b134c0
2018-06,Nifty Metal,29-06-2018,16.17,1.58,3.69,True,validated,False,2018-06-29,2026-10-04T17:25:34.303499+00:00,https://archives.nseindia.com/content/indices/ind_close_all_29062018.csv,7d1dd07fb4a4d6e348b847d64a4af0acb249ec99bd1cb0dd51b87ab2b0b134c0
2018-06,Nifty Pharma,29-06-2018,52.24,4.06,.5,True,validated,False,2018-06-29,2026-10-04T17:25:34.303499+00:00,https://archives.nseindia.com/content/indices/ind_close_all_29062018.csv,7d1dd07fb4a4d6e348b847d64a4af0acb249ec99bd1cb0dd51b87ab2b0b134c0
2018-06,Nifty PSU Bank,29-06-2018,,.93,.01,True,validated,False,2018-06-29,2026-10-04T17:25:34.303499+00:00,https://archives.nseindia.com/content/indices/ind_close_all_29062018.csv,7d1dd07fb4a4d6e348b847d64a4af0acb249ec99bd1cb0dd51b87ab2b0b134c0
2018-06,Nifty Realty,29-06-2018,72.08,1.19,.36,True,validated,False,2018-06-29,2026-10-04T17:25:34.303499+00:00,https://archives.nseindia.com/content/indices/ind_close_all_29062018.csv,7d1dd07fb4a4d6e348b847d64a4af0acb249ec99bd1cb0dd51b87ab2b0b134c0
2018-06,Nifty Private Bank,29-06-2018,33.76,3.33,.53,True,validated,False,2018-06-29,2026-10-04T17:25:34.303499+00:00,https://archives.nseindia.com/content/indices/ind_close_all_29062018.csv,7d1dd07fb4a4d6e348b847d64a4af0acb249ec99bd1cb0dd51b87ab2b0b134c0
2018-06,Nifty Oil & Gas,,,,,False,validated,False,2018-06-29,2026-10-04T17:25:34.303499+00:00,https://archives.nseindia.com/content/indices/ind_close_all_29062018.csv,7d1dd07fb4a4d6e348b847d64a4af0acb249ec99bd1cb0dd51b87ab2b0b134c0
2018-06,Nifty Healthcare Index,,,,,False,validated,False,2018-06-29,2026-10-04T17:25:34.303499+00:00,https://archives.nseindia.com/content/indices/ind_close_all_29062018.csv,7d1dd07fb4a4d6e348b847d64a4af0acb249ec99bd1cb0dd51b87ab2b0b134c0
2018-06,Nifty Consumer Durables,,,,,False,validated,False,2018-06-29,2026-10-04T17:25:34.303499+00:00,https://archives.nseindia.com/content/indices/ind_close_all_29062018.csv,7d1dd07fb4a4d6e348b847d64a4af0acb249ec99bd1cb0dd51b87ab2b0b134c0
2018-07,Nifty 50,31-07-2018,28.22,3.7,1.18,True,validated,False,2018-07-31,2026-10-04T17:25:33.937042+00:00,https://archives.nseindia.com/content/indices/ind_close_all_31072018.csv,a00184ed212d0950dfa25f1b20041cb316ff67665c651f14878d6d709a8c0270
2018-07,Nifty Auto,31-07-2018,33.58,5.63,.8,True,validated,False,2018-07-31,2026-10-04T17:25:33.937042+00:00,https://archives.nseindia.com/content/indices/ind_close_all_31072018.csv,a00184ed212d0950dfa25f1b20041cb316ff67665c651f14878d6d709a8c0270
2018-07,Nifty Bank,31-07-2018,53.47,3.13,.45,True,validated,False,2018-07-31,2026-10-04T17:25:33.937042+00:00,https://archives.nseindia.com/content/indices/ind_close_all_31072018.csv,a00184ed212d0950dfa25f1b20041cb316ff67665c651f14878d6d709a8c0270
2018-07,Nifty Financial Services,31-07-2018,38.14,3.72,.63,True,validated,False,2018-07-31,2026-10-04T17:25:33.937042+00:00,https://archives.nseindia.com/content/indices/ind_close_all_31072018.csv,a00184ed212d0950dfa25f1b20041cb316ff67665c651f14878d6d709a8c0270
2018-07,Nifty FMCG,31-07-2018,46.13,11.52,1.18,True,validated,False,2018-07-31,2026-10-04T17:25:33.937042+00:00,https://archives.nseindia.com/content/indices/ind_close_all_31072018.csv,a00184ed212d0950dfa25f1b20041cb316ff67665c651f14878d6d709a8c0270
2018-07,Nifty IT,31-07-2018,20.69,5.26,1.91,True,validated,False,2018-07-31,2026-10-04T17:25:33.937042+00:00,https://archives.nseindia.com/content/indices/ind_close_all_31072018.csv,a00184ed212d0950dfa25f1b20041cb316ff67665c651f14878d6d709a8c0270
2018-07,Nifty Metal,31-07-2018,15.68,1.42,3.88,True,validated,False,2018-07-31,2026-10-04T17:25:33.937042+00:00,https://archives.nseindia.com/content/indices/ind_close_all_31072018.csv,a00184ed212d0950dfa25f1b20041cb316ff67665c651f14878d6d709a8c0270
2018-07,Nifty Pharma,31-07-2018,53.16,4.05,.52,True,validated,False,2018-07-31,2026-10-04T17:25:33.937042+00:00,https://archives.nseindia.com/content/indices/ind_close_all_31072018.csv,a00184ed212d0950dfa25f1b20041cb316ff67665c651f14878d6d709a8c0270
2018-07,Nifty PSU Bank,31-07-2018,,1.07,.01,True,validated,False,2018-07-31,2026-10-04T17:25:33.937042+00:00,https://archives.nseindia.com/content/indices/ind_close_all_31072018.csv,a00184ed212d0950dfa25f1b20041cb316ff67665c651f14878d6d709a8c0270
2018-07,Nifty Realty,31-07-2018,77.93,1.25,.35,True,validated,False,2018-07-31,2026-10-04T17:25:33.937042+00:00,https://archives.nseindia.com/content/indices/ind_close_all_31072018.csv,a00184ed212d0950dfa25f1b20041cb316ff67665c651f14878d6d709a8c0270
2018-07,Nifty Private Bank,31-07-2018,35.79,3.47,.5,True,validated,False,2018-07-31,2026-10-04T17:25:33.937042+00:00,https://archives.nseindia.com/content/indices/ind_close_all_31072018.csv,a00184ed212d0950dfa25f1b20041cb316ff67665c651f14878d6d709a8c0270
2018-07,Nifty Oil & Gas,,,,,False,validated,False,2018-07-31,2026-10-04T17:25:33.937042+00:00,https://archives.nseindia.com/content/indices/ind_close_all_31072018.csv,a00184ed212d0950dfa25f1b20041cb316ff67665c651f14878d6d709a8c0270
2018-07,Nifty Healthcare Index,,,,,False,validated,False,2018-07-31,2026-10-04T17:25:33.937042+00:00,https://archives.nseindia.com/content/indices/ind_close_all_31072018.csv,a00184ed212d0950dfa25f1b20041cb316ff67665c651f14878d6d709a8c0270
2018-07,Nifty Consumer Durables,,,,,False,validated,False,2018-07-31,2026-10-04T17:25:33.937042+00:00,https://archives.nseindia.com/content/indices/ind_close_all_31072018.csv,a00184ed212d0950dfa25f1b20041cb316ff67665c651f14878d6d709a8c0270
2018-08,Nifty 50,31-08-2018,28.4,3.76,1.15,True,validated,False,2018-08-31,2026-10-04T17:25:33.942050+00:00,https://archives.nseindia.com/content/indices/ind_close_all_31082018.csv,56b72bfa43dc313ed305a25ee88597de48a0338294b49580de24ecbf1e8d79f2
2018-08,Nifty Auto,31-08-2018,29.5,5.29,.9,True,validated,False,2018-08-31,2026-10-04T17:25:33.942050+00:00,https://archives.nseindia.com/content/indices/ind_close_all_31082018.csv,56b72bfa43dc313ed305a25ee88597de48a0338294b49580de24ecbf1e8d79f2
2018-08,Nifty Bank,31-08-2018,58.81,3.14,.45,True,validated,False,2018-08-31,2026-10-04T17:25:33.942050+00:00,https://archives.nseindia.com/content/indices/ind_close_all_31082018.csv,56b72bfa43dc313ed305a25ee88597de48a0338294b49580de24ecbf1e8d79f2
2018-08,Nifty Financial Services,31-08-2018,38.72,3.73,.64,True,validated,False,2018-08-31,2026-10-04T17:25:33.942050+00:00,https://archives.nseindia.com/content/indices/ind_close_all_31082018.csv,56b72bfa43dc313ed305a25ee88597de48a0338294b49580de24ecbf1e8d79f2
2018-08,Nifty FMCG,31-08-2018,47.31,12.14,1.11,True,validated,False,2018-08-31,2026-10-04T17:25:33.942050+00:00,https://archives.nseindia.com/content/indices/ind_close_all_31082018.csv,56b72bfa43dc313ed305a25ee88597de48a0338294b49580de24ecbf1e8d79f2
2018-08,Nifty IT,31-08-2018,22.1,5.51,1.54,True,validated,False,2018-08-31,2026-10-04T17:25:33.942050+00:00,https://archives.nseindia.com/content/indices/ind_close_all_31082018.csv,56b72bfa43dc313ed305a25ee88597de48a0338294b49580de24ecbf1e8d79f2
2018-08,Nifty Metal,31-08-2018,17.07,1.55,3.59,True,validated,False,2018-08-31,2026-10-04T17:25:33.942050+00:00,https://archives.nseindia.com/content/indices/ind_close_all_31082018.csv,56b72bfa43dc313ed305a25ee88597de48a0338294b49580de24ecbf1e8d79f2
2018-08,Nifty Pharma,31-08-2018,51.42,4.48,.48,True,validated,False,2018-08-31,2026-10-04T17:25:33.942050+00:00,https://archives.nseindia.com/content/indices/ind_close_all_31082018.csv,56b72bfa43dc313ed305a25ee88597de48a0338294b49580de24ecbf1e8d79f2
2018-08,Nifty PSU Bank,31-08-2018,,1.12,.01,True,validated,False,2018-08-31,2026-10-04T17:25:33.942050+00:00,https://archives.nseindia.com/content/indices/ind_close_all_31082018.csv,56b72bfa43dc313ed305a25ee88597de48a0338294b49580de24ecbf1e8d79f2
2018-08,Nifty Realty,31-08-2018,79.81,1.25,.41,True,validated,False,2018-08-31,2026-10-04T17:25:33.942050+00:00,https://archives.nseindia.com/content/indices/ind_close_all_31082018.csv,56b72bfa43dc313ed305a25ee88597de48a0338294b49580de24ecbf1e8d79f2
2018-08,Nifty Private Bank,31-08-2018,39.43,3.5,.51,True,validated,False,2018-08-31,2026-10-04T17:25:33.942050+00:00,https://archives.nseindia.com/content/indices/ind_close_all_31082018.csv,56b72bfa43dc313ed305a25ee88597de48a0338294b49580de24ecbf1e8d79f2
2018-08,Nifty Oil & Gas,,,,,False,validated,False,2018-08-31,2026-10-04T17:25:33.942050+00:00,https://archives.nseindia.com/content/indices/ind_close_all_31082018.csv,56b72bfa43dc313ed305a25ee88597de48a0338294b49580de24ecbf1e8d79f2
2018-08,Nifty Healthcare Index,,,,,False,validated,False,2018-08-31,2026-10-04T17:25:33.942050+00:00,https://archives.nseindia.com/content/indices/ind_close_all_31082018.csv,56b72bfa43dc313ed305a25ee88597de48a0338294b49580de24ecbf1e8d79f2
2018-08,Nifty Consumer Durables,,,,,False,validated,False,2018-08-31,2026-10-04T17:25:33.942050+00:00,https://archives.nseindia.com/content/indices/ind_close_all_31082018.csv,56b72bfa43dc313ed305a25ee88597de48a0338294b49580de24ecbf1e8d79f2
2018-09,Nifty 50,28-09-2018,26.44,3.47,1.23,True,validated,False,2018-09-28,2026-10-04T17:25:34.935486+00:00,https://archives.nseindia.com/content/indices/ind_close_all_28092018.csv,57ebbdb7593a02c98407a7334be4bd81b0296953451dfc8dc79fe7578a05d5a6
2018-09,Nifty Auto,28-09-2018,25.72,4.61,1.02,True,validated,False,2018-09-28,2026-10-04T17:25:34.935486+00:00,https://archives.nseindia.com/content/indices/ind_close_all_28092018.csv,57ebbdb7593a02c98407a7334be4bd81b0296953451dfc8dc79fe7578a05d5a6
2018-09,Nifty Bank,28-09-2018,53.65,2.85,.5,True,validated,False,2018-09-28,2026-10-04T17:25:34.935486+00:00,https://archives.nseindia.com/content/indices/ind_close_all_28092018.csv,57ebbdb7593a02c98407a7334be4bd81b0296953451dfc8dc79fe7578a05d5a6
2018-09,Nifty Financial Services,28-09-2018,35.51,3.41,.75,True,validated,False,2018-09-28,2026-10-04T17:25:34.935486+00:00,https://archives.nseindia.com/content/indices/ind_close_all_28092018.csv,57ebbdb7593a02c98407a7334be4bd81b0296953451dfc8dc79fe7578a05d5a6
2018-09,Nifty FMCG,28-09-2018,43.08,10.93,1.22,True,validated,False,2018-09-28,2026-10-04T17:25:34.935486+00:00,https://archives.nseindia.com/content/indices/ind_close_all_28092018.csv,57ebbdb7593a02c98407a7334be4bd81b0296953451dfc8dc79fe7578a05d5a6
2018-09,Nifty IT,28-09-2018,22.25,5.58,1.54,True,validated,False,2018-09-28,2026-10-04T17:25:34.935486+00:00,https://archives.nseindia.com/content/indices/ind_close_all_28092018.csv,57ebbdb7593a02c98407a7334be4bd81b0296953451dfc8dc79fe7578a05d5a6
2018-09,Nifty Metal,28-09-2018,16.38,1.51,3.49,True,validated,False,2018-09-28,2026-10-04T17:25:34.935486+00:00,https://archives.nseindia.com/content/indices/ind_close_all_28092018.csv,57ebbdb7593a02c98407a7334be4bd81b0296953451dfc8dc79fe7578a05d5a6
2018-09,Nifty Pharma,28-09-2018,49.35,4.2,.5,True,validated,False,2018-09-28,2026-10-04T17:25:34.935486+00:00,https://archives.nseindia.com/content/indices/ind_close_all_28092018.csv,57ebbdb7593a02c98407a7334be4bd81b0296953451dfc8dc79fe7578a05d5a6
2018-09,Nifty PSU Bank,28-09-2018,,.92,.06,True,validated,False,2018-09-28,2026-10-04T17:25:34.935486+00:00,https://archives.nseindia.com/content/indices/ind_close_all_28092018.csv,57ebbdb7593a02c98407a7334be4bd81b0296953451dfc8dc79fe7578a05d5a6
2018-09,Nifty Realty,28-09-2018,78.54,1.3,.62,True,validated,False,2018-09-28,2026-10-04T17:25:34.935486+00:00,https://archives.nseindia.com/content/indices/ind_close_all_28092018.csv,57ebbdb7593a02c98407a7334be4bd81b0296953451dfc8dc79fe7578a05d5a6
2018-09,Nifty Private Bank,28-09-2018,35.62,3.14,.57,True,validated,False,2018-09-28,2026-10-04T17:25:34.935486+00:00,https://archives.nseindia.com/content/indices/ind_close_all_28092018.csv,57ebbdb7593a02c98407a7334be4bd81b0296953451dfc8dc79fe7578a05d5a6
2018-09,Nifty Oil & Gas,,,,,False,validated,False,2018-09-28,2026-10-04T17:25:34.935486+00:00,https://archives.nseindia.com/content/indices/ind_close_all_28092018.csv,57ebbdb7593a02c98407a7334be4bd81b0296953451dfc8dc79fe7578a05d5a6
2018-09,Nifty Healthcare Index,,,,,False,validated,False,2018-09-28,2026-10-04T17:25:34.935486+00:00,https://archives.nseindia.com/content/indices/ind_close_all_28092018.csv,57ebbdb7593a02c98407a7334be4bd81b0296953451dfc8dc79fe7578a05d5a6
2018-09,Nifty Consumer Durables,,,,,False,validated,False,2018-09-28,2026-10-04T17:25:34.935486+00:00,https://archives.nseindia.com/content/indices/ind_close_all_28092018.csv,57ebbdb7593a02c98407a7334be4bd81b0296953451dfc8dc79fe7578a05d5a6
2018-10,Nifty 50,31-10-2018,25,3.29,1.27,True,validated,False,2018-10-31,2026-10-04T17:25:34.310315+00:00,https://archives.nseindia.com/content/indices/ind_close_all_31102018.csv,9cd17387f48dee2af9c5229ae69d32816fbf0f03b9a995b551940e76707bc558
2018-10,Nifty Auto,31-10-2018,24.8,4.24,1.11,True,validated,False,2018-10-31,2026-10-04T17:25:34.310315+00:00,https://archives.nseindia.com/content/indices/ind_close_all_31102018.csv,9cd17387f48dee2af9c5229ae69d32816fbf0f03b9a995b551940e76707bc558
2018-10,Nifty Bank,31-10-2018,53.72,2.85,.5,True,validated,False,2018-10-31,2026-10-04T17:25:34.310315+00:00,https://archives.nseindia.com/content/indices/ind_close_all_31102018.csv,9cd17387f48dee2af9c5229ae69d32816fbf0f03b9a995b551940e76707bc558
2018-10,Nifty Financial Services,31-10-2018,35.34,3.43,.75,True,validated,False,2018-10-31,2026-10-04T17:25:34.310315+00:00,https://archives.nseindia.com/content/indices/ind_close_all_31102018.csv,9cd17387f48dee2af9c5229ae69d32816fbf0f03b9a995b551940e76707bc558
2018-10,Nifty FMCG,31-10-2018,41.27,10.48,1.27,True,validated,False,2018-10-31,2026-10-04T17:25:34.310315+00:00,https://archives.nseindia.com/content/indices/ind_close_all_31102018.csv,9cd17387f48dee2af9c5229ae69d32816fbf0f03b9a995b551940e76707bc558
2018-10,Nifty IT,31-10-2018,20.77,5.14,1.44,True,validated,False,2018-10-31,2026-10-04T17:25:34.310315+00:00,https://archives.nseindia.com/content/indices/ind_close_all_31102018.csv,9cd17387f48dee2af9c5229ae69d32816fbf0f03b9a995b551940e76707bc558
2018-10,Nifty Metal,31-10-2018,14.84,1.42,3.72,True,validated,False,2018-10-31,2026-10-04T17:25:34.310315+00:00,https://archives.nseindia.com/content/indices/ind_close_all_31102018.csv,9cd17387f48dee2af9c5229ae69d32816fbf0f03b9a995b551940e76707bc558
2018-10,Nifty Pharma,31-10-2018,47.42,4.15,.62,True,validated,False,2018-10-31,2026-10-04T17:25:34.310315+00:00,https://archives.nseindia.com/content/indices/ind_close_all_31102018.csv,9cd17387f48dee2af9c5229ae69d32816fbf0f03b9a995b551940e76707bc558
2018-10,Nifty PSU Bank,31-10-2018,,.99,.05,True,validated,False,2018-10-31,2026-10-04T17:25:34.310315+00:00,https://archives.nseindia.com/content/indices/ind_close_all_31102018.csv,9cd17387f48dee2af9c5229ae69d32816fbf0f03b9a995b551940e76707bc558
2018-10,Nifty Realty,31-10-2018,76.13,1.27,.63,True,validated,False,2018-10-31,2026-10-04T17:25:34.310315+00:00,https://archives.nseindia.com/content/indices/ind_close_all_31102018.csv,9cd17387f48dee2af9c5229ae69d32816fbf0f03b9a995b551940e76707bc558
2018-10,Nifty Private Bank,31-10-2018,35.76,3.15,.57,True,validated,False,2018-10-31,2026-10-04T17:25:34.310315+00:00,https://archives.nseindia.com/content/indices/ind_close_all_31102018.csv,9cd17387f48dee2af9c5229ae69d32816fbf0f03b9a995b551940e76707bc558
2018-10,Nifty Oil & Gas,,,,,False,validated,False,2018-10-31,2026-10-04T17:25:34.310315+00:00,https://archives.nseindia.com/content/indices/ind_close_all_31102018.csv,9cd17387f48dee2af9c5229ae69d32816fbf0f03b9a995b551940e76707bc558
2018-10,Nifty Healthcare Index,,,,,False,validated,False,2018-10-31,2026-10-04T17:25:34.310315+00:00,https://archives.nseindia.com/content/indices/ind_close_all_31102018.csv,9cd17387f48dee2af9c5229ae69d32816fbf0f03b9a995b551940e76707bc558
2018-10,Nifty Consumer Durables,,,,,False,validated,False,2018-10-31,2026-10-04T17:25:34.310315+00:00,https://archives.nseindia.com/content/indices/ind_close_all_31102018.csv,9cd17387f48dee2af9c5229ae69d32816fbf0f03b9a995b551940e76707bc558
2018-11,Nifty 50,30-11-2018,26.31,3.44,1.22,True,validated,False,2018-11-30,2026-10-04T17:25:34.561774+00:00,https://archives.nseindia.com/content/indices/ind_close_all_30112018.csv,733c696c5bb63468c1c2a507d4b0a3d618ab098314556eed69efdd0f78c74f75
2018-11,Nifty Auto,30-11-2018,25.83,4.45,1.06,True,validated,False,2018-11-30,2026-10-04T17:25:34.561774+00:00,https://archives.nseindia.com/content/indices/ind_close_all_30112018.csv,733c696c5bb63468c1c2a507d4b0a3d618ab098314556eed69efdd0f78c74f75
2018-11,Nifty Bank,30-11-2018,53.93,3.07,.47,True,validated,False,2018-11-30,2026-10-04T17:25:34.561774+00:00,https://archives.nseindia.com/content/indices/ind_close_all_30112018.csv,733c696c5bb63468c1c2a507d4b0a3d618ab098314556eed69efdd0f78c74f75
2018-11,Nifty Financial Services,30-11-2018,38.18,3.69,.69,True,validated,False,2018-11-30,2026-10-04T17:25:34.561774+00:00,https://archives.nseindia.com/content/indices/ind_close_all_30112018.csv,733c696c5bb63468c1c2a507d4b0a3d618ab098314556eed69efdd0f78c74f75
2018-11,Nifty FMCG,30-11-2018,43.01,11.06,1.2,True,validated,False,2018-11-30,2026-10-04T17:25:34.561774+00:00,https://archives.nseindia.com/content/indices/ind_close_all_30112018.csv,733c696c5bb63468c1c2a507d4b0a3d618ab098314556eed69efdd0f78c74f75
2018-11,Nifty IT,30-11-2018,20.35,5.04,1.47,True,validated,False,2018-11-30,2026-10-04T17:25:34.561774+00:00,https://archives.nseindia.com/content/indices/ind_close_all_30112018.csv,733c696c5bb63468c1c2a507d4b0a3d618ab098314556eed69efdd0f78c74f75
2018-11,Nifty Metal,30-11-2018,12.62,1.34,3.93,True,validated,False,2018-11-30,2026-10-04T17:25:34.561774+00:00,https://archives.nseindia.com/content/indices/ind_close_all_30112018.csv,733c696c5bb63468c1c2a507d4b0a3d618ab098314556eed69efdd0f78c74f75
2018-11,Nifty Pharma,30-11-2018,50.98,3.94,.65,True,validated,False,2018-11-30,2026-10-04T17:25:34.561774+00:00,https://archives.nseindia.com/content/indices/ind_close_all_30112018.csv,733c696c5bb63468c1c2a507d4b0a3d618ab098314556eed69efdd0f78c74f75
2018-11,Nifty PSU Bank,30-11-2018,,1.01,.05,True,validated,False,2018-11-30,2026-10-04T17:25:34.561774+00:00,https://archives.nseindia.com/content/indices/ind_close_all_30112018.csv,733c696c5bb63468c1c2a507d4b0a3d618ab098314556eed69efdd0f78c74f75
2018-11,Nifty Realty,30-11-2018,107.08,1.37,.59,True,validated,False,2018-11-30,2026-10-04T17:25:34.561774+00:00,https://archives.nseindia.com/content/indices/ind_close_all_30112018.csv,733c696c5bb63468c1c2a507d4b0a3d618ab098314556eed69efdd0f78c74f75
2018-11,Nifty Private Bank,30-11-2018,38.14,3.36,.53,True,validated,False,2018-11-30,2026-10-04T17:25:34.561774+00:00,https://archives.nseindia.com/content/indices/ind_close_all_30112018.csv,733c696c5bb63468c1c2a507d4b0a3d618ab098314556eed69efdd0f78c74f75
2018-11,Nifty Oil & Gas,,,,,False,validated,False,2018-11-30,2026-10-04T17:25:34.561774+00:00,https://archives.nseindia.com/content/indices/ind_close_all_30112018.csv,733c696c5bb63468c1c2a507d4b0a3d618ab098314556eed69efdd0f78c74f75
2018-11,Nifty Healthcare Index,,,,,False,validated,False,2018-11-30,2026-10-04T17:25:34.561774+00:00,https://archives.nseindia.com/content/indices/ind_close_all_30112018.csv,733c696c5bb63468c1c2a507d4b0a3d618ab098314556eed69efdd0f78c74f75
2018-11,Nifty Consumer Durables,,,,,False,validated,False,2018-11-30,2026-10-04T17:25:34.561774+00:00,https://archives.nseindia.com/content/indices/ind_close_all_30112018.csv,733c696c5bb63468c1c2a507d4b0a3d618ab098314556eed69efdd0f78c74f75
2018-12,Nifty 50,31-12-2018,26.17,3.38,1.24,True,validated,False,2018-12-31,2026-10-04T17:25:34.814811+00:00,https://archives.nseindia.com/content/indices/ind_close_all_31122018.csv,55c9ffcfff092455e2836d3b1e734c1ab9f920d8188590a07dfc05359615e950
2018-12,Nifty Auto,31-12-2018,25.73,4.41,1.06,True,validated,False,2018-12-31,2026-10-04T17:25:34.814811+00:00,https://archives.nseindia.com/content/indices/ind_close_all_31122018.csv,55c9ffcfff092455e2836d3b1e734c1ab9f920d8188590a07dfc05359615e950
2018-12,Nifty Bank,31-12-2018,54.61,3.12,.46,True,validated,False,2018-12-31,2026-10-04T17:25:34.814811+00:00,https://archives.nseindia.com/content/indices/ind_close_all_31122018.csv,55c9ffcfff092455e2836d3b1e734c1ab9f920d8188590a07dfc05359615e950
2018-12,Nifty Financial Services,31-12-2018,38.2,3.72,.69,True,validated,False,2018-12-31,2026-10-04T17:25:34.814811+00:00,https://archives.nseindia.com/content/indices/ind_close_all_31122018.csv,55c9ffcfff092455e2836d3b1e734c1ab9f920d8188590a07dfc05359615e950
2018-12,Nifty FMCG,31-12-2018,43.59,11.05,1.13,True,validated,False,2018-12-31,2026-10-04T17:25:34.814811+00:00,https://archives.nseindia.com/content/indices/ind_close_all_31122018.csv,55c9ffcfff092455e2836d3b1e734c1ab9f920d8188590a07dfc05359615e950
2018-12,Nifty IT,31-12-2018,20,4.95,1.48,True,validated,False,2018-12-31,2026-10-04T17:25:34.814811+00:00,https://archives.nseindia.com/content/indices/ind_close_all_31122018.csv,55c9ffcfff092455e2836d3b1e734c1ab9f920d8188590a07dfc05359615e950
2018-12,Nifty Metal,31-12-2018,13.05,1.35,4.03,True,validated,False,2018-12-31,2026-10-04T17:25:34.814811+00:00,https://archives.nseindia.com/content/indices/ind_close_all_31122018.csv,55c9ffcfff092455e2836d3b1e734c1ab9f920d8188590a07dfc05359615e950
2018-12,Nifty Pharma,31-12-2018,48.81,3.76,.64,True,validated,False,2018-12-31,2026-10-04T17:25:34.814811+00:00,https://archives.nseindia.com/content/indices/ind_close_all_31122018.csv,55c9ffcfff092455e2836d3b1e734c1ab9f920d8188590a07dfc05359615e950
2018-12,Nifty PSU Bank,31-12-2018,,1.08,.05,True,validated,False,2018-12-31,2026-10-04T17:25:34.814811+00:00,https://archives.nseindia.com/content/indices/ind_close_all_31122018.csv,55c9ffcfff092455e2836d3b1e734c1ab9f920d8188590a07dfc05359615e950
2018-12,Nifty Realty,31-12-2018,107.24,1.37,.59,True,validated,False,2018-12-31,2026-10-04T17:25:34.814811+00:00,https://archives.nseindia.com/content/indices/ind_close_all_31122018.csv,55c9ffcfff092455e2836d3b1e734c1ab9f920d8188590a07dfc05359615e950
2018-12,Nifty Private Bank,31-12-2018,38.52,3.4,.53,True,validated,False,2018-12-31,2026-10-04T17:25:34.814811+00:00,https://archives.nseindia.com/content/indices/ind_close_all_31122018.csv,55c9ffcfff092455e2836d3b1e734c1ab9f920d8188590a07dfc05359615e950
2018-12,Nifty Oil & Gas,,,,,False,validated,False,2018-12-31,2026-10-04T17:25:34.814811+00:00,https://archives.nseindia.com/content/indices/ind_close_all_31122018.csv,55c9ffcfff092455e2836d3b1e734c1ab9f920d8188590a07dfc05359615e950
2018-12,Nifty Healthcare Index,,,,,False,validated,False,2018-12-31,2026-10-04T17:25:34.814811+00:00,https://archives.nseindia.com/content/indices/ind_close_all_31122018.csv,55c9ffcfff092455e2836d3b1e734c1ab9f920d8188590a07dfc05359615e950
2018-12,Nifty Consumer Durables,,,,,False,validated,False,2018-12-31,2026-10-04T17:25:34.814811+00:00,https://archives.nseindia.com/content/indices/ind_close_all_31122018.csv,55c9ffcfff092455e2836d3b1e734c1ab9f920d8188590a07dfc05359615e950
2019-01,Nifty 50,31-01-2019,26.26,3.37,1.25,True,validated,False,2019-01-31,2026-10-04T17:25:34.818886+00:00,https://archives.nseindia.com/content/indices/ind_close_all_31012019.csv,e43982d1f7985d533575a821688ac62e39a6988c90a03d6cd8704bbbc14112a7
2019-01,Nifty Auto,31-01-2019,22.98,3.93,1.19,True,validated,False,2019-01-31,2026-10-04T17:25:34.818886+00:00,https://archives.nseindia.com/content/indices/ind_close_all_31012019.csv,e43982d1f7985d533575a821688ac62e39a6988c90a03d6cd8704bbbc14112a7
2019-01,Nifty Bank,31-01-2019,54.97,3.14,.46,True,validated,False,2019-01-31,2026-10-04T17:25:34.818886+00:00,https://archives.nseindia.com/content/indices/ind_close_all_31012019.csv,e43982d1f7985d533575a821688ac62e39a6988c90a03d6cd8704bbbc14112a7
2019-01,Nifty Financial Services,31-01-2019,37.45,3.67,.7,True,validated,False,2019-01-31,2026-10-04T17:25:34.818886+00:00,https://archives.nseindia.com/content/indices/ind_close_all_31012019.csv,e43982d1f7985d533575a821688ac62e39a6988c90a03d6cd8704bbbc14112a7
2019-01,Nifty FMCG,31-01-2019,42.46,10.79,1.15,True,validated,False,2019-01-31,2026-10-04T17:25:34.818886+00:00,https://archives.nseindia.com/content/indices/ind_close_all_31012019.csv,e43982d1f7985d533575a821688ac62e39a6988c90a03d6cd8704bbbc14112a7
2019-01,Nifty IT,31-01-2019,21.95,5.31,1.38,True,validated,False,2019-01-31,2026-10-04T17:25:34.818886+00:00,https://archives.nseindia.com/content/indices/ind_close_all_31012019.csv,e43982d1f7985d533575a821688ac62e39a6988c90a03d6cd8704bbbc14112a7
2019-01,Nifty Metal,31-01-2019,12.07,1.25,4.36,True,validated,False,2019-01-31,2026-10-04T17:25:34.818886+00:00,https://archives.nseindia.com/content/indices/ind_close_all_31012019.csv,e43982d1f7985d533575a821688ac62e39a6988c90a03d6cd8704bbbc14112a7
2019-01,Nifty Pharma,31-01-2019,48.25,3.74,.64,True,validated,False,2019-01-31,2026-10-04T17:25:34.818886+00:00,https://archives.nseindia.com/content/indices/ind_close_all_31012019.csv,e43982d1f7985d533575a821688ac62e39a6988c90a03d6cd8704bbbc14112a7
2019-01,Nifty PSU Bank,31-01-2019,,1.06,.01,True,validated,False,2019-01-31,2026-10-04T17:25:34.818886+00:00,https://archives.nseindia.com/content/indices/ind_close_all_31012019.csv,e43982d1f7985d533575a821688ac62e39a6988c90a03d6cd8704bbbc14112a7
2019-01,Nifty Realty,31-01-2019,81.57,1.35,.59,True,validated,False,2019-01-31,2026-10-04T17:25:34.818886+00:00,https://archives.nseindia.com/content/indices/ind_close_all_31012019.csv,e43982d1f7985d533575a821688ac62e39a6988c90a03d6cd8704bbbc14112a7
2019-01,Nifty Private Bank,31-01-2019,39.08,3.45,.52,True,validated,False,2019-01-31,2026-10-04T17:25:34.818886+00:00,https://archives.nseindia.com/content/indices/ind_close_all_31012019.csv,e43982d1f7985d533575a821688ac62e39a6988c90a03d6cd8704bbbc14112a7
2019-01,Nifty Oil & Gas,,,,,False,validated,False,2019-01-31,2026-10-04T17:25:34.818886+00:00,https://archives.nseindia.com/content/indices/ind_close_all_31012019.csv,e43982d1f7985d533575a821688ac62e39a6988c90a03d6cd8704bbbc14112a7
2019-01,Nifty Healthcare Index,,,,,False,validated,False,2019-01-31,2026-10-04T17:25:34.818886+00:00,https://archives.nseindia.com/content/indices/ind_close_all_31012019.csv,e43982d1f7985d533575a821688ac62e39a6988c90a03d6cd8704bbbc14112a7
2019-01,Nifty Consumer Durables,,,,,False,validated,False,2019-01-31,2026-10-04T17:25:34.818886+00:00,https://archives.nseindia.com/content/indices/ind_close_all_31012019.csv,e43982d1f7985d533575a821688ac62e39a6988c90a03d6cd8704bbbc14112a7
2019-02,Nifty 50,28-02-2019,26.32,3.41,1.25,True,validated,False,2019-02-28,2026-10-04T17:25:34.917761+00:00,https://archives.nseindia.com/content/indices/ind_close_all_28022019.csv,5134d1340bd4601e25cd54964be48d049e56e6d0921fe989b44f308a4783d45b
2019-02,Nifty Auto,28-02-2019,23.41,4.02,1.17,True,validated,False,2019-02-28,2026-10-04T17:25:34.917761+00:00,https://archives.nseindia.com/content/indices/ind_close_all_28022019.csv,5134d1340bd4601e25cd54964be48d049e56e6d0921fe989b44f308a4783d45b
2019-02,Nifty Bank,28-02-2019,53.95,3.08,.47,True,validated,False,2019-02-28,2026-10-04T17:25:34.917761+00:00,https://archives.nseindia.com/content/indices/ind_close_all_28022019.csv,5134d1340bd4601e25cd54964be48d049e56e6d0921fe989b44f308a4783d45b
2019-02,Nifty Financial Services,28-02-2019,39.7,3.6,.72,True,validated,False,2019-02-28,2026-10-04T17:25:34.917761+00:00,https://archives.nseindia.com/content/indices/ind_close_all_28022019.csv,5134d1340bd4601e25cd54964be48d049e56e6d0921fe989b44f308a4783d45b
2019-02,Nifty FMCG,28-02-2019,41.73,10.73,1.17,True,validated,False,2019-02-28,2026-10-04T17:25:34.917761+00:00,https://archives.nseindia.com/content/indices/ind_close_all_28022019.csv,5134d1340bd4601e25cd54964be48d049e56e6d0921fe989b44f308a4783d45b
2019-02,Nifty IT,28-02-2019,22.31,5.39,1.36,True,validated,False,2019-02-28,2026-10-04T17:25:34.917761+00:00,https://archives.nseindia.com/content/indices/ind_close_all_28022019.csv,5134d1340bd4601e25cd54964be48d049e56e6d0921fe989b44f308a4783d45b
2019-02,Nifty Metal,28-02-2019,10.07,1.26,4.43,True,validated,False,2019-02-28,2026-10-04T17:25:34.917761+00:00,https://archives.nseindia.com/content/indices/ind_close_all_28022019.csv,5134d1340bd4601e25cd54964be48d049e56e6d0921fe989b44f308a4783d45b
2019-02,Nifty Pharma,28-02-2019,49.88,3.76,.64,True,validated,False,2019-02-28,2026-10-04T17:25:34.917761+00:00,https://archives.nseindia.com/content/indices/ind_close_all_28022019.csv,5134d1340bd4601e25cd54964be48d049e56e6d0921fe989b44f308a4783d45b
2019-02,Nifty PSU Bank,28-02-2019,,.97,.01,True,validated,False,2019-02-28,2026-10-04T17:25:34.917761+00:00,https://archives.nseindia.com/content/indices/ind_close_all_28022019.csv,5134d1340bd4601e25cd54964be48d049e56e6d0921fe989b44f308a4783d45b
2019-02,Nifty Realty,28-02-2019,41.22,1.95,.63,True,validated,False,2019-02-28,2026-10-04T17:25:34.917761+00:00,https://archives.nseindia.com/content/indices/ind_close_all_28022019.csv,5134d1340bd4601e25cd54964be48d049e56e6d0921fe989b44f308a4783d45b
2019-02,Nifty Private Bank,28-02-2019,38.57,3.41,.53,True,validated,False,2019-02-28,2026-10-04T17:25:34.917761+00:00,https://archives.nseindia.com/content/indices/ind_close_all_28022019.csv,5134d1340bd4601e25cd54964be48d049e56e6d0921fe989b44f308a4783d45b
2019-02,Nifty Oil & Gas,,,,,False,validated,False,2019-02-28,2026-10-04T17:25:34.917761+00:00,https://archives.nseindia.com/content/indices/ind_close_all_28022019.csv,5134d1340bd4601e25cd54964be48d049e56e6d0921fe989b44f308a4783d45b
2019-02,Nifty Healthcare Index,,,,,False,validated,False,2019-02-28,2026-10-04T17:25:34.917761+00:00,https://archives.nseindia.com/content/indices/ind_close_all_28022019.csv,5134d1340bd4601e25cd54964be48d049e56e6d0921fe989b44f308a4783d45b
2019-02,Nifty Consumer Durables,,,,,False,validated,False,2019-02-28,2026-10-04T17:25:34.917761+00:00,https://archives.nseindia.com/content/indices/ind_close_all_28022019.csv,5134d1340bd4601e25cd54964be48d049e56e6d0921fe989b44f308a4783d45b
2019-03,Nifty 50,29-03-2019,29.01,3.71,1.13,True,validated,False,2019-03-29,2026-10-04T17:25:35.731735+00:00,https://archives.nseindia.com/content/indices/ind_close_all_29032019.csv,cc3e0aadce72a258da8007e4557210b7c41613372375185dec0e531a9f10b0a3
2019-03,Nifty Auto,29-03-2019,23.25,4.09,1.19,True,validated,False,2019-03-29,2026-10-04T17:25:35.731735+00:00,https://archives.nseindia.com/content/indices/ind_close_all_29032019.csv,cc3e0aadce72a258da8007e4557210b7c41613372375185dec0e531a9f10b0a3
2019-03,Nifty Bank,29-03-2019,64.82,3.4,.42,True,validated,False,2019-03-29,2026-10-04T17:25:35.731735+00:00,https://archives.nseindia.com/content/indices/ind_close_all_29032019.csv,cc3e0aadce72a258da8007e4557210b7c41613372375185dec0e531a9f10b0a3
2019-03,Nifty Financial Services,29-03-2019,45.19,4.06,.64,True,validated,False,2019-03-29,2026-10-04T17:25:35.731735+00:00,https://archives.nseindia.com/content/indices/ind_close_all_29032019.csv,cc3e0aadce72a258da8007e4557210b7c41613372375185dec0e531a9f10b0a3
2019-03,Nifty FMCG,29-03-2019,46.62,12.38,1.03,True,validated,False,2019-03-29,2026-10-04T17:25:35.731735+00:00,https://archives.nseindia.com/content/indices/ind_close_all_29032019.csv,cc3e0aadce72a258da8007e4557210b7c41613372375185dec0e531a9f10b0a3
2019-03,Nifty IT,29-03-2019,23.27,5.6,1.34,True,validated,False,2019-03-29,2026-10-04T17:25:35.731735+00:00,https://archives.nseindia.com/content/indices/ind_close_all_29032019.csv,cc3e0aadce72a258da8007e4557210b7c41613372375185dec0e531a9f10b0a3
2019-03,Nifty Metal,29-03-2019,10.64,1.33,4.17,True,validated,False,2019-03-29,2026-10-04T17:25:35.731735+00:00,https://archives.nseindia.com/content/indices/ind_close_all_29032019.csv,cc3e0aadce72a258da8007e4557210b7c41613372375185dec0e531a9f10b0a3
2019-03,Nifty Pharma,29-03-2019,52.73,3.96,.61,True,validated,False,2019-03-29,2026-10-04T17:25:35.731735+00:00,https://archives.nseindia.com/content/indices/ind_close_all_29032019.csv,cc3e0aadce72a258da8007e4557210b7c41613372375185dec0e531a9f10b0a3
2019-03,Nifty PSU Bank,29-03-2019,,.95,.03,True,validated,False,2019-03-29,2026-10-04T17:25:35.731735+00:00,https://archives.nseindia.com/content/indices/ind_close_all_29032019.csv,cc3e0aadce72a258da8007e4557210b7c41613372375185dec0e531a9f10b0a3
2019-03,Nifty Realty,29-03-2019,48.13,2.27,.54,True,validated,False,2019-03-29,2026-10-04T17:25:35.731735+00:00,https://archives.nseindia.com/content/indices/ind_close_all_29032019.csv,cc3e0aadce72a258da8007e4557210b7c41613372375185dec0e531a9f10b0a3
2019-03,Nifty Private Bank,29-03-2019,40.83,4,.47,True,validated,False,2019-03-29,2026-10-04T17:25:35.731735+00:00,https://archives.nseindia.com/content/indices/ind_close_all_29032019.csv,cc3e0aadce72a258da8007e4557210b7c41613372375185dec0e531a9f10b0a3
2019-03,Nifty Oil & Gas,,,,,False,validated,False,2019-03-29,2026-10-04T17:25:35.731735+00:00,https://archives.nseindia.com/content/indices/ind_close_all_29032019.csv,cc3e0aadce72a258da8007e4557210b7c41613372375185dec0e531a9f10b0a3
2019-03,Nifty Healthcare Index,,,,,False,validated,False,2019-03-29,2026-10-04T17:25:35.731735+00:00,https://archives.nseindia.com/content/indices/ind_close_all_29032019.csv,cc3e0aadce72a258da8007e4557210b7c41613372375185dec0e531a9f10b0a3
2019-03,Nifty Consumer Durables,,,,,False,validated,False,2019-03-29,2026-10-04T17:25:35.731735+00:00,https://archives.nseindia.com/content/indices/ind_close_all_29032019.csv,cc3e0aadce72a258da8007e4557210b7c41613372375185dec0e531a9f10b0a3
2019-04,Nifty 50,30-04-2019,29.33,3.76,1.12,True,validated,False,2019-04-30,2026-10-04T17:25:35.032206+00:00,https://archives.nseindia.com/content/indices/ind_close_all_30042019.csv,cf9674460b2b05c94e269937edca938846eee534b2612146e697c14ef23d880c
2019-04,Nifty Auto,30-04-2019,23.29,4.09,1.19,True,validated,False,2019-04-30,2026-10-04T17:25:35.032206+00:00,https://archives.nseindia.com/content/indices/ind_close_all_30042019.csv,cf9674460b2b05c94e269937edca938846eee534b2612146e697c14ef23d880c
2019-04,Nifty Bank,30-04-2019,62.79,3.35,.42,True,validated,False,2019-04-30,2026-10-04T17:25:35.032206+00:00,https://archives.nseindia.com/content/indices/ind_close_all_30042019.csv,cf9674460b2b05c94e269937edca938846eee534b2612146e697c14ef23d880c
2019-04,Nifty Financial Services,30-04-2019,45.17,4.06,.64,True,validated,False,2019-04-30,2026-10-04T17:25:35.032206+00:00,https://archives.nseindia.com/content/indices/ind_close_all_30042019.csv,cf9674460b2b05c94e269937edca938846eee534b2612146e697c14ef23d880c
2019-04,Nifty FMCG,30-04-2019,46.64,12.39,1.03,True,validated,False,2019-04-30,2026-10-04T17:25:35.032206+00:00,https://archives.nseindia.com/content/indices/ind_close_all_30042019.csv,cf9674460b2b05c94e269937edca938846eee534b2612146e697c14ef23d880c
2019-04,Nifty IT,30-04-2019,24.71,5.98,1.25,True,validated,False,2019-04-30,2026-10-04T17:25:35.032206+00:00,https://archives.nseindia.com/content/indices/ind_close_all_30042019.csv,cf9674460b2b05c94e269937edca938846eee534b2612146e697c14ef23d880c
2019-04,Nifty Metal,30-04-2019,10.79,1.35,4.11,True,validated,False,2019-04-30,2026-10-04T17:25:35.032206+00:00,https://archives.nseindia.com/content/indices/ind_close_all_30042019.csv,cf9674460b2b05c94e269937edca938846eee534b2612146e697c14ef23d880c
2019-04,Nifty Pharma,30-04-2019,53.05,3.99,.6,True,validated,False,2019-04-30,2026-10-04T17:25:35.032206+00:00,https://archives.nseindia.com/content/indices/ind_close_all_30042019.csv,cf9674460b2b05c94e269937edca938846eee534b2612146e697c14ef23d880c
2019-04,Nifty PSU Bank,30-04-2019,,.9,.03,True,validated,False,2019-04-30,2026-10-04T17:25:35.032206+00:00,https://archives.nseindia.com/content/indices/ind_close_all_30042019.csv,cf9674460b2b05c94e269937edca938846eee534b2612146e697c14ef23d880c
2019-04,Nifty Realty,30-04-2019,45.24,2.18,.56,True,validated,False,2019-04-30,2026-10-04T17:25:35.032206+00:00,https://archives.nseindia.com/content/indices/ind_close_all_30042019.csv,cf9674460b2b05c94e269937edca938846eee534b2612146e697c14ef23d880c
2019-04,Nifty Private Bank,30-04-2019,39.64,3.88,.49,True,validated,False,2019-04-30,2026-10-04T17:25:35.032206+00:00,https://archives.nseindia.com/content/indices/ind_close_all_30042019.csv,cf9674460b2b05c94e269937edca938846eee534b2612146e697c14ef23d880c
2019-04,Nifty Oil & Gas,,,,,False,validated,False,2019-04-30,2026-10-04T17:25:35.032206+00:00,https://archives.nseindia.com/content/indices/ind_close_all_30042019.csv,cf9674460b2b05c94e269937edca938846eee534b2612146e697c14ef23d880c
2019-04,Nifty Healthcare Index,,,,,False,validated,False,2019-04-30,2026-10-04T17:25:35.032206+00:00,https://archives.nseindia.com/content/indices/ind_close_all_30042019.csv,cf9674460b2b05c94e269937edca938846eee534b2612146e697c14ef23d880c
2019-04,Nifty Consumer Durables,,,,,False,validated,False,2019-04-30,2026-10-04T17:25:35.032206+00:00,https://archives.nseindia.com/content/indices/ind_close_all_30042019.csv,cf9674460b2b05c94e269937edca938846eee534b2612146e697c14ef23d880c
2019-05,Nifty 50,31-05-2019,29.49,3.81,1.22,True,validated,False,2019-05-31,2026-10-04T17:25:35.389904+00:00,https://archives.nseindia.com/content/indices/ind_close_all_31052019.csv,14348c36372d3e2869d39559ff5cff99e320cc8ba1e00a42d7fb85fb6c933247
2019-05,Nifty Auto,31-05-2019,22.67,4.01,1.21,True,validated,False,2019-05-31,2026-10-04T17:25:35.389904+00:00,https://archives.nseindia.com/content/indices/ind_close_all_31052019.csv,14348c36372d3e2869d39559ff5cff99e320cc8ba1e00a42d7fb85fb6c933247
2019-05,Nifty Bank,31-05-2019,64.93,3.53,.4,True,validated,False,2019-05-31,2026-10-04T17:25:35.389904+00:00,https://archives.nseindia.com/content/indices/ind_close_all_31052019.csv,14348c36372d3e2869d39559ff5cff99e320cc8ba1e00a42d7fb85fb6c933247
2019-05,Nifty Financial Services,31-05-2019,48.5,4.36,.59,True,validated,False,2019-05-31,2026-10-04T17:25:35.389904+00:00,https://archives.nseindia.com/content/indices/ind_close_all_31052019.csv,14348c36372d3e2869d39559ff5cff99e320cc8ba1e00a42d7fb85fb6c933247
2019-05,Nifty FMCG,31-05-2019,44.19,12.14,1.05,True,validated,False,2019-05-31,2026-10-04T17:25:35.389904+00:00,https://archives.nseindia.com/content/indices/ind_close_all_31052019.csv,14348c36372d3e2869d39559ff5cff99e320cc8ba1e00a42d7fb85fb6c933247
2019-05,Nifty IT,31-05-2019,23.69,5.78,1.83,True,validated,False,2019-05-31,2026-10-04T17:25:35.389904+00:00,https://archives.nseindia.com/content/indices/ind_close_all_31052019.csv,14348c36372d3e2869d39559ff5cff99e320cc8ba1e00a42d7fb85fb6c933247
2019-05,Nifty Metal,31-05-2019,10.19,1.27,4.38,True,validated,False,2019-05-31,2026-10-04T17:25:35.389904+00:00,https://archives.nseindia.com/content/indices/ind_close_all_31052019.csv,14348c36372d3e2869d39559ff5cff99e320cc8ba1e00a42d7fb85fb6c933247
2019-05,Nifty Pharma,31-05-2019,40.79,3.61,.67,True,validated,False,2019-05-31,2026-10-04T17:25:35.389904+00:00,https://archives.nseindia.com/content/indices/ind_close_all_31052019.csv,14348c36372d3e2869d39559ff5cff99e320cc8ba1e00a42d7fb85fb6c933247
2019-05,Nifty PSU Bank,31-05-2019,,1.04,.03,True,validated,False,2019-05-31,2026-10-04T17:25:35.389904+00:00,https://archives.nseindia.com/content/indices/ind_close_all_31052019.csv,14348c36372d3e2869d39559ff5cff99e320cc8ba1e00a42d7fb85fb6c933247
2019-05,Nifty Realty,31-05-2019,47.53,2.53,.49,True,validated,False,2019-05-31,2026-10-04T17:25:35.389904+00:00,https://archives.nseindia.com/content/indices/ind_close_all_31052019.csv,14348c36372d3e2869d39559ff5cff99e320cc8ba1e00a42d7fb85fb6c933247
2019-05,Nifty Private Bank,31-05-2019,41.32,4.04,.47,True,validated,False,2019-05-31,2026-10-04T17:25:35.389904+00:00,https://archives.nseindia.com/content/indices/ind_close_all_31052019.csv,14348c36372d3e2869d39559ff5cff99e320cc8ba1e00a42d7fb85fb6c933247
2019-05,Nifty Oil & Gas,,,,,False,validated,False,2019-05-31,2026-10-04T17:25:35.389904+00:00,https://archives.nseindia.com/content/indices/ind_close_all_31052019.csv,14348c36372d3e2869d39559ff5cff99e320cc8ba1e00a42d7fb85fb6c933247
2019-05,Nifty Healthcare Index,,,,,False,validated,False,2019-05-31,2026-10-04T17:25:35.389904+00:00,https://archives.nseindia.com/content/indices/ind_close_all_31052019.csv,14348c36372d3e2869d39559ff5cff99e320cc8ba1e00a42d7fb85fb6c933247
2019-05,Nifty Consumer Durables,,,,,False,validated,False,2019-05-31,2026-10-04T17:25:35.389904+00:00,https://archives.nseindia.com/content/indices/ind_close_all_31052019.csv,14348c36372d3e2869d39559ff5cff99e320cc8ba1e00a42d7fb85fb6c933247
2019-06,Nifty 50,28-06-2019,28.98,3.71,1.24,True,validated,False,2019-06-28,2026-10-04T17:25:36.057783+00:00,https://archives.nseindia.com/content/indices/ind_close_all_28062019.csv,21369b812ef9d3ee957e72b00fc7e616d93352ce8d8fc68c55cda56698556867
2019-06,Nifty Auto,28-06-2019,21.98,3.88,1.25,True,validated,False,2019-06-28,2026-10-04T17:25:36.057783+00:00,https://archives.nseindia.com/content/indices/ind_close_all_28062019.csv,21369b812ef9d3ee957e72b00fc7e616d93352ce8d8fc68c55cda56698556867
2019-06,Nifty Bank,28-06-2019,67.29,3.37,.41,True,validated,False,2019-06-28,2026-10-04T17:25:36.057783+00:00,https://archives.nseindia.com/content/indices/ind_close_all_28062019.csv,21369b812ef9d3ee957e72b00fc7e616d93352ce8d8fc68c55cda56698556867
2019-06,Nifty Financial Services,28-06-2019,49.1,4.35,.59,True,validated,False,2019-06-28,2026-10-04T17:25:36.057783+00:00,https://archives.nseindia.com/content/indices/ind_close_all_28062019.csv,21369b812ef9d3ee957e72b00fc7e616d93352ce8d8fc68c55cda56698556867
2019-06,Nifty FMCG,28-06-2019,43.21,10.94,1.16,True,validated,False,2019-06-28,2026-10-04T17:25:36.057783+00:00,https://archives.nseindia.com/content/indices/ind_close_all_28062019.csv,21369b812ef9d3ee957e72b00fc7e616d93352ce8d8fc68c55cda56698556867
2019-06,Nifty IT,28-06-2019,23.13,5.43,1.9,True,validated,False,2019-06-28,2026-10-04T17:25:36.057783+00:00,https://archives.nseindia.com/content/indices/ind_close_all_28062019.csv,21369b812ef9d3ee957e72b00fc7e616d93352ce8d8fc68c55cda56698556867
2019-06,Nifty Metal,28-06-2019,10,1.28,4.17,True,validated,False,2019-06-28,2026-10-04T17:25:36.057783+00:00,https://archives.nseindia.com/content/indices/ind_close_all_28062019.csv,21369b812ef9d3ee957e72b00fc7e616d93352ce8d8fc68c55cda56698556867
2019-06,Nifty Pharma,28-06-2019,38.4,3.45,.7,True,validated,False,2019-06-28,2026-10-04T17:25:36.057783+00:00,https://archives.nseindia.com/content/indices/ind_close_all_28062019.csv,21369b812ef9d3ee957e72b00fc7e616d93352ce8d8fc68c55cda56698556867
2019-06,Nifty PSU Bank,28-06-2019,,.94,.03,True,validated,False,2019-06-28,2026-10-04T17:25:36.057783+00:00,https://archives.nseindia.com/content/indices/ind_close_all_28062019.csv,21369b812ef9d3ee957e72b00fc7e616d93352ce8d8fc68c55cda56698556867
2019-06,Nifty Realty,28-06-2019,48.28,2.56,.48,True,validated,False,2019-06-28,2026-10-04T17:25:36.057783+00:00,https://archives.nseindia.com/content/indices/ind_close_all_28062019.csv,21369b812ef9d3ee957e72b00fc7e616d93352ce8d8fc68c55cda56698556867
2019-06,Nifty Private Bank,28-06-2019,38.54,3.8,.49,True,validated,False,2019-06-28,2026-10-04T17:25:36.057783+00:00,https://archives.nseindia.com/content/indices/ind_close_all_28062019.csv,21369b812ef9d3ee957e72b00fc7e616d93352ce8d8fc68c55cda56698556867
2019-06,Nifty Oil & Gas,,,,,False,validated,False,2019-06-28,2026-10-04T17:25:36.057783+00:00,https://archives.nseindia.com/content/indices/ind_close_all_28062019.csv,21369b812ef9d3ee957e72b00fc7e616d93352ce8d8fc68c55cda56698556867
2019-06,Nifty Healthcare Index,,,,,False,validated,False,2019-06-28,2026-10-04T17:25:36.057783+00:00,https://archives.nseindia.com/content/indices/ind_close_all_28062019.csv,21369b812ef9d3ee957e72b00fc7e616d93352ce8d8fc68c55cda56698556867
2019-06,Nifty Consumer Durables,,,,,False,validated,False,2019-06-28,2026-10-04T17:25:36.057783+00:00,https://archives.nseindia.com/content/indices/ind_close_all_28062019.csv,21369b812ef9d3ee957e72b00fc7e616d93352ce8d8fc68c55cda56698556867
2019-07,Nifty 50,31-07-2019,27.42,3.45,1.33,True,validated,False,2019-07-31,2026-10-04T17:25:35.438684+00:00,https://archives.nseindia.com/content/indices/ind_close_all_31072019.csv,f3ecf774caba4323826d2fc0ba0d8d65611ce49c7015b9ddf50cc459d7701566
2019-07,Nifty Auto,31-07-2019,19.25,3.09,1.59,True,validated,False,2019-07-31,2026-10-04T17:25:35.438684+00:00,https://archives.nseindia.com/content/indices/ind_close_all_31072019.csv,f3ecf774caba4323826d2fc0ba0d8d65611ce49c7015b9ddf50cc459d7701566
2019-07,Nifty Bank,31-07-2019,62.98,3.13,.35,True,validated,False,2019-07-31,2026-10-04T17:25:35.438684+00:00,https://archives.nseindia.com/content/indices/ind_close_all_31072019.csv,f3ecf774caba4323826d2fc0ba0d8d65611ce49c7015b9ddf50cc459d7701566
2019-07,Nifty Financial Services,31-07-2019,45.51,4.05,.57,True,validated,False,2019-07-31,2026-10-04T17:25:35.438684+00:00,https://archives.nseindia.com/content/indices/ind_close_all_31072019.csv,f3ecf774caba4323826d2fc0ba0d8d65611ce49c7015b9ddf50cc459d7701566
2019-07,Nifty FMCG,31-07-2019,42.35,10.54,1.24,True,validated,False,2019-07-31,2026-10-04T17:25:35.438684+00:00,https://archives.nseindia.com/content/indices/ind_close_all_31072019.csv,f3ecf774caba4323826d2fc0ba0d8d65611ce49c7015b9ddf50cc459d7701566
2019-07,Nifty IT,31-07-2019,22.2,5.23,2.2,True,validated,False,2019-07-31,2026-10-04T17:25:35.438684+00:00,https://archives.nseindia.com/content/indices/ind_close_all_31072019.csv,f3ecf774caba4323826d2fc0ba0d8d65611ce49c7015b9ddf50cc459d7701566
2019-07,Nifty Metal,31-07-2019,8.84,1.09,4.68,True,validated,False,2019-07-31,2026-10-04T17:25:35.438684+00:00,https://archives.nseindia.com/content/indices/ind_close_all_31072019.csv,f3ecf774caba4323826d2fc0ba0d8d65611ce49c7015b9ddf50cc459d7701566
2019-07,Nifty Pharma,31-07-2019,34.39,3.26,.75,True,validated,False,2019-07-31,2026-10-04T17:25:35.438684+00:00,https://archives.nseindia.com/content/indices/ind_close_all_31072019.csv,f3ecf774caba4323826d2fc0ba0d8d65611ce49c7015b9ddf50cc459d7701566
2019-07,Nifty PSU Bank,31-07-2019,,.81,.04,True,validated,False,2019-07-31,2026-10-04T17:25:35.438684+00:00,https://archives.nseindia.com/content/indices/ind_close_all_31072019.csv,f3ecf774caba4323826d2fc0ba0d8d65611ce49c7015b9ddf50cc459d7701566
2019-07,Nifty Realty,31-07-2019,45.85,2.55,.5,True,validated,False,2019-07-31,2026-10-04T17:25:35.438684+00:00,https://archives.nseindia.com/content/indices/ind_close_all_31072019.csv,f3ecf774caba4323826d2fc0ba0d8d65611ce49c7015b9ddf50cc459d7701566
2019-07,Nifty Private Bank,31-07-2019,37.02,3.51,.42,True,validated,False,2019-07-31,2026-10-04T17:25:35.438684+00:00,https://archives.nseindia.com/content/indices/ind_close_all_31072019.csv,f3ecf774caba4323826d2fc0ba0d8d65611ce49c7015b9ddf50cc459d7701566
2019-07,Nifty Oil & Gas,,,,,False,validated,False,2019-07-31,2026-10-04T17:25:35.438684+00:00,https://archives.nseindia.com/content/indices/ind_close_all_31072019.csv,f3ecf774caba4323826d2fc0ba0d8d65611ce49c7015b9ddf50cc459d7701566
2019-07,Nifty Healthcare Index,,,,,False,validated,False,2019-07-31,2026-10-04T17:25:35.438684+00:00,https://archives.nseindia.com/content/indices/ind_close_all_31072019.csv,f3ecf774caba4323826d2fc0ba0d8d65611ce49c7015b9ddf50cc459d7701566
2019-07,Nifty Consumer Durables,,,,,False,validated,False,2019-07-31,2026-10-04T17:25:35.438684+00:00,https://archives.nseindia.com/content/indices/ind_close_all_31072019.csv,f3ecf774caba4323826d2fc0ba0d8d65611ce49c7015b9ddf50cc459d7701566
2019-08,Nifty 50,30-08-2019,27.27,3.35,1.39,True,validated,False,2019-08-30,2026-10-04T17:25:36.081386+00:00,https://archives.nseindia.com/content/indices/ind_close_all_30082019.csv,d9b871a8e7519bf5b0f01326adbf0a07b27a9f9d843ae5d3d92b198a2dd4ec43
2019-08,Nifty Auto,30-08-2019,19.7,3.11,1.57,True,validated,False,2019-08-30,2026-10-04T17:25:36.081386+00:00,https://archives.nseindia.com/content/indices/ind_close_all_30082019.csv,d9b871a8e7519bf5b0f01326adbf0a07b27a9f9d843ae5d3d92b198a2dd4ec43
2019-08,Nifty Bank,30-08-2019,59.82,2.97,.36,True,validated,False,2019-08-30,2026-10-04T17:25:36.081386+00:00,https://archives.nseindia.com/content/indices/ind_close_all_30082019.csv,d9b871a8e7519bf5b0f01326adbf0a07b27a9f9d843ae5d3d92b198a2dd4ec43
2019-08,Nifty Financial Services,30-08-2019,44.53,3.79,.58,True,validated,False,2019-08-30,2026-10-04T17:25:36.081386+00:00,https://archives.nseindia.com/content/indices/ind_close_all_30082019.csv,d9b871a8e7519bf5b0f01326adbf0a07b27a9f9d843ae5d3d92b198a2dd4ec43
2019-08,Nifty FMCG,30-08-2019,42.6,10.52,1.34,True,validated,False,2019-08-30,2026-10-04T17:25:36.081386+00:00,https://archives.nseindia.com/content/indices/ind_close_all_30082019.csv,d9b871a8e7519bf5b0f01326adbf0a07b27a9f9d843ae5d3d92b198a2dd4ec43
2019-08,Nifty IT,30-08-2019,22.83,5.37,2.14,True,validated,False,2019-08-30,2026-10-04T17:25:36.081386+00:00,https://archives.nseindia.com/content/indices/ind_close_all_30082019.csv,d9b871a8e7519bf5b0f01326adbf0a07b27a9f9d843ae5d3d92b198a2dd4ec43
2019-08,Nifty Metal,30-08-2019,8.01,.95,5.3,True,validated,False,2019-08-30,2026-10-04T17:25:36.081386+00:00,https://archives.nseindia.com/content/indices/ind_close_all_30082019.csv,d9b871a8e7519bf5b0f01326adbf0a07b27a9f9d843ae5d3d92b198a2dd4ec43
2019-08,Nifty Pharma,30-08-2019,32.87,3.19,.65,True,validated,False,2019-08-30,2026-10-04T17:25:36.081386+00:00,https://archives.nseindia.com/content/indices/ind_close_all_30082019.csv,d9b871a8e7519bf5b0f01326adbf0a07b27a9f9d843ae5d3d92b198a2dd4ec43
2019-08,Nifty PSU Bank,30-08-2019,,.73,.04,True,validated,False,2019-08-30,2026-10-04T17:25:36.081386+00:00,https://archives.nseindia.com/content/indices/ind_close_all_30082019.csv,d9b871a8e7519bf5b0f01326adbf0a07b27a9f9d843ae5d3d92b198a2dd4ec43
2019-08,Nifty Realty,30-08-2019,44.48,2.47,.5,True,validated,False,2019-08-30,2026-10-04T17:25:36.081386+00:00,https://archives.nseindia.com/content/indices/ind_close_all_30082019.csv,d9b871a8e7519bf5b0f01326adbf0a07b27a9f9d843ae5d3d92b198a2dd4ec43
2019-08,Nifty Private Bank,30-08-2019,35.61,3.37,.44,True,validated,False,2019-08-30,2026-10-04T17:25:36.081386+00:00,https://archives.nseindia.com/content/indices/ind_close_all_30082019.csv,d9b871a8e7519bf5b0f01326adbf0a07b27a9f9d843ae5d3d92b198a2dd4ec43
2019-08,Nifty Oil & Gas,,,,,False,validated,False,2019-08-30,2026-10-04T17:25:36.081386+00:00,https://archives.nseindia.com/content/indices/ind_close_all_30082019.csv,d9b871a8e7519bf5b0f01326adbf0a07b27a9f9d843ae5d3d92b198a2dd4ec43
2019-08,Nifty Healthcare Index,,,,,False,validated,False,2019-08-30,2026-10-04T17:25:36.081386+00:00,https://archives.nseindia.com/content/indices/ind_close_all_30082019.csv,d9b871a8e7519bf5b0f01326adbf0a07b27a9f9d843ae5d3d92b198a2dd4ec43
2019-08,Nifty Consumer Durables,,,,,False,validated,False,2019-08-30,2026-10-04T17:25:36.081386+00:00,https://archives.nseindia.com/content/indices/ind_close_all_30082019.csv,d9b871a8e7519bf5b0f01326adbf0a07b27a9f9d843ae5d3d92b198a2dd4ec43
2019-09,Nifty 50,30-09-2019,26.44,3.53,1.31,True,validated,False,2019-09-30,2026-10-04T17:25:35.705649+00:00,https://archives.nseindia.com/content/indices/ind_close_all_30092019.csv,fba181891cd9a6d7bad8d6be55b4380b924374bd2eabc8ffa108e35075272cf4
2019-09,Nifty Auto,30-09-2019,19.98,3.32,1.47,True,validated,False,2019-09-30,2026-10-04T17:25:35.705649+00:00,https://archives.nseindia.com/content/indices/ind_close_all_30092019.csv,fba181891cd9a6d7bad8d6be55b4380b924374bd2eabc8ffa108e35075272cf4
2019-09,Nifty Bank,30-09-2019,38.87,3.07,.34,True,validated,False,2019-09-30,2026-10-04T17:25:35.705649+00:00,https://archives.nseindia.com/content/indices/ind_close_all_30092019.csv,fba181891cd9a6d7bad8d6be55b4380b924374bd2eabc8ffa108e35075272cf4
2019-09,Nifty Financial Services,30-09-2019,34.01,4.03,.54,True,validated,False,2019-09-30,2026-10-04T17:25:35.705649+00:00,https://archives.nseindia.com/content/indices/ind_close_all_30092019.csv,fba181891cd9a6d7bad8d6be55b4380b924374bd2eabc8ffa108e35075272cf4
2019-09,Nifty FMCG,30-09-2019,41.16,10.77,1.3,True,validated,False,2019-09-30,2026-10-04T17:25:35.705649+00:00,https://archives.nseindia.com/content/indices/ind_close_all_30092019.csv,fba181891cd9a6d7bad8d6be55b4380b924374bd2eabc8ffa108e35075272cf4
2019-09,Nifty IT,30-09-2019,21.16,5.16,1.97,True,validated,False,2019-09-30,2026-10-04T17:25:35.705649+00:00,https://archives.nseindia.com/content/indices/ind_close_all_30092019.csv,fba181891cd9a6d7bad8d6be55b4380b924374bd2eabc8ffa108e35075272cf4
2019-09,Nifty Metal,30-09-2019,9.4,1.02,4.98,True,validated,False,2019-09-30,2026-10-04T17:25:35.705649+00:00,https://archives.nseindia.com/content/indices/ind_close_all_30092019.csv,fba181891cd9a6d7bad8d6be55b4380b924374bd2eabc8ffa108e35075272cf4
2019-09,Nifty Pharma,30-09-2019,29.51,2.95,.69,True,validated,False,2019-09-30,2026-10-04T17:25:35.705649+00:00,https://archives.nseindia.com/content/indices/ind_close_all_30092019.csv,fba181891cd9a6d7bad8d6be55b4380b924374bd2eabc8ffa108e35075272cf4
2019-09,Nifty PSU Bank,30-09-2019,,.66,.05,True,validated,False,2019-09-30,2026-10-04T17:25:35.705649+00:00,https://archives.nseindia.com/content/indices/ind_close_all_30092019.csv,fba181891cd9a6d7bad8d6be55b4380b924374bd2eabc8ffa108e35075272cf4
2019-09,Nifty Realty,30-09-2019,36.33,2.39,.52,True,validated,False,2019-09-30,2026-10-04T17:25:35.705649+00:00,https://archives.nseindia.com/content/indices/ind_close_all_30092019.csv,fba181891cd9a6d7bad8d6be55b4380b924374bd2eabc8ffa108e35075272cf4
2019-09,Nifty Private Bank,30-09-2019,37.39,3.58,.4,True,validated,False,2019-09-30,2026-10-04T17:25:35.705649+00:00,https://archives.nseindia.com/content/indices/ind_close_all_30092019.csv,fba181891cd9a6d7bad8d6be55b4380b924374bd2eabc8ffa108e35075272cf4
2019-09,Nifty Oil & Gas,,,,,False,validated,False,2019-09-30,2026-10-04T17:25:35.705649+00:00,https://archives.nseindia.com/content/indices/ind_close_all_30092019.csv,fba181891cd9a6d7bad8d6be55b4380b924374bd2eabc8ffa108e35075272cf4
2019-09,Nifty Healthcare Index,,,,,False,validated,False,2019-09-30,2026-10-04T17:25:35.705649+00:00,https://archives.nseindia.com/content/indices/ind_close_all_30092019.csv,fba181891cd9a6d7bad8d6be55b4380b924374bd2eabc8ffa108e35075272cf4
2019-09,Nifty Consumer Durables,,,,,False,validated,False,2019-09-30,2026-10-04T17:25:35.705649+00:00,https://archives.nseindia.com/content/indices/ind_close_all_30092019.csv,fba181891cd9a6d7bad8d6be55b4380b924374bd2eabc8ffa108e35075272cf4
2019-10,Nifty 50,31-10-2019,27.38,3.67,1.26,True,validated,False,2019-10-31,2026-10-04T17:25:36.097321+00:00,https://archives.nseindia.com/content/indices/ind_close_all_31102019.csv,8d5b9c7b13cf3ca9b0bd66b5bde884a640d0bbcb97a33eeae2672111d6fe7c69
2019-10,Nifty Auto,31-10-2019,22.53,3.74,1.3,True,validated,False,2019-10-31,2026-10-04T17:25:36.097321+00:00,https://archives.nseindia.com/content/indices/ind_close_all_31102019.csv,8d5b9c7b13cf3ca9b0bd66b5bde884a640d0bbcb97a33eeae2672111d6fe7c69
2019-10,Nifty Bank,31-10-2019,40.41,3.15,.32,True,validated,False,2019-10-31,2026-10-04T17:25:36.097321+00:00,https://archives.nseindia.com/content/indices/ind_close_all_31102019.csv,8d5b9c7b13cf3ca9b0bd66b5bde884a640d0bbcb97a33eeae2672111d6fe7c69
2019-10,Nifty Financial Services,31-10-2019,35.51,4.21,.52,True,validated,False,2019-10-31,2026-10-04T17:25:36.097321+00:00,https://archives.nseindia.com/content/indices/ind_close_all_31102019.csv,8d5b9c7b13cf3ca9b0bd66b5bde884a640d0bbcb97a33eeae2672111d6fe7c69
2019-10,Nifty FMCG,31-10-2019,42.44,11.18,1.25,True,validated,False,2019-10-31,2026-10-04T17:25:36.097321+00:00,https://archives.nseindia.com/content/indices/ind_close_all_31102019.csv,8d5b9c7b13cf3ca9b0bd66b5bde884a640d0bbcb97a33eeae2672111d6fe7c69
2019-10,Nifty IT,31-10-2019,21.05,5.17,1.97,True,validated,False,2019-10-31,2026-10-04T17:25:36.097321+00:00,https://archives.nseindia.com/content/indices/ind_close_all_31102019.csv,8d5b9c7b13cf3ca9b0bd66b5bde884a640d0bbcb97a33eeae2672111d6fe7c69
2019-10,Nifty Metal,31-10-2019,9.63,1.05,4.86,True,validated,False,2019-10-31,2026-10-04T17:25:36.097321+00:00,https://archives.nseindia.com/content/indices/ind_close_all_31102019.csv,8d5b9c7b13cf3ca9b0bd66b5bde884a640d0bbcb97a33eeae2672111d6fe7c69
2019-10,Nifty Pharma,31-10-2019,30.8,3.07,.67,True,validated,False,2019-10-31,2026-10-04T17:25:36.097321+00:00,https://archives.nseindia.com/content/indices/ind_close_all_31102019.csv,8d5b9c7b13cf3ca9b0bd66b5bde884a640d0bbcb97a33eeae2672111d6fe7c69
2019-10,Nifty PSU Bank,31-10-2019,,.73,.04,True,validated,False,2019-10-31,2026-10-04T17:25:36.097321+00:00,https://archives.nseindia.com/content/indices/ind_close_all_31102019.csv,8d5b9c7b13cf3ca9b0bd66b5bde884a640d0bbcb97a33eeae2672111d6fe7c69
2019-10,Nifty Realty,31-10-2019,37.77,2.54,.51,True,validated,False,2019-10-31,2026-10-04T17:25:36.097321+00:00,https://archives.nseindia.com/content/indices/ind_close_all_31102019.csv,8d5b9c7b13cf3ca9b0bd66b5bde884a640d0bbcb97a33eeae2672111d6fe7c69
2019-10,Nifty Private Bank,31-10-2019,38.18,3.66,.39,True,validated,False,2019-10-31,2026-10-04T17:25:36.097321+00:00,https://archives.nseindia.com/content/indices/ind_close_all_31102019.csv,8d5b9c7b13cf3ca9b0bd66b5bde884a640d0bbcb97a33eeae2672111d6fe7c69
2019-10,Nifty Oil & Gas,,,,,False,validated,False,2019-10-31,2026-10-04T17:25:36.097321+00:00,https://archives.nseindia.com/content/indices/ind_close_all_31102019.csv,8d5b9c7b13cf3ca9b0bd66b5bde884a640d0bbcb97a33eeae2672111d6fe7c69
2019-10,Nifty Healthcare Index,,,,,False,validated,False,2019-10-31,2026-10-04T17:25:36.097321+00:00,https://archives.nseindia.com/content/indices/ind_close_all_31102019.csv,8d5b9c7b13cf3ca9b0bd66b5bde884a640d0bbcb97a33eeae2672111d6fe7c69
2019-10,Nifty Consumer Durables,,,,,False,validated,False,2019-10-31,2026-10-04T17:25:36.097321+00:00,https://archives.nseindia.com/content/indices/ind_close_all_31102019.csv,8d5b9c7b13cf3ca9b0bd66b5bde884a640d0bbcb97a33eeae2672111d6fe7c69
2019-11,Nifty 50,29-11-2019,28.1,3.72,1.24,True,validated,False,2019-11-29,2026-10-04T17:25:36.499571+00:00,https://archives.nseindia.com/content/indices/ind_close_all_29112019.csv,79d4dca79669c68765c90d55047e7f5537b350ff6d1adf25e193b0a68047637b
2019-11,Nifty Auto,29-11-2019,23.73,3.58,1.36,True,validated,False,2019-11-29,2026-10-04T17:25:36.499571+00:00,https://archives.nseindia.com/content/indices/ind_close_all_29112019.csv,79d4dca79669c68765c90d55047e7f5537b350ff6d1adf25e193b0a68047637b
2019-11,Nifty Bank,29-11-2019,40.74,3.35,.3,True,validated,False,2019-11-29,2026-10-04T17:25:36.499571+00:00,https://archives.nseindia.com/content/indices/ind_close_all_29112019.csv,79d4dca79669c68765c90d55047e7f5537b350ff6d1adf25e193b0a68047637b
2019-11,Nifty Financial Services,29-11-2019,34.88,4.42,.5,True,validated,False,2019-11-29,2026-10-04T17:25:36.499571+00:00,https://archives.nseindia.com/content/indices/ind_close_all_29112019.csv,79d4dca79669c68765c90d55047e7f5537b350ff6d1adf25e193b0a68047637b
2019-11,Nifty FMCG,29-11-2019,38.43,10.71,1.31,True,validated,False,2019-11-29,2026-10-04T17:25:36.499571+00:00,https://archives.nseindia.com/content/indices/ind_close_all_29112019.csv,79d4dca79669c68765c90d55047e7f5537b350ff6d1adf25e193b0a68047637b
2019-11,Nifty IT,29-11-2019,20.21,4.99,2.05,True,validated,False,2019-11-29,2026-10-04T17:25:36.499571+00:00,https://archives.nseindia.com/content/indices/ind_close_all_29112019.csv,79d4dca79669c68765c90d55047e7f5537b350ff6d1adf25e193b0a68047637b
2019-11,Nifty Metal,29-11-2019,9.32,1.1,4.63,True,validated,False,2019-11-29,2026-10-04T17:25:36.499571+00:00,https://archives.nseindia.com/content/indices/ind_close_all_29112019.csv,79d4dca79669c68765c90d55047e7f5537b350ff6d1adf25e193b0a68047637b
2019-11,Nifty Pharma,29-11-2019,25.61,3.2,.64,True,validated,False,2019-11-29,2026-10-04T17:25:36.499571+00:00,https://archives.nseindia.com/content/indices/ind_close_all_29112019.csv,79d4dca79669c68765c90d55047e7f5537b350ff6d1adf25e193b0a68047637b
2019-11,Nifty PSU Bank,29-11-2019,,.77,.04,True,validated,False,2019-11-29,2026-10-04T17:25:36.499571+00:00,https://archives.nseindia.com/content/indices/ind_close_all_29112019.csv,79d4dca79669c68765c90d55047e7f5537b350ff6d1adf25e193b0a68047637b
2019-11,Nifty Realty,29-11-2019,28.6,2.66,.48,True,validated,False,2019-11-29,2026-10-04T17:25:36.499571+00:00,https://archives.nseindia.com/content/indices/ind_close_all_29112019.csv,79d4dca79669c68765c90d55047e7f5537b350ff6d1adf25e193b0a68047637b
2019-11,Nifty Private Bank,29-11-2019,40.78,3.89,.37,True,validated,False,2019-11-29,2026-10-04T17:25:36.499571+00:00,https://archives.nseindia.com/content/indices/ind_close_all_29112019.csv,79d4dca79669c68765c90d55047e7f5537b350ff6d1adf25e193b0a68047637b
2019-11,Nifty Oil & Gas,,,,,False,validated,False,2019-11-29,2026-10-04T17:25:36.499571+00:00,https://archives.nseindia.com/content/indices/ind_close_all_29112019.csv,79d4dca79669c68765c90d55047e7f5537b350ff6d1adf25e193b0a68047637b
2019-11,Nifty Healthcare Index,,,,,False,validated,False,2019-11-29,2026-10-04T17:25:36.499571+00:00,https://archives.nseindia.com/content/indices/ind_close_all_29112019.csv,79d4dca79669c68765c90d55047e7f5537b350ff6d1adf25e193b0a68047637b
2019-11,Nifty Consumer Durables,,,,,False,validated,False,2019-11-29,2026-10-04T17:25:36.499571+00:00,https://archives.nseindia.com/content/indices/ind_close_all_29112019.csv,79d4dca79669c68765c90d55047e7f5537b350ff6d1adf25e193b0a68047637b
2019-12,Nifty 50,31-12-2019,28.3,3.75,1.24,True,validated,False,2019-12-31,2026-10-04T17:25:36.359484+00:00,https://archives.nseindia.com/content/indices/ind_close_all_31122019.csv,7192ccce3d419b361839033609f76b325962542610109de0124c8170d862bb4e
2019-12,Nifty Auto,31-12-2019,24.35,3.65,1.34,True,validated,False,2019-12-31,2026-10-04T17:25:36.359484+00:00,https://archives.nseindia.com/content/indices/ind_close_all_31122019.csv,7192ccce3d419b361839033609f76b325962542610109de0124c8170d862bb4e
2019-12,Nifty Bank,31-12-2019,40.8,3.35,.31,True,validated,False,2019-12-31,2026-10-04T17:25:36.359484+00:00,https://archives.nseindia.com/content/indices/ind_close_all_31122019.csv,7192ccce3d419b361839033609f76b325962542610109de0124c8170d862bb4e
2019-12,Nifty Financial Services,31-12-2019,35.37,4.56,.48,True,validated,False,2019-12-31,2026-10-04T17:25:36.359484+00:00,https://archives.nseindia.com/content/indices/ind_close_all_31122019.csv,7192ccce3d419b361839033609f76b325962542610109de0124c8170d862bb4e
2019-12,Nifty FMCG,31-12-2019,37.94,10.61,1.33,True,validated,False,2019-12-31,2026-10-04T17:25:36.359484+00:00,https://archives.nseindia.com/content/indices/ind_close_all_31122019.csv,7192ccce3d419b361839033609f76b325962542610109de0124c8170d862bb4e
2019-12,Nifty IT,31-12-2019,20.66,5.12,2.02,True,validated,False,2019-12-31,2026-10-04T17:25:36.359484+00:00,https://archives.nseindia.com/content/indices/ind_close_all_31122019.csv,7192ccce3d419b361839033609f76b325962542610109de0124c8170d862bb4e
2019-12,Nifty Metal,31-12-2019,10.2,1.19,4.37,True,validated,False,2019-12-31,2026-10-04T17:25:36.359484+00:00,https://archives.nseindia.com/content/indices/ind_close_all_31122019.csv,7192ccce3d419b361839033609f76b325962542610109de0124c8170d862bb4e
2019-12,Nifty Pharma,31-12-2019,25.8,3.16,.65,True,validated,False,2019-12-31,2026-10-04T17:25:36.359484+00:00,https://archives.nseindia.com/content/indices/ind_close_all_31122019.csv,7192ccce3d419b361839033609f76b325962542610109de0124c8170d862bb4e
2019-12,Nifty PSU Bank,31-12-2019,,.87,.03,True,validated,False,2019-12-31,2026-10-04T17:25:36.359484+00:00,https://archives.nseindia.com/content/indices/ind_close_all_31122019.csv,7192ccce3d419b361839033609f76b325962542610109de0124c8170d862bb4e
2019-12,Nifty Realty,31-12-2019,30.8,2.86,.44,True,validated,False,2019-12-31,2026-10-04T17:25:36.359484+00:00,https://archives.nseindia.com/content/indices/ind_close_all_31122019.csv,7192ccce3d419b361839033609f76b325962542610109de0124c8170d862bb4e
2019-12,Nifty Private Bank,31-12-2019,41.31,3.83,.38,True,validated,False,2019-12-31,2026-10-04T17:25:36.359484+00:00,https://archives.nseindia.com/content/indices/ind_close_all_31122019.csv,7192ccce3d419b361839033609f76b325962542610109de0124c8170d862bb4e
2019-12,Nifty Oil & Gas,,,,,False,validated,False,2019-12-31,2026-10-04T17:25:36.359484+00:00,https://archives.nseindia.com/content/indices/ind_close_all_31122019.csv,7192ccce3d419b361839033609f76b325962542610109de0124c8170d862bb4e
2019-12,Nifty Healthcare Index,,,,,False,validated,False,2019-12-31,2026-10-04T17:25:36.359484+00:00,https://archives.nseindia.com/content/indices/ind_close_all_31122019.csv,7192ccce3d419b361839033609f76b325962542610109de0124c8170d862bb4e
2019-12,Nifty Consumer Durables,,,,,False,validated,False,2019-12-31,2026-10-04T17:25:36.359484+00:00,https://archives.nseindia.com/content/indices/ind_close_all_31122019.csv,7192ccce3d419b361839033609f76b325962542610109de0124c8170d862bb4e
2020-01,Nifty 50,31-01-2020,26.41,3.37,1.27,True,validated,False,2020-01-31,2026-10-04T17:25:36.374276+00:00,https://archives.nseindia.com/content/indices/ind_close_all_31012020.csv,1716245e18a80ae92e1e9c0c00587482cdef38d537e08460b4ea0da176b00e4f
2020-01,Nifty Auto,31-01-2020,23.79,3.53,1.37,True,validated,False,2020-01-31,2026-10-04T17:25:36.374276+00:00,https://archives.nseindia.com/content/indices/ind_close_all_31012020.csv,1716245e18a80ae92e1e9c0c00587482cdef38d537e08460b4ea0da176b00e4f
2020-01,Nifty Bank,31-01-2020,35.94,2.88,.37,True,validated,False,2020-01-31,2026-10-04T17:25:36.374276+00:00,https://archives.nseindia.com/content/indices/ind_close_all_31012020.csv,1716245e18a80ae92e1e9c0c00587482cdef38d537e08460b4ea0da176b00e4f
2020-01,Nifty Financial Services,31-01-2020,29.69,3.98,.51,True,validated,False,2020-01-31,2026-10-04T17:25:36.374276+00:00,https://archives.nseindia.com/content/indices/ind_close_all_31012020.csv,1716245e18a80ae92e1e9c0c00587482cdef38d537e08460b4ea0da176b00e4f
2020-01,Nifty FMCG,31-01-2020,38.64,10.84,1.3,True,validated,False,2020-01-31,2026-10-04T17:25:36.374276+00:00,https://archives.nseindia.com/content/indices/ind_close_all_31012020.csv,1716245e18a80ae92e1e9c0c00587482cdef38d537e08460b4ea0da176b00e4f
2020-01,Nifty IT,31-01-2020,20.86,5.21,1.98,True,validated,False,2020-01-31,2026-10-04T17:25:36.374276+00:00,https://archives.nseindia.com/content/indices/ind_close_all_31012020.csv,1716245e18a80ae92e1e9c0c00587482cdef38d537e08460b4ea0da176b00e4f
2020-01,Nifty Metal,31-01-2020,9.63,1.09,4.76,True,validated,False,2020-01-31,2026-10-04T17:25:36.374276+00:00,https://archives.nseindia.com/content/indices/ind_close_all_31012020.csv,1716245e18a80ae92e1e9c0c00587482cdef38d537e08460b4ea0da176b00e4f
2020-01,Nifty Pharma,31-01-2020,25.76,3.11,.66,True,validated,False,2020-01-31,2026-10-04T17:25:36.374276+00:00,https://archives.nseindia.com/content/indices/ind_close_all_31012020.csv,1716245e18a80ae92e1e9c0c00587482cdef38d537e08460b4ea0da176b00e4f
2020-01,Nifty PSU Bank,31-01-2020,,.84,.03,True,validated,False,2020-01-31,2026-10-04T17:25:36.374276+00:00,https://archives.nseindia.com/content/indices/ind_close_all_31012020.csv,1716245e18a80ae92e1e9c0c00587482cdef38d537e08460b4ea0da176b00e4f
2020-01,Nifty Realty,31-01-2020,34.02,2.93,.3,True,validated,False,2020-01-31,2026-10-04T17:25:36.374276+00:00,https://archives.nseindia.com/content/indices/ind_close_all_31012020.csv,1716245e18a80ae92e1e9c0c00587482cdef38d537e08460b4ea0da176b00e4f
2020-01,Nifty Private Bank,31-01-2020,35.34,3.14,.46,True,validated,False,2020-01-31,2026-10-04T17:25:36.374276+00:00,https://archives.nseindia.com/content/indices/ind_close_all_31012020.csv,1716245e18a80ae92e1e9c0c00587482cdef38d537e08460b4ea0da176b00e4f
2020-01,Nifty Oil & Gas,31-01-2020,12.81,1.72,3.13,True,validated,False,2020-01-31,2026-10-04T17:25:36.374276+00:00,https://archives.nseindia.com/content/indices/ind_close_all_31012020.csv,1716245e18a80ae92e1e9c0c00587482cdef38d537e08460b4ea0da176b00e4f
2020-01,Nifty Healthcare Index,,,,,False,validated,False,2020-01-31,2026-10-04T17:25:36.374276+00:00,https://archives.nseindia.com/content/indices/ind_close_all_31012020.csv,1716245e18a80ae92e1e9c0c00587482cdef38d537e08460b4ea0da176b00e4f
2020-01,Nifty Consumer Durables,31-01-2020,56.48,10.65,.43,True,validated,False,2020-01-31,2026-10-04T17:25:36.374276+00:00,https://archives.nseindia.com/content/indices/ind_close_all_31012020.csv,1716245e18a80ae92e1e9c0c00587482cdef38d537e08460b4ea0da176b00e4f
2020-02,Nifty 50,28-02-2020,25.49,3.15,1.36,True,validated,False,2020-02-28,2026-10-04T17:25:36.664806+00:00,https://archives.nseindia.com/content/indices/ind_close_all_28022020.csv,e97e3f1a43a0fe1799020dd57fa542cb5e196047399fb5967c608f9b7e52d6bc
2020-02,Nifty Auto,28-02-2020,22.6,3.02,1.6,True,validated,False,2020-02-28,2026-10-04T17:25:36.664806+00:00,https://archives.nseindia.com/content/indices/ind_close_all_28022020.csv,e97e3f1a43a0fe1799020dd57fa542cb5e196047399fb5967c608f9b7e52d6bc
2020-02,Nifty Bank,28-02-2020,33.38,2.72,.39,True,validated,False,2020-02-28,2026-10-04T17:25:36.664806+00:00,https://archives.nseindia.com/content/indices/ind_close_all_28022020.csv,e97e3f1a43a0fe1799020dd57fa542cb5e196047399fb5967c608f9b7e52d6bc
2020-02,Nifty Financial Services,28-02-2020,27.93,3.77,.54,True,validated,False,2020-02-28,2026-10-04T17:25:36.664806+00:00,https://archives.nseindia.com/content/indices/ind_close_all_28022020.csv,e97e3f1a43a0fe1799020dd57fa542cb5e196047399fb5967c608f9b7e52d6bc
2020-02,Nifty FMCG,28-02-2020,35.17,10.33,1.37,True,validated,False,2020-02-28,2026-10-04T17:25:36.664806+00:00,https://archives.nseindia.com/content/indices/ind_close_all_28022020.csv,e97e3f1a43a0fe1799020dd57fa542cb5e196047399fb5967c608f9b7e52d6bc
2020-02,Nifty IT,28-02-2020,19.73,4.91,2.1,True,validated,False,2020-02-28,2026-10-04T17:25:36.664806+00:00,https://archives.nseindia.com/content/indices/ind_close_all_28022020.csv,e97e3f1a43a0fe1799020dd57fa542cb5e196047399fb5967c608f9b7e52d6bc
2020-02,Nifty Metal,28-02-2020,10.94,.95,5.45,True,validated,False,2020-02-28,2026-10-04T17:25:36.664806+00:00,https://archives.nseindia.com/content/indices/ind_close_all_28022020.csv,e97e3f1a43a0fe1799020dd57fa542cb5e196047399fb5967c608f9b7e52d6bc
2020-02,Nifty Pharma,28-02-2020,23.4,2.9,.71,True,validated,False,2020-02-28,2026-10-04T17:25:36.664806+00:00,https://archives.nseindia.com/content/indices/ind_close_all_28022020.csv,e97e3f1a43a0fe1799020dd57fa542cb5e196047399fb5967c608f9b7e52d6bc
2020-02,Nifty PSU Bank,28-02-2020,,.69,.04,True,validated,False,2020-02-28,2026-10-04T17:25:36.664806+00:00,https://archives.nseindia.com/content/indices/ind_close_all_28022020.csv,e97e3f1a43a0fe1799020dd57fa542cb5e196047399fb5967c608f9b7e52d6bc
2020-02,Nifty Realty,28-02-2020,26.54,2.5,.35,True,validated,False,2020-02-28,2026-10-04T17:25:36.664806+00:00,https://archives.nseindia.com/content/indices/ind_close_all_28022020.csv,e97e3f1a43a0fe1799020dd57fa542cb5e196047399fb5967c608f9b7e52d6bc
2020-02,Nifty Private Bank,28-02-2020,33.34,2.96,.49,True,validated,False,2020-02-28,2026-10-04T17:25:36.664806+00:00,https://archives.nseindia.com/content/indices/ind_close_all_28022020.csv,e97e3f1a43a0fe1799020dd57fa542cb5e196047399fb5967c608f9b7e52d6bc
2020-02,Nifty Oil & Gas,28-02-2020,11.85,1.56,3.44,True,validated,False,2020-02-28,2026-10-04T17:25:36.664806+00:00,https://archives.nseindia.com/content/indices/ind_close_all_28022020.csv,e97e3f1a43a0fe1799020dd57fa542cb5e196047399fb5967c608f9b7e52d6bc
2020-02,Nifty Healthcare Index,,,,,False,validated,False,2020-02-28,2026-10-04T17:25:36.664806+00:00,https://archives.nseindia.com/content/indices/ind_close_all_28022020.csv,e97e3f1a43a0fe1799020dd57fa542cb5e196047399fb5967c608f9b7e52d6bc
2020-02,Nifty Consumer Durables,28-02-2020,54.63,10.56,.43,True,validated,False,2020-02-28,2026-10-04T17:25:36.664806+00:00,https://archives.nseindia.com/content/indices/ind_close_all_28022020.csv,e97e3f1a43a0fe1799020dd57fa542cb5e196047399fb5967c608f9b7e52d6bc
2020-03,Nifty 50,31-03-2020,19.38,2.45,1.77,True,validated,False,2020-03-31,2026-10-04T17:25:36.628185+00:00,https://archives.nseindia.com/content/indices/ind_close_all_31032020.csv,773ad9edfe4b80ae0221aa2e041ea290f4587fbeb1eb885f2f84b3389cd8620a
2020-03,Nifty Auto,31-03-2020,15.49,2.07,2.34,True,validated,False,2020-03-31,2026-10-04T17:25:36.628185+00:00,https://archives.nseindia.com/content/indices/ind_close_all_31032020.csv,773ad9edfe4b80ae0221aa2e041ea290f4587fbeb1eb885f2f84b3389cd8620a
2020-03,Nifty Bank,31-03-2020,20.68,1.79,.51,True,validated,False,2020-03-31,2026-10-04T17:25:36.628185+00:00,https://archives.nseindia.com/content/indices/ind_close_all_31032020.csv,773ad9edfe4b80ae0221aa2e041ea290f4587fbeb1eb885f2f84b3389cd8620a
2020-03,Nifty Financial Services,31-03-2020,19.21,2.59,.79,True,validated,False,2020-03-31,2026-10-04T17:25:36.628185+00:00,https://archives.nseindia.com/content/indices/ind_close_all_31032020.csv,773ad9edfe4b80ae0221aa2e041ea290f4587fbeb1eb885f2f84b3389cd8620a
2020-03,Nifty FMCG,31-03-2020,31.82,9.28,1.51,True,validated,False,2020-03-31,2026-10-04T17:25:36.628185+00:00,https://archives.nseindia.com/content/indices/ind_close_all_31032020.csv,773ad9edfe4b80ae0221aa2e041ea290f4587fbeb1eb885f2f84b3389cd8620a
2020-03,Nifty IT,31-03-2020,16.56,4.12,2.47,True,validated,False,2020-03-31,2026-10-04T17:25:36.628185+00:00,https://archives.nseindia.com/content/indices/ind_close_all_31032020.csv,773ad9edfe4b80ae0221aa2e041ea290f4587fbeb1eb885f2f84b3389cd8620a
2020-03,Nifty Metal,31-03-2020,7.66,.67,7.92,True,validated,False,2020-03-31,2026-10-04T17:25:36.628185+00:00,https://archives.nseindia.com/content/indices/ind_close_all_31032020.csv,773ad9edfe4b80ae0221aa2e041ea290f4587fbeb1eb885f2f84b3389cd8620a
2020-03,Nifty Pharma,31-03-2020,22.16,2.74,.75,True,validated,False,2020-03-31,2026-10-04T17:25:36.628185+00:00,https://archives.nseindia.com/content/indices/ind_close_all_31032020.csv,773ad9edfe4b80ae0221aa2e041ea290f4587fbeb1eb885f2f84b3389cd8620a
2020-03,Nifty PSU Bank,31-03-2020,,.46,.07,True,validated,False,2020-03-31,2026-10-04T17:25:36.628185+00:00,https://archives.nseindia.com/content/indices/ind_close_all_31032020.csv,773ad9edfe4b80ae0221aa2e041ea290f4587fbeb1eb885f2f84b3389cd8620a
2020-03,Nifty Realty,31-03-2020,16.6,1.56,.56,True,validated,False,2020-03-31,2026-10-04T17:25:36.628185+00:00,https://archives.nseindia.com/content/indices/ind_close_all_31032020.csv,773ad9edfe4b80ae0221aa2e041ea290f4587fbeb1eb885f2f84b3389cd8620a
2020-03,Nifty Private Bank,31-03-2020,18.97,2.02,.64,True,validated,False,2020-03-31,2026-10-04T17:25:36.628185+00:00,https://archives.nseindia.com/content/indices/ind_close_all_31032020.csv,773ad9edfe4b80ae0221aa2e041ea290f4587fbeb1eb885f2f84b3389cd8620a
2020-03,Nifty Oil & Gas,31-03-2020,9.42,1.24,4.33,True,validated,False,2020-03-31,2026-10-04T17:25:36.628185+00:00,https://archives.nseindia.com/content/indices/ind_close_all_31032020.csv,773ad9edfe4b80ae0221aa2e041ea290f4587fbeb1eb885f2f84b3389cd8620a
2020-03,Nifty Healthcare Index,,,,,False,validated,False,2020-03-31,2026-10-04T17:25:36.628185+00:00,https://archives.nseindia.com/content/indices/ind_close_all_31032020.csv,773ad9edfe4b80ae0221aa2e041ea290f4587fbeb1eb885f2f84b3389cd8620a
2020-03,Nifty Consumer Durables,31-03-2020,40.92,7.91,.58,True,validated,False,2020-03-31,2026-10-04T17:25:36.628185+00:00,https://archives.nseindia.com/content/indices/ind_close_all_31032020.csv,773ad9edfe4b80ae0221aa2e041ea290f4587fbeb1eb885f2f84b3389cd8620a
2020-04,Nifty 50,30-04-2020,22.35,2.81,1.54,True,validated,False,2020-04-30,2026-10-04T17:25:36.721319+00:00,https://archives.nseindia.com/content/indices/ind_close_all_30042020.csv,5e254a5e76ad2aead23204fd8ef8703ac2747c4219efad16bf7768f8fbf1b8bc
2020-04,Nifty Auto,30-04-2020,19.32,2.58,1.87,True,validated,False,2020-04-30,2026-10-04T17:25:36.721319+00:00,https://archives.nseindia.com/content/indices/ind_close_all_30042020.csv,5e254a5e76ad2aead23204fd8ef8703ac2747c4219efad16bf7768f8fbf1b8bc
2020-04,Nifty Bank,30-04-2020,24.71,2.01,.45,True,validated,False,2020-04-30,2026-10-04T17:25:36.721319+00:00,https://archives.nseindia.com/content/indices/ind_close_all_30042020.csv,5e254a5e76ad2aead23204fd8ef8703ac2747c4219efad16bf7768f8fbf1b8bc
2020-04,Nifty Financial Services,30-04-2020,22.26,2.94,.69,True,validated,False,2020-04-30,2026-10-04T17:25:36.721319+00:00,https://archives.nseindia.com/content/indices/ind_close_all_30042020.csv,5e254a5e76ad2aead23204fd8ef8703ac2747c4219efad16bf7768f8fbf1b8bc
2020-04,Nifty FMCG,30-04-2020,33.39,9.74,1.43,True,validated,False,2020-04-30,2026-10-04T17:25:36.721319+00:00,https://archives.nseindia.com/content/indices/ind_close_all_30042020.csv,5e254a5e76ad2aead23204fd8ef8703ac2747c4219efad16bf7768f8fbf1b8bc
2020-04,Nifty IT,30-04-2020,17.98,4.56,2.24,True,validated,False,2020-04-30,2026-10-04T17:25:36.721319+00:00,https://archives.nseindia.com/content/indices/ind_close_all_30042020.csv,5e254a5e76ad2aead23204fd8ef8703ac2747c4219efad16bf7768f8fbf1b8bc
2020-04,Nifty Metal,30-04-2020,8.98,.79,6.76,True,validated,False,2020-04-30,2026-10-04T17:25:36.721319+00:00,https://archives.nseindia.com/content/indices/ind_close_all_30042020.csv,5e254a5e76ad2aead23204fd8ef8703ac2747c4219efad16bf7768f8fbf1b8bc
2020-04,Nifty Pharma,30-04-2020,28.81,3.57,.58,True,validated,False,2020-04-30,2026-10-04T17:25:36.721319+00:00,https://archives.nseindia.com/content/indices/ind_close_all_30042020.csv,5e254a5e76ad2aead23204fd8ef8703ac2747c4219efad16bf7768f8fbf1b8bc
2020-04,Nifty PSU Bank,30-04-2020,,.45,0,True,validated,False,2020-04-30,2026-10-04T17:25:36.721319+00:00,https://archives.nseindia.com/content/indices/ind_close_all_30042020.csv,5e254a5e76ad2aead23204fd8ef8703ac2747c4219efad16bf7768f8fbf1b8bc
2020-04,Nifty Realty,30-04-2020,17.72,1.67,.52,True,validated,False,2020-04-30,2026-10-04T17:25:36.721319+00:00,https://archives.nseindia.com/content/indices/ind_close_all_30042020.csv,5e254a5e76ad2aead23204fd8ef8703ac2747c4219efad16bf7768f8fbf1b8bc
2020-04,Nifty Private Bank,30-04-2020,23.35,2.34,.56,True,validated,False,2020-04-30,2026-10-04T17:25:36.721319+00:00,https://archives.nseindia.com/content/indices/ind_close_all_30042020.csv,5e254a5e76ad2aead23204fd8ef8703ac2747c4219efad16bf7768f8fbf1b8bc
2020-04,Nifty Oil & Gas,30-04-2020,11.52,1.51,3.54,True,validated,False,2020-04-30,2026-10-04T17:25:36.721319+00:00,https://archives.nseindia.com/content/indices/ind_close_all_30042020.csv,5e254a5e76ad2aead23204fd8ef8703ac2747c4219efad16bf7768f8fbf1b8bc
2020-04,Nifty Healthcare Index,,,,,False,validated,False,2020-04-30,2026-10-04T17:25:36.721319+00:00,https://archives.nseindia.com/content/indices/ind_close_all_30042020.csv,5e254a5e76ad2aead23204fd8ef8703ac2747c4219efad16bf7768f8fbf1b8bc
2020-04,Nifty Consumer Durables,30-04-2020,44.25,8.55,.54,True,validated,False,2020-04-30,2026-10-04T17:25:36.721319+00:00,https://archives.nseindia.com/content/indices/ind_close_all_30042020.csv,5e254a5e76ad2aead23204fd8ef8703ac2747c4219efad16bf7768f8fbf1b8bc
2020-05,Nifty 50,29-05-2020,22.38,2.73,1.59,True,validated,False,2020-05-29,2026-10-04T17:25:38.081510+00:00,https://archives.nseindia.com/content/indices/ind_close_all_29052020.csv,b0c8cb43855dd591461acab8765431050082f8e8c73ba2e857c74348cbf65e31
2020-05,Nifty Auto,29-05-2020,20.84,2.72,1.78,True,validated,False,2020-05-29,2026-10-04T17:25:38.081510+00:00,https://archives.nseindia.com/content/indices/ind_close_all_29052020.csv,b0c8cb43855dd591461acab8765431050082f8e8c73ba2e857c74348cbf65e31
2020-05,Nifty Bank,29-05-2020,22.17,1.8,.5,True,validated,False,2020-05-29,2026-10-04T17:25:38.081510+00:00,https://archives.nseindia.com/content/indices/ind_close_all_29052020.csv,b0c8cb43855dd591461acab8765431050082f8e8c73ba2e857c74348cbf65e31
2020-05,Nifty Financial Services,29-05-2020,20.08,2.61,.78,True,validated,False,2020-05-29,2026-10-04T17:25:38.081510+00:00,https://archives.nseindia.com/content/indices/ind_close_all_29052020.csv,b0c8cb43855dd591461acab8765431050082f8e8c73ba2e857c74348cbf65e31
2020-05,Nifty FMCG,29-05-2020,34.94,9.95,1.4,True,validated,False,2020-05-29,2026-10-04T17:25:38.081510+00:00,https://archives.nseindia.com/content/indices/ind_close_all_29052020.csv,b0c8cb43855dd591461acab8765431050082f8e8c73ba2e857c74348cbf65e31
2020-05,Nifty IT,29-05-2020,17.46,4.52,2.25,True,validated,False,2020-05-29,2026-10-04T17:25:38.081510+00:00,https://archives.nseindia.com/content/indices/ind_close_all_29052020.csv,b0c8cb43855dd591461acab8765431050082f8e8c73ba2e857c74348cbf65e31
2020-05,Nifty Metal,29-05-2020,9.12,.79,6.71,True,validated,False,2020-05-29,2026-10-04T17:25:38.081510+00:00,https://archives.nseindia.com/content/indices/ind_close_all_29052020.csv,b0c8cb43855dd591461acab8765431050082f8e8c73ba2e857c74348cbf65e31
2020-05,Nifty Pharma,29-05-2020,30.08,3.74,.55,True,validated,False,2020-05-29,2026-10-04T17:25:38.081510+00:00,https://archives.nseindia.com/content/indices/ind_close_all_29052020.csv,b0c8cb43855dd591461acab8765431050082f8e8c73ba2e857c74348cbf65e31
2020-05,Nifty PSU Bank,29-05-2020,,.39,0,True,validated,False,2020-05-29,2026-10-04T17:25:38.081510+00:00,https://archives.nseindia.com/content/indices/ind_close_all_29052020.csv,b0c8cb43855dd591461acab8765431050082f8e8c73ba2e857c74348cbf65e31
2020-05,Nifty Realty,29-05-2020,19.01,1.6,.54,True,validated,False,2020-05-29,2026-10-04T17:25:38.081510+00:00,https://archives.nseindia.com/content/indices/ind_close_all_29052020.csv,b0c8cb43855dd591461acab8765431050082f8e8c73ba2e857c74348cbf65e31
2020-05,Nifty Private Bank,29-05-2020,21.12,2.11,.62,True,validated,False,2020-05-29,2026-10-04T17:25:38.081510+00:00,https://archives.nseindia.com/content/indices/ind_close_all_29052020.csv,b0c8cb43855dd591461acab8765431050082f8e8c73ba2e857c74348cbf65e31
2020-05,Nifty Oil & Gas,29-05-2020,11.65,1.49,3.59,True,validated,False,2020-05-29,2026-10-04T17:25:38.081510+00:00,https://archives.nseindia.com/content/indices/ind_close_all_29052020.csv,b0c8cb43855dd591461acab8765431050082f8e8c73ba2e857c74348cbf65e31
2020-05,Nifty Healthcare Index,,,,,False,validated,False,2020-05-29,2026-10-04T17:25:38.081510+00:00,https://archives.nseindia.com/content/indices/ind_close_all_29052020.csv,b0c8cb43855dd591461acab8765431050082f8e8c73ba2e857c74348cbf65e31
2020-05,Nifty Consumer Durables,29-05-2020,42.53,7.97,.58,True,validated,False,2020-05-29,2026-10-04T17:25:38.081510+00:00,https://archives.nseindia.com/content/indices/ind_close_all_29052020.csv,b0c8cb43855dd591461acab8765431050082f8e8c73ba2e857c74348cbf65e31
2020-06,Nifty 50,30-06-2020,26.32,2.94,1.55,True,validated,False,2020-06-30,2026-10-04T17:25:37.549537+00:00,https://archives.nseindia.com/content/indices/ind_close_all_30062020.csv,bf70ed853a99fae1aa3e974a1a1ac7c49aa08a91c605d474a238243ddfbd394b
2020-06,Nifty Auto,30-06-2020,36.73,3.07,1.6,True,validated,False,2020-06-30,2026-10-04T17:25:37.549537+00:00,https://archives.nseindia.com/content/indices/ind_close_all_30062020.csv,bf70ed853a99fae1aa3e974a1a1ac7c49aa08a91c605d474a238243ddfbd394b
2020-06,Nifty Bank,30-06-2020,22.95,1.92,.42,True,validated,False,2020-06-30,2026-10-04T17:25:37.549537+00:00,https://archives.nseindia.com/content/indices/ind_close_all_30062020.csv,bf70ed853a99fae1aa3e974a1a1ac7c49aa08a91c605d474a238243ddfbd394b
2020-06,Nifty Financial Services,30-06-2020,23.24,2.96,.62,True,validated,False,2020-06-30,2026-10-04T17:25:37.549537+00:00,https://archives.nseindia.com/content/indices/ind_close_all_30062020.csv,bf70ed853a99fae1aa3e974a1a1ac7c49aa08a91c605d474a238243ddfbd394b
2020-06,Nifty FMCG,30-06-2020,37.25,10.08,1.44,True,validated,False,2020-06-30,2026-10-04T17:25:37.549537+00:00,https://archives.nseindia.com/content/indices/ind_close_all_30062020.csv,bf70ed853a99fae1aa3e974a1a1ac7c49aa08a91c605d474a238243ddfbd394b
2020-06,Nifty IT,30-06-2020,19.67,5.16,2.51,True,validated,False,2020-06-30,2026-10-04T17:25:37.549537+00:00,https://archives.nseindia.com/content/indices/ind_close_all_30062020.csv,bf70ed853a99fae1aa3e974a1a1ac7c49aa08a91c605d474a238243ddfbd394b
2020-06,Nifty Metal,30-06-2020,12.27,.84,6.34,True,validated,False,2020-06-30,2026-10-04T17:25:37.549537+00:00,https://archives.nseindia.com/content/indices/ind_close_all_30062020.csv,bf70ed853a99fae1aa3e974a1a1ac7c49aa08a91c605d474a238243ddfbd394b
2020-06,Nifty Pharma,30-06-2020,30.49,4.53,.49,True,validated,False,2020-06-30,2026-10-04T17:25:37.549537+00:00,https://archives.nseindia.com/content/indices/ind_close_all_30062020.csv,bf70ed853a99fae1aa3e974a1a1ac7c49aa08a91c605d474a238243ddfbd394b
2020-06,Nifty PSU Bank,30-06-2020,,.61,0,True,validated,False,2020-06-30,2026-10-04T17:25:37.549537+00:00,https://archives.nseindia.com/content/indices/ind_close_all_30062020.csv,bf70ed853a99fae1aa3e974a1a1ac7c49aa08a91c605d474a238243ddfbd394b
2020-06,Nifty Realty,30-06-2020,27.36,1.84,.44,True,validated,False,2020-06-30,2026-10-04T17:25:37.549537+00:00,https://archives.nseindia.com/content/indices/ind_close_all_30062020.csv,bf70ed853a99fae1aa3e974a1a1ac7c49aa08a91c605d474a238243ddfbd394b
2020-06,Nifty Private Bank,30-06-2020,23.76,2.25,.54,True,validated,False,2020-06-30,2026-10-04T17:25:37.549537+00:00,https://archives.nseindia.com/content/indices/ind_close_all_30062020.csv,bf70ed853a99fae1aa3e974a1a1ac7c49aa08a91c605d474a238243ddfbd394b
2020-06,Nifty Oil & Gas,30-06-2020,14.88,1.53,3.71,True,validated,False,2020-06-30,2026-10-04T17:25:37.549537+00:00,https://archives.nseindia.com/content/indices/ind_close_all_30062020.csv,bf70ed853a99fae1aa3e974a1a1ac7c49aa08a91c605d474a238243ddfbd394b
2020-06,Nifty Healthcare Index,,,,,False,validated,False,2020-06-30,2026-10-04T17:25:37.549537+00:00,https://archives.nseindia.com/content/indices/ind_close_all_30062020.csv,bf70ed853a99fae1aa3e974a1a1ac7c49aa08a91c605d474a238243ddfbd394b
2020-06,Nifty Consumer Durables,30-06-2020,44.51,8.88,.61,True,validated,False,2020-06-30,2026-10-04T17:25:37.549537+00:00,https://archives.nseindia.com/content/indices/ind_close_all_30062020.csv,bf70ed853a99fae1aa3e974a1a1ac7c49aa08a91c605d474a238243ddfbd394b
2020-07,Nifty 50,31-07-2020,30.2,3.12,1.49,True,validated,False,2020-07-31,2026-10-04T17:25:37.565472+00:00,https://archives.nseindia.com/content/indices/ind_close_all_31072020.csv,3c540f650931009042b681ed7a296f942adffa5df635a59defb09174d4955656
2020-07,Nifty Auto,31-07-2020,47,3.28,2.09,True,validated,False,2020-07-31,2026-10-04T17:25:37.565472+00:00,https://archives.nseindia.com/content/indices/ind_close_all_31072020.csv,3c540f650931009042b681ed7a296f942adffa5df635a59defb09174d4955656
2020-07,Nifty Bank,31-07-2020,23.63,1.79,.59,True,validated,False,2020-07-31,2026-10-04T17:25:37.565472+00:00,https://archives.nseindia.com/content/indices/ind_close_all_31072020.csv,3c540f650931009042b681ed7a296f942adffa5df635a59defb09174d4955656
2020-07,Nifty Financial Services,31-07-2020,23.3,2.71,.77,True,validated,False,2020-07-31,2026-10-04T17:25:37.565472+00:00,https://archives.nseindia.com/content/indices/ind_close_all_31072020.csv,3c540f650931009042b681ed7a296f942adffa5df635a59defb09174d4955656
2020-07,Nifty FMCG,31-07-2020,38.97,10.19,1.38,True,validated,False,2020-07-31,2026-10-04T17:25:37.565472+00:00,https://archives.nseindia.com/content/indices/ind_close_all_31072020.csv,3c540f650931009042b681ed7a296f942adffa5df635a59defb09174d4955656
2020-07,Nifty IT,31-07-2020,24,6.18,2.24,True,validated,False,2020-07-31,2026-10-04T17:25:37.565472+00:00,https://archives.nseindia.com/content/indices/ind_close_all_31072020.csv,3c540f650931009042b681ed7a296f942adffa5df635a59defb09174d4955656
2020-07,Nifty Metal,31-07-2020,10.3,1.02,4.2,True,validated,False,2020-07-31,2026-10-04T17:25:37.565472+00:00,https://archives.nseindia.com/content/indices/ind_close_all_31072020.csv,3c540f650931009042b681ed7a296f942adffa5df635a59defb09174d4955656
2020-07,Nifty Pharma,31-07-2020,32.93,4.85,.48,True,validated,False,2020-07-31,2026-10-04T17:25:37.565472+00:00,https://archives.nseindia.com/content/indices/ind_close_all_31072020.csv,3c540f650931009042b681ed7a296f942adffa5df635a59defb09174d4955656
2020-07,Nifty PSU Bank,31-07-2020,,.6,0,True,validated,False,2020-07-31,2026-10-04T17:25:37.565472+00:00,https://archives.nseindia.com/content/indices/ind_close_all_31072020.csv,3c540f650931009042b681ed7a296f942adffa5df635a59defb09174d4955656
2020-07,Nifty Realty,31-07-2020,28.48,1.81,.45,True,validated,False,2020-07-31,2026-10-04T17:25:37.565472+00:00,https://archives.nseindia.com/content/indices/ind_close_all_31072020.csv,3c540f650931009042b681ed7a296f942adffa5df635a59defb09174d4955656
2020-07,Nifty Private Bank,31-07-2020,25.41,2.04,.72,True,validated,False,2020-07-31,2026-10-04T17:25:37.565472+00:00,https://archives.nseindia.com/content/indices/ind_close_all_31072020.csv,3c540f650931009042b681ed7a296f942adffa5df635a59defb09174d4955656
2020-07,Nifty Oil & Gas,31-07-2020,17.85,1.63,3.49,True,validated,False,2020-07-31,2026-10-04T17:25:37.565472+00:00,https://archives.nseindia.com/content/indices/ind_close_all_31072020.csv,3c540f650931009042b681ed7a296f942adffa5df635a59defb09174d4955656
2020-07,Nifty Healthcare Index,,,,,False,validated,False,2020-07-31,2026-10-04T17:25:37.565472+00:00,https://archives.nseindia.com/content/indices/ind_close_all_31072020.csv,3c540f650931009042b681ed7a296f942adffa5df635a59defb09174d4955656
2020-07,Nifty Consumer Durables,31-07-2020,49.12,8.89,.72,True,validated,False,2020-07-31,2026-10-04T17:25:37.565472+00:00,https://archives.nseindia.com/content/indices/ind_close_all_31072020.csv,3c540f650931009042b681ed7a296f942adffa5df635a59defb09174d4955656
2020-08,Nifty 50,31-08-2020,32.29,3.2,1.46,True,validated,False,2020-08-31,2026-10-04T17:25:37.584899+00:00,https://archives.nseindia.com/content/indices/ind_close_all_31082020.csv,fd8d09bfe971e9d51e88e857c0a100b9a49cf9b7c471cbed8cb22fe087c670c2
2020-08,Nifty Auto,31-08-2020,139.95,3.57,2,True,validated,False,2020-08-31,2026-10-04T17:25:37.584899+00:00,https://archives.nseindia.com/content/indices/ind_close_all_31082020.csv,fd8d09bfe971e9d51e88e857c0a100b9a49cf9b7c471cbed8cb22fe087c670c2
2020-08,Nifty Bank,31-08-2020,26.1,1.97,.51,True,validated,False,2020-08-31,2026-10-04T17:25:37.584899+00:00,https://archives.nseindia.com/content/indices/ind_close_all_31082020.csv,fd8d09bfe971e9d51e88e857c0a100b9a49cf9b7c471cbed8cb22fe087c670c2
2020-08,Nifty Financial Services,31-08-2020,24.77,2.91,.71,True,validated,False,2020-08-31,2026-10-04T17:25:37.584899+00:00,https://archives.nseindia.com/content/indices/ind_close_all_31082020.csv,fd8d09bfe971e9d51e88e857c0a100b9a49cf9b7c471cbed8cb22fe087c670c2
2020-08,Nifty FMCG,31-08-2020,38.84,9.29,1.45,True,validated,False,2020-08-31,2026-10-04T17:25:37.584899+00:00,https://archives.nseindia.com/content/indices/ind_close_all_31082020.csv,fd8d09bfe971e9d51e88e857c0a100b9a49cf9b7c471cbed8cb22fe087c670c2
2020-08,Nifty IT,31-08-2020,23.81,6.14,2.26,True,validated,False,2020-08-31,2026-10-04T17:25:37.584899+00:00,https://archives.nseindia.com/content/indices/ind_close_all_31082020.csv,fd8d09bfe971e9d51e88e857c0a100b9a49cf9b7c471cbed8cb22fe087c670c2
2020-08,Nifty Metal,31-08-2020,12.07,1.13,3.96,True,validated,False,2020-08-31,2026-10-04T17:25:37.584899+00:00,https://archives.nseindia.com/content/indices/ind_close_all_31082020.csv,fd8d09bfe971e9d51e88e857c0a100b9a49cf9b7c471cbed8cb22fe087c670c2
2020-08,Nifty Pharma,31-08-2020,31.73,4.69,.58,True,validated,False,2020-08-31,2026-10-04T17:25:37.584899+00:00,https://archives.nseindia.com/content/indices/ind_close_all_31082020.csv,fd8d09bfe971e9d51e88e857c0a100b9a49cf9b7c471cbed8cb22fe087c670c2
2020-08,Nifty PSU Bank,31-08-2020,,.55,0,True,validated,False,2020-08-31,2026-10-04T17:25:37.584899+00:00,https://archives.nseindia.com/content/indices/ind_close_all_31082020.csv,fd8d09bfe971e9d51e88e857c0a100b9a49cf9b7c471cbed8cb22fe087c670c2
2020-08,Nifty Realty,31-08-2020,46.35,1.92,.4,True,validated,False,2020-08-31,2026-10-04T17:25:37.584899+00:00,https://archives.nseindia.com/content/indices/ind_close_all_31082020.csv,fd8d09bfe971e9d51e88e857c0a100b9a49cf9b7c471cbed8cb22fe087c670c2
2020-08,Nifty Private Bank,31-08-2020,27.88,2.29,.64,True,validated,False,2020-08-31,2026-10-04T17:25:37.584899+00:00,https://archives.nseindia.com/content/indices/ind_close_all_31082020.csv,fd8d09bfe971e9d51e88e857c0a100b9a49cf9b7c471cbed8cb22fe087c670c2
2020-08,Nifty Oil & Gas,31-08-2020,17.94,1.63,3.49,True,validated,False,2020-08-31,2026-10-04T17:25:37.584899+00:00,https://archives.nseindia.com/content/indices/ind_close_all_31082020.csv,fd8d09bfe971e9d51e88e857c0a100b9a49cf9b7c471cbed8cb22fe087c670c2
2020-08,Nifty Healthcare Index,,,,,False,validated,False,2020-08-31,2026-10-04T17:25:37.584899+00:00,https://archives.nseindia.com/content/indices/ind_close_all_31082020.csv,fd8d09bfe971e9d51e88e857c0a100b9a49cf9b7c471cbed8cb22fe087c670c2
2020-08,Nifty Consumer Durables,31-08-2020,67.96,9.13,.68,True,validated,False,2020-08-31,2026-10-04T17:25:37.584899+00:00,https://archives.nseindia.com/content/indices/ind_close_all_31082020.csv,fd8d09bfe971e9d51e88e857c0a100b9a49cf9b7c471cbed8cb22fe087c670c2
2020-09,Nifty 50,30-09-2020,32.69,3.19,1.41,True,validated,False,2020-09-30,2026-10-04T17:25:37.870796+00:00,https://archives.nseindia.com/content/indices/ind_close_all_30092020.csv,3f17e0112fc0f18db45c0647042efa7373fd1ea79f33bff91376b5de42884475
2020-09,Nifty Auto,30-09-2020,141.16,3.58,2.07,True,validated,False,2020-09-30,2026-10-04T17:25:37.870796+00:00,https://archives.nseindia.com/content/indices/ind_close_all_30092020.csv,3f17e0112fc0f18db45c0647042efa7373fd1ea79f33bff91376b5de42884475
2020-09,Nifty Bank,30-09-2020,23.73,1.8,.59,True,validated,False,2020-09-30,2026-10-04T17:25:37.870796+00:00,https://archives.nseindia.com/content/indices/ind_close_all_30092020.csv,3f17e0112fc0f18db45c0647042efa7373fd1ea79f33bff91376b5de42884475
2020-09,Nifty Financial Services,30-09-2020,23.33,2.73,.83,True,validated,False,2020-09-30,2026-10-04T17:25:37.870796+00:00,https://archives.nseindia.com/content/indices/ind_close_all_30092020.csv,3f17e0112fc0f18db45c0647042efa7373fd1ea79f33bff91376b5de42884475
2020-09,Nifty FMCG,30-09-2020,37.22,8.99,1.55,True,validated,False,2020-09-30,2026-10-04T17:25:37.870796+00:00,https://archives.nseindia.com/content/indices/ind_close_all_30092020.csv,3f17e0112fc0f18db45c0647042efa7373fd1ea79f33bff91376b5de42884475
2020-09,Nifty IT,30-09-2020,26.86,6.89,2.1,True,validated,False,2020-09-30,2026-10-04T17:25:37.870796+00:00,https://archives.nseindia.com/content/indices/ind_close_all_30092020.csv,3f17e0112fc0f18db45c0647042efa7373fd1ea79f33bff91376b5de42884475
2020-09,Nifty Metal,30-09-2020,11.51,1.03,3.76,True,validated,False,2020-09-30,2026-10-04T17:25:37.870796+00:00,https://archives.nseindia.com/content/indices/ind_close_all_30092020.csv,3f17e0112fc0f18db45c0647042efa7373fd1ea79f33bff91376b5de42884475
2020-09,Nifty Pharma,30-09-2020,33.72,4.84,.79,True,validated,False,2020-09-30,2026-10-04T17:25:37.870796+00:00,https://archives.nseindia.com/content/indices/ind_close_all_30092020.csv,3f17e0112fc0f18db45c0647042efa7373fd1ea79f33bff91376b5de42884475
2020-09,Nifty PSU Bank,30-09-2020,,.46,0,True,validated,False,2020-09-30,2026-10-04T17:25:37.870796+00:00,https://archives.nseindia.com/content/indices/ind_close_all_30092020.csv,3f17e0112fc0f18db45c0647042efa7373fd1ea79f33bff91376b5de42884475
2020-09,Nifty Realty,30-09-2020,47.17,1.77,.85,True,validated,False,2020-09-30,2026-10-04T17:25:37.870796+00:00,https://archives.nseindia.com/content/indices/ind_close_all_30092020.csv,3f17e0112fc0f18db45c0647042efa7373fd1ea79f33bff91376b5de42884475
2020-09,Nifty Private Bank,30-09-2020,25.81,2.1,.71,True,validated,False,2020-09-30,2026-10-04T17:25:37.870796+00:00,https://archives.nseindia.com/content/indices/ind_close_all_30092020.csv,3f17e0112fc0f18db45c0647042efa7373fd1ea79f33bff91376b5de42884475
2020-09,Nifty Oil & Gas,30-09-2020,17.89,1.47,3.79,True,validated,False,2020-09-30,2026-10-04T17:25:37.870796+00:00,https://archives.nseindia.com/content/indices/ind_close_all_30092020.csv,3f17e0112fc0f18db45c0647042efa7373fd1ea79f33bff91376b5de42884475
2020-09,Nifty Healthcare Index,,,,,False,validated,False,2020-09-30,2026-10-04T17:25:37.870796+00:00,https://archives.nseindia.com/content/indices/ind_close_all_30092020.csv,3f17e0112fc0f18db45c0647042efa7373fd1ea79f33bff91376b5de42884475
2020-09,Nifty Consumer Durables,30-09-2020,73.9,9.68,.67,True,validated,False,2020-09-30,2026-10-04T17:25:37.870796+00:00,https://archives.nseindia.com/content/indices/ind_close_all_30092020.csv,3f17e0112fc0f18db45c0647042efa7373fd1ea79f33bff91376b5de42884475
2020-10,Nifty 50,30-10-2020,31.9,3.3,1.36,True,validated,False,2020-10-30,2026-10-04T17:25:38.150232+00:00,https://archives.nseindia.com/content/indices/ind_close_all_30102020.csv,a77102d466a9bb5e9fd7cd44808e6b0b0cd809d4dda4a90872bc22dbd84ea944
2020-10,Nifty Auto,30-10-2020,142.08,3.51,2.11,True,validated,False,2020-10-30,2026-10-04T17:25:38.150232+00:00,https://archives.nseindia.com/content/indices/ind_close_all_30102020.csv,a77102d466a9bb5e9fd7cd44808e6b0b0cd809d4dda4a90872bc22dbd84ea944
2020-10,Nifty Bank,30-10-2020,24.6,2,.53,True,validated,False,2020-10-30,2026-10-04T17:25:38.150232+00:00,https://archives.nseindia.com/content/indices/ind_close_all_30102020.csv,a77102d466a9bb5e9fd7cd44808e6b0b0cd809d4dda4a90872bc22dbd84ea944
2020-10,Nifty Financial Services,30-10-2020,24.93,2.99,.75,True,validated,False,2020-10-30,2026-10-04T17:25:38.150232+00:00,https://archives.nseindia.com/content/indices/ind_close_all_30102020.csv,a77102d466a9bb5e9fd7cd44808e6b0b0cd809d4dda4a90872bc22dbd84ea944
2020-10,Nifty FMCG,30-10-2020,36.53,8.86,1.58,True,validated,False,2020-10-30,2026-10-04T17:25:38.150232+00:00,https://archives.nseindia.com/content/indices/ind_close_all_30102020.csv,a77102d466a9bb5e9fd7cd44808e6b0b0cd809d4dda4a90872bc22dbd84ea944
2020-10,Nifty IT,30-10-2020,28.26,7.22,2,True,validated,False,2020-10-30,2026-10-04T17:25:38.150232+00:00,https://archives.nseindia.com/content/indices/ind_close_all_30102020.csv,a77102d466a9bb5e9fd7cd44808e6b0b0cd809d4dda4a90872bc22dbd84ea944
2020-10,Nifty Metal,30-10-2020,12.46,1.06,3.56,True,validated,False,2020-10-30,2026-10-04T17:25:38.150232+00:00,https://archives.nseindia.com/content/indices/ind_close_all_30102020.csv,a77102d466a9bb5e9fd7cd44808e6b0b0cd809d4dda4a90872bc22dbd84ea944
2020-10,Nifty Pharma,30-10-2020,34.82,4.63,.82,True,validated,False,2020-10-30,2026-10-04T17:25:38.150232+00:00,https://archives.nseindia.com/content/indices/ind_close_all_30102020.csv,a77102d466a9bb5e9fd7cd44808e6b0b0cd809d4dda4a90872bc22dbd84ea944
2020-10,Nifty PSU Bank,30-10-2020,,.46,0,True,validated,False,2020-10-30,2026-10-04T17:25:38.150232+00:00,https://archives.nseindia.com/content/indices/ind_close_all_30102020.csv,a77102d466a9bb5e9fd7cd44808e6b0b0cd809d4dda4a90872bc22dbd84ea944
2020-10,Nifty Realty,30-10-2020,51.35,1.85,.88,True,validated,False,2020-10-30,2026-10-04T17:25:38.150232+00:00,https://archives.nseindia.com/content/indices/ind_close_all_30102020.csv,a77102d466a9bb5e9fd7cd44808e6b0b0cd809d4dda4a90872bc22dbd84ea944
2020-10,Nifty Private Bank,30-10-2020,26.98,2.35,.64,True,validated,False,2020-10-30,2026-10-04T17:25:38.150232+00:00,https://archives.nseindia.com/content/indices/ind_close_all_30102020.csv,a77102d466a9bb5e9fd7cd44808e6b0b0cd809d4dda4a90872bc22dbd84ea944
2020-10,Nifty Oil & Gas,30-10-2020,17.2,1.43,3.82,True,validated,False,2020-10-30,2026-10-04T17:25:38.150232+00:00,https://archives.nseindia.com/content/indices/ind_close_all_30102020.csv,a77102d466a9bb5e9fd7cd44808e6b0b0cd809d4dda4a90872bc22dbd84ea944
2020-10,Nifty Healthcare Index,,,,,False,validated,False,2020-10-30,2026-10-04T17:25:38.150232+00:00,https://archives.nseindia.com/content/indices/ind_close_all_30102020.csv,a77102d466a9bb5e9fd7cd44808e6b0b0cd809d4dda4a90872bc22dbd84ea944
2020-10,Nifty Consumer Durables,30-10-2020,73.09,9.67,.67,True,validated,False,2020-10-30,2026-10-04T17:25:38.150232+00:00,https://archives.nseindia.com/content/indices/ind_close_all_30102020.csv,a77102d466a9bb5e9fd7cd44808e6b0b0cd809d4dda4a90872bc22dbd84ea944
2020-11,Nifty 50,27-11-2020,35.66,3.67,1.22,True,validated,False,2020-11-27,2026-10-04T17:25:38.575031+00:00,https://archives.nseindia.com/content/indices/ind_close_all_27112020.csv,d0ec50eacbb414f3a2849b99969b4335b096b9fd41190dfc03f6d072a486edd0
2020-11,Nifty Auto,27-11-2020,292.47,4.02,1.84,True,validated,False,2020-11-27,2026-10-04T17:25:38.575031+00:00,https://archives.nseindia.com/content/indices/ind_close_all_27112020.csv,d0ec50eacbb414f3a2849b99969b4335b096b9fd41190dfc03f6d072a486edd0
2020-11,Nifty Bank,27-11-2020,28.05,2.46,.43,True,validated,False,2020-11-27,2026-10-04T17:25:38.575031+00:00,https://archives.nseindia.com/content/indices/ind_close_all_27112020.csv,d0ec50eacbb414f3a2849b99969b4335b096b9fd41190dfc03f6d072a486edd0
2020-11,Nifty Financial Services,27-11-2020,29.02,3.68,.61,True,validated,False,2020-11-27,2026-10-04T17:25:38.575031+00:00,https://archives.nseindia.com/content/indices/ind_close_all_27112020.csv,d0ec50eacbb414f3a2849b99969b4335b096b9fd41190dfc03f6d072a486edd0
2020-11,Nifty FMCG,27-11-2020,40.62,9.54,1.46,True,validated,False,2020-11-27,2026-10-04T17:25:38.575031+00:00,https://archives.nseindia.com/content/indices/ind_close_all_27112020.csv,d0ec50eacbb414f3a2849b99969b4335b096b9fd41190dfc03f6d072a486edd0
2020-11,Nifty IT,27-11-2020,29.34,7.52,1.92,True,validated,False,2020-11-27,2026-10-04T17:25:38.575031+00:00,https://archives.nseindia.com/content/indices/ind_close_all_27112020.csv,d0ec50eacbb414f3a2849b99969b4335b096b9fd41190dfc03f6d072a486edd0
2020-11,Nifty Metal,27-11-2020,15.95,1.31,2.87,True,validated,False,2020-11-27,2026-10-04T17:25:38.575031+00:00,https://archives.nseindia.com/content/indices/ind_close_all_27112020.csv,d0ec50eacbb414f3a2849b99969b4335b096b9fd41190dfc03f6d072a486edd0
2020-11,Nifty Pharma,27-11-2020,35.22,4.87,.78,True,validated,False,2020-11-27,2026-10-04T17:25:38.575031+00:00,https://archives.nseindia.com/content/indices/ind_close_all_27112020.csv,d0ec50eacbb414f3a2849b99969b4335b096b9fd41190dfc03f6d072a486edd0
2020-11,Nifty PSU Bank,27-11-2020,,.57,0,True,validated,False,2020-11-27,2026-10-04T17:25:38.575031+00:00,https://archives.nseindia.com/content/indices/ind_close_all_27112020.csv,d0ec50eacbb414f3a2849b99969b4335b096b9fd41190dfc03f6d072a486edd0
2020-11,Nifty Realty,27-11-2020,160.87,2.12,.77,True,validated,False,2020-11-27,2026-10-04T17:25:38.575031+00:00,https://archives.nseindia.com/content/indices/ind_close_all_27112020.csv,d0ec50eacbb414f3a2849b99969b4335b096b9fd41190dfc03f6d072a486edd0
2020-11,Nifty Private Bank,27-11-2020,31.65,2.92,.52,True,validated,False,2020-11-27,2026-10-04T17:25:38.575031+00:00,https://archives.nseindia.com/content/indices/ind_close_all_27112020.csv,d0ec50eacbb414f3a2849b99969b4335b096b9fd41190dfc03f6d072a486edd0
2020-11,Nifty Oil & Gas,27-11-2020,17.79,1.56,3.52,True,validated,False,2020-11-27,2026-10-04T17:25:38.575031+00:00,https://archives.nseindia.com/content/indices/ind_close_all_27112020.csv,d0ec50eacbb414f3a2849b99969b4335b096b9fd41190dfc03f6d072a486edd0
2020-11,Nifty Healthcare Index,27-11-2020,36.85,4.68,.72,True,validated,False,2020-11-27,2026-10-04T17:25:38.575031+00:00,https://archives.nseindia.com/content/indices/ind_close_all_27112020.csv,d0ec50eacbb414f3a2849b99969b4335b096b9fd41190dfc03f6d072a486edd0
2020-11,Nifty Consumer Durables,27-11-2020,90.31,10.94,.59,True,validated,False,2020-11-27,2026-10-04T17:25:38.575031+00:00,https://archives.nseindia.com/content/indices/ind_close_all_27112020.csv,d0ec50eacbb414f3a2849b99969b4335b096b9fd41190dfc03f6d072a486edd0
2020-12,Nifty 50,31-12-2020,38.45,3.96,1.14,True,validated,False,2020-12-31,2026-10-04T17:25:38.171538+00:00,https://archives.nseindia.com/content/indices/ind_close_all_31122020.csv,e2a39a31c6ed2a239c84d141a8bdfda641c96f8578bcaabae768b445c31b3cfd
2020-12,Nifty Auto,31-12-2020,302.4,4.16,1.78,True,validated,False,2020-12-31,2026-10-04T17:25:38.171538+00:00,https://archives.nseindia.com/content/indices/ind_close_all_31122020.csv,e2a39a31c6ed2a239c84d141a8bdfda641c96f8578bcaabae768b445c31b3cfd
2020-12,Nifty Bank,31-12-2020,30.09,2.62,.4,True,validated,False,2020-12-31,2026-10-04T17:25:38.171538+00:00,https://archives.nseindia.com/content/indices/ind_close_all_31122020.csv,e2a39a31c6ed2a239c84d141a8bdfda641c96f8578bcaabae768b445c31b3cfd
2020-12,Nifty Financial Services,31-12-2020,30.88,3.91,.57,True,validated,False,2020-12-31,2026-10-04T17:25:38.171538+00:00,https://archives.nseindia.com/content/indices/ind_close_all_31122020.csv,e2a39a31c6ed2a239c84d141a8bdfda641c96f8578bcaabae768b445c31b3cfd
2020-12,Nifty FMCG,31-12-2020,43.77,10.28,1.35,True,validated,False,2020-12-31,2026-10-04T17:25:38.171538+00:00,https://archives.nseindia.com/content/indices/ind_close_all_31122020.csv,e2a39a31c6ed2a239c84d141a8bdfda641c96f8578bcaabae768b445c31b3cfd
2020-12,Nifty IT,31-12-2020,32.69,8.38,1.72,True,validated,False,2020-12-31,2026-10-04T17:25:38.171538+00:00,https://archives.nseindia.com/content/indices/ind_close_all_31122020.csv,e2a39a31c6ed2a239c84d141a8bdfda641c96f8578bcaabae768b445c31b3cfd
2020-12,Nifty Metal,31-12-2020,17.74,1.45,2.58,True,validated,False,2020-12-31,2026-10-04T17:25:38.171538+00:00,https://archives.nseindia.com/content/indices/ind_close_all_31122020.csv,e2a39a31c6ed2a239c84d141a8bdfda641c96f8578bcaabae768b445c31b3cfd
2020-12,Nifty Pharma,31-12-2020,38.43,5.31,.72,True,validated,False,2020-12-31,2026-10-04T17:25:38.171538+00:00,https://archives.nseindia.com/content/indices/ind_close_all_31122020.csv,e2a39a31c6ed2a239c84d141a8bdfda641c96f8578bcaabae768b445c31b3cfd
2020-12,Nifty PSU Bank,31-12-2020,,.64,0,True,validated,False,2020-12-31,2026-10-04T17:25:38.171538+00:00,https://archives.nseindia.com/content/indices/ind_close_all_31122020.csv,e2a39a31c6ed2a239c84d141a8bdfda641c96f8578bcaabae768b445c31b3cfd
2020-12,Nifty Realty,31-12-2020,193.32,2.55,.64,True,validated,False,2020-12-31,2026-10-04T17:25:38.171538+00:00,https://archives.nseindia.com/content/indices/ind_close_all_31122020.csv,e2a39a31c6ed2a239c84d141a8bdfda641c96f8578bcaabae768b445c31b3cfd
2020-12,Nifty Private Bank,31-12-2020,33.64,3.08,.48,True,validated,False,2020-12-31,2026-10-04T17:25:38.171538+00:00,https://archives.nseindia.com/content/indices/ind_close_all_31122020.csv,e2a39a31c6ed2a239c84d141a8bdfda641c96f8578bcaabae768b445c31b3cfd
2020-12,Nifty Oil & Gas,31-12-2020,18.83,1.65,3.33,True,validated,False,2020-12-31,2026-10-04T17:25:38.171538+00:00,https://archives.nseindia.com/content/indices/ind_close_all_31122020.csv,e2a39a31c6ed2a239c84d141a8bdfda641c96f8578bcaabae768b445c31b3cfd
2020-12,Nifty Healthcare Index,31-12-2020,39.58,5.03,.67,True,validated,False,2020-12-31,2026-10-04T17:25:38.171538+00:00,https://archives.nseindia.com/content/indices/ind_close_all_31122020.csv,e2a39a31c6ed2a239c84d141a8bdfda641c96f8578bcaabae768b445c31b3cfd
2020-12,Nifty Consumer Durables,31-12-2020,101.01,12.09,.53,True,validated,False,2020-12-31,2026-10-04T17:25:38.171538+00:00,https://archives.nseindia.com/content/indices/ind_close_all_31122020.csv,e2a39a31c6ed2a239c84d141a8bdfda641c96f8578bcaabae768b445c31b3cfd
2021-01,Nifty 50,29-01-2021,36.57,3.86,1.16,True,validated,False,2021-01-29,2026-10-04T17:25:38.762846+00:00,https://archives.nseindia.com/content/indices/ind_close_all_29012021.csv,11c27dfedb2d99bc0af03dc1b2480fde4bd276c31babcccb36ed5b651f379861
2021-01,Nifty Auto,29-01-2021,295.98,4.44,1.67,True,validated,False,2021-01-29,2026-10-04T17:25:38.762846+00:00,https://archives.nseindia.com/content/indices/ind_close_all_29012021.csv,11c27dfedb2d99bc0af03dc1b2480fde4bd276c31babcccb36ed5b651f379861
2021-01,Nifty Bank,29-01-2021,28.95,2.55,.41,True,validated,False,2021-01-29,2026-10-04T17:25:38.762846+00:00,https://archives.nseindia.com/content/indices/ind_close_all_29012021.csv,11c27dfedb2d99bc0af03dc1b2480fde4bd276c31babcccb36ed5b651f379861
2021-01,Nifty Financial Services,29-01-2021,29.48,3.75,.6,True,validated,False,2021-01-29,2026-10-04T17:25:38.762846+00:00,https://archives.nseindia.com/content/indices/ind_close_all_29012021.csv,11c27dfedb2d99bc0af03dc1b2480fde4bd276c31babcccb36ed5b651f379861
2021-01,Nifty FMCG,29-01-2021,42.58,10.02,1.38,True,validated,False,2021-01-29,2026-10-04T17:25:38.762846+00:00,https://archives.nseindia.com/content/indices/ind_close_all_29012021.csv,11c27dfedb2d99bc0af03dc1b2480fde4bd276c31babcccb36ed5b651f379861
2021-01,Nifty IT,29-01-2021,31.58,8.57,1.71,True,validated,False,2021-01-29,2026-10-04T17:25:38.762846+00:00,https://archives.nseindia.com/content/indices/ind_close_all_29012021.csv,11c27dfedb2d99bc0af03dc1b2480fde4bd276c31babcccb36ed5b651f379861
2021-01,Nifty Metal,29-01-2021,14.53,1.37,2.73,True,validated,False,2021-01-29,2026-10-04T17:25:38.762846+00:00,https://archives.nseindia.com/content/indices/ind_close_all_29012021.csv,11c27dfedb2d99bc0af03dc1b2480fde4bd276c31babcccb36ed5b651f379861
2021-01,Nifty Pharma,29-01-2021,36.33,5.01,.76,True,validated,False,2021-01-29,2026-10-04T17:25:38.762846+00:00,https://archives.nseindia.com/content/indices/ind_close_all_29012021.csv,11c27dfedb2d99bc0af03dc1b2480fde4bd276c31babcccb36ed5b651f379861
2021-01,Nifty PSU Bank,29-01-2021,178.48,.68,0,True,validated,False,2021-01-29,2026-10-04T17:25:38.762846+00:00,https://archives.nseindia.com/content/indices/ind_close_all_29012021.csv,11c27dfedb2d99bc0af03dc1b2480fde4bd276c31babcccb36ed5b651f379861
2021-01,Nifty Realty,29-01-2021,159.29,2.42,.66,True,validated,False,2021-01-29,2026-10-04T17:25:38.762846+00:00,https://archives.nseindia.com/content/indices/ind_close_all_29012021.csv,11c27dfedb2d99bc0af03dc1b2480fde4bd276c31babcccb36ed5b651f379861
2021-01,Nifty Private Bank,29-01-2021,32.56,2.97,.51,True,validated,False,2021-01-29,2026-10-04T17:25:38.762846+00:00,https://archives.nseindia.com/content/indices/ind_close_all_29012021.csv,11c27dfedb2d99bc0af03dc1b2480fde4bd276c31babcccb36ed5b651f379861
2021-01,Nifty Oil & Gas,29-01-2021,19.3,1.66,3.17,True,validated,False,2021-01-29,2026-10-04T17:25:38.762846+00:00,https://archives.nseindia.com/content/indices/ind_close_all_29012021.csv,11c27dfedb2d99bc0af03dc1b2480fde4bd276c31babcccb36ed5b651f379861
2021-01,Nifty Healthcare Index,29-01-2021,37.53,4.76,.7,True,validated,False,2021-01-29,2026-10-04T17:25:38.762846+00:00,https://archives.nseindia.com/content/indices/ind_close_all_29012021.csv,11c27dfedb2d99bc0af03dc1b2480fde4bd276c31babcccb36ed5b651f379861
2021-01,Nifty Consumer Durables,29-01-2021,98.71,12.12,.53,True,validated,False,2021-01-29,2026-10-04T17:25:38.762846+00:00,https://archives.nseindia.com/content/indices/ind_close_all_29012021.csv,11c27dfedb2d99bc0af03dc1b2480fde4bd276c31babcccb36ed5b651f379861
2021-02,Nifty 50,26-02-2021,39.65,4.12,1.09,True,validated,False,2021-02-26,2026-10-04T17:25:38.827259+00:00,https://archives.nseindia.com/content/indices/ind_close_all_26022021.csv,0985afaca9da4a2dc84fe11e8d9e852a69f0332efd8102098d2f9930523eee4f
2021-02,Nifty Auto,26-02-2021,230.91,4.6,1.61,True,validated,False,2021-02-26,2026-10-04T17:25:38.827259+00:00,https://archives.nseindia.com/content/indices/ind_close_all_26022021.csv,0985afaca9da4a2dc84fe11e8d9e852a69f0332efd8102098d2f9930523eee4f
2021-02,Nifty Bank,26-02-2021,32.15,2.9,.36,True,validated,False,2021-02-26,2026-10-04T17:25:38.827259+00:00,https://archives.nseindia.com/content/indices/ind_close_all_26022021.csv,0985afaca9da4a2dc84fe11e8d9e852a69f0332efd8102098d2f9930523eee4f
2021-02,Nifty Financial Services,26-02-2021,34.56,4.14,.54,True,validated,False,2021-02-26,2026-10-04T17:25:38.827259+00:00,https://archives.nseindia.com/content/indices/ind_close_all_26022021.csv,0985afaca9da4a2dc84fe11e8d9e852a69f0332efd8102098d2f9930523eee4f
2021-02,Nifty FMCG,26-02-2021,42.1,9.81,1.4,True,validated,False,2021-02-26,2026-10-04T17:25:38.827259+00:00,https://archives.nseindia.com/content/indices/ind_close_all_26022021.csv,0985afaca9da4a2dc84fe11e8d9e852a69f0332efd8102098d2f9930523eee4f
2021-02,Nifty IT,26-02-2021,30.91,8.45,1.74,True,validated,False,2021-02-26,2026-10-04T17:25:38.827259+00:00,https://archives.nseindia.com/content/indices/ind_close_all_26022021.csv,0985afaca9da4a2dc84fe11e8d9e852a69f0332efd8102098d2f9930523eee4f
2021-02,Nifty Metal,26-02-2021,14,1.68,2.18,True,validated,False,2021-02-26,2026-10-04T17:25:38.827259+00:00,https://archives.nseindia.com/content/indices/ind_close_all_26022021.csv,0985afaca9da4a2dc84fe11e8d9e852a69f0332efd8102098d2f9930523eee4f
2021-02,Nifty Pharma,26-02-2021,33.22,4.91,.78,True,validated,False,2021-02-26,2026-10-04T17:25:38.827259+00:00,https://archives.nseindia.com/content/indices/ind_close_all_26022021.csv,0985afaca9da4a2dc84fe11e8d9e852a69f0332efd8102098d2f9930523eee4f
2021-02,Nifty PSU Bank,26-02-2021,74.28,.89,0,True,validated,False,2021-02-26,2026-10-04T17:25:38.827259+00:00,https://archives.nseindia.com/content/indices/ind_close_all_26022021.csv,0985afaca9da4a2dc84fe11e8d9e852a69f0332efd8102098d2f9930523eee4f
2021-02,Nifty Realty,26-02-2021,223.01,2.77,.58,True,validated,False,2021-02-26,2026-10-04T17:25:38.827259+00:00,https://archives.nseindia.com/content/indices/ind_close_all_26022021.csv,0985afaca9da4a2dc84fe11e8d9e852a69f0332efd8102098d2f9930523eee4f
2021-02,Nifty Private Bank,26-02-2021,34.93,3.3,.45,True,validated,False,2021-02-26,2026-10-04T17:25:38.827259+00:00,https://archives.nseindia.com/content/indices/ind_close_all_26022021.csv,0985afaca9da4a2dc84fe11e8d9e852a69f0332efd8102098d2f9930523eee4f
2021-02,Nifty Oil & Gas,26-02-2021,19.8,1.89,2.79,True,validated,False,2021-02-26,2026-10-04T17:25:38.827259+00:00,https://archives.nseindia.com/content/indices/ind_close_all_26022021.csv,0985afaca9da4a2dc84fe11e8d9e852a69f0332efd8102098d2f9930523eee4f
2021-02,Nifty Healthcare Index,26-02-2021,34.53,4.74,.71,True,validated,False,2021-02-26,2026-10-04T17:25:38.827259+00:00,https://archives.nseindia.com/content/indices/ind_close_all_26022021.csv,0985afaca9da4a2dc84fe11e8d9e852a69f0332efd8102098d2f9930523eee4f
2021-02,Nifty Consumer Durables,26-02-2021,102.97,12.63,.51,True,validated,False,2021-02-26,2026-10-04T17:25:38.827259+00:00,https://archives.nseindia.com/content/indices/ind_close_all_26022021.csv,0985afaca9da4a2dc84fe11e8d9e852a69f0332efd8102098d2f9930523eee4f
2021-03,Nifty 50,31-03-2021,33.2,4.2,.96,True,validated,False,2021-03-31,2026-10-04T17:29:41.856892+00:00,https://archives.nseindia.com/content/indices/ind_close_all_31032021.csv,dba33db817ec818cc7b3dc0098c3c09eaeacf09415d351dd8e1bb36b48708429
2021-03,Nifty Auto,31-03-2021,713.22,4.49,.57,True,validated,False,2021-03-31,2026-10-04T17:29:41.856892+00:00,https://archives.nseindia.com/content/indices/ind_close_all_31032021.csv,dba33db817ec818cc7b3dc0098c3c09eaeacf09415d351dd8e1bb36b48708429
2021-03,Nifty Bank,31-03-2021,25.87,3.03,,True,validated,False,2021-03-31,2026-10-04T17:29:41.856892+00:00,https://archives.nseindia.com/content/indices/ind_close_all_31032021.csv,dba33db817ec818cc7b3dc0098c3c09eaeacf09415d351dd8e1bb36b48708429
2021-03,Nifty Financial Services,31-03-2021,25.86,4.05,.24,True,validated,False,2021-03-31,2026-10-04T17:29:41.856892+00:00,https://archives.nseindia.com/content/indices/ind_close_all_31032021.csv,dba33db817ec818cc7b3dc0098c3c09eaeacf09415d351dd8e1bb36b48708429
2021-03,Nifty FMCG,31-03-2021,42.93,10.52,2.74,True,validated,False,2021-03-31,2026-10-04T17:29:41.856892+00:00,https://archives.nseindia.com/content/indices/ind_close_all_31032021.csv,dba33db817ec818cc7b3dc0098c3c09eaeacf09415d351dd8e1bb36b48708429
2021-03,Nifty IT,31-03-2021,28.65,8.32,1.29,True,validated,False,2021-03-31,2026-10-04T17:29:41.856892+00:00,https://archives.nseindia.com/content/indices/ind_close_all_31032021.csv,dba33db817ec818cc7b3dc0098c3c09eaeacf09415d351dd8e1bb36b48708429
2021-03,Nifty Metal,31-03-2021,27.26,1.78,2.38,True,validated,False,2021-03-31,2026-10-04T17:29:41.856892+00:00,https://archives.nseindia.com/content/indices/ind_close_all_31032021.csv,dba33db817ec818cc7b3dc0098c3c09eaeacf09415d351dd8e1bb36b48708429
2021-03,Nifty Pharma,31-03-2021,32.34,5.05,.48,True,validated,False,2021-03-31,2026-10-04T17:29:41.856892+00:00,https://archives.nseindia.com/content/indices/ind_close_all_31032021.csv,dba33db817ec818cc7b3dc0098c3c09eaeacf09415d351dd8e1bb36b48708429
2021-03,Nifty PSU Bank,31-03-2021,67.7,.79,,True,validated,False,2021-03-31,2026-10-04T17:29:41.856892+00:00,https://archives.nseindia.com/content/indices/ind_close_all_31032021.csv,dba33db817ec818cc7b3dc0098c3c09eaeacf09415d351dd8e1bb36b48708429
2021-03,Nifty Realty,31-03-2021,,2.77,.14,True,validated,False,2021-03-31,2026-10-04T17:29:41.856892+00:00,https://archives.nseindia.com/content/indices/ind_close_all_31032021.csv,dba33db817ec818cc7b3dc0098c3c09eaeacf09415d351dd8e1bb36b48708429
2021-03,Nifty Private Bank,31-03-2021,33.04,3.15,,True,validated,False,2021-03-31,2026-10-04T17:29:41.856892+00:00,https://archives.nseindia.com/content/indices/ind_close_all_31032021.csv,dba33db817ec818cc7b3dc0098c3c09eaeacf09415d351dd8e1bb36b48708429
2021-03,Nifty Oil & Gas,31-03-2021,17.26,1.91,2.62,True,validated,False,2021-03-31,2026-10-04T17:29:41.856892+00:00,https://archives.nseindia.com/content/indices/ind_close_all_31032021.csv,dba33db817ec818cc7b3dc0098c3c09eaeacf09415d351dd8e1bb36b48708429
2021-03,Nifty Healthcare Index,31-03-2021,34.85,4.92,.64,True,validated,False,2021-03-31,2026-10-04T17:29:41.856892+00:00,https://archives.nseindia.com/content/indices/ind_close_all_31032021.csv,dba33db817ec818cc7b3dc0098c3c09eaeacf09415d351dd8e1bb36b48708429
2021-03,Nifty Consumer Durables,31-03-2021,87.94,12.79,.32,True,validated,False,2021-03-31,2026-10-04T17:29:41.856892+00:00,https://archives.nseindia.com/content/indices/ind_close_all_31032021.csv,dba33db817ec818cc7b3dc0098c3c09eaeacf09415d351dd8e1bb36b48708429
2021-04,Nifty 50,30-04-2021,32.21,4.19,1,True,validated,False,2021-04-30,2026-10-04T17:29:41.958749+00:00,https://archives.nseindia.com/content/indices/ind_close_all_30042021.csv,a215f4f31d07a800f748a2c3c93b8ca1311d4cac1b75eba5480bbbd488273af6
2021-04,Nifty Auto,30-04-2021,737.27,4.39,.58,True,validated,False,2021-04-30,2026-10-04T17:29:41.958749+00:00,https://archives.nseindia.com/content/indices/ind_close_all_30042021.csv,a215f4f31d07a800f748a2c3c93b8ca1311d4cac1b75eba5480bbbd488273af6
2021-04,Nifty Bank,30-04-2021,24.18,2.98,,True,validated,False,2021-04-30,2026-10-04T17:29:41.958749+00:00,https://archives.nseindia.com/content/indices/ind_close_all_30042021.csv,a215f4f31d07a800f748a2c3c93b8ca1311d4cac1b75eba5480bbbd488273af6
2021-04,Nifty Financial Services,30-04-2021,24.45,4.01,.26,True,validated,False,2021-04-30,2026-10-04T17:29:41.958749+00:00,https://archives.nseindia.com/content/indices/ind_close_all_30042021.csv,a215f4f31d07a800f748a2c3c93b8ca1311d4cac1b75eba5480bbbd488273af6
2021-04,Nifty FMCG,30-04-2021,41.26,10.12,2.94,True,validated,False,2021-04-30,2026-10-04T17:29:41.958749+00:00,https://archives.nseindia.com/content/indices/ind_close_all_30042021.csv,a215f4f31d07a800f748a2c3c93b8ca1311d4cac1b75eba5480bbbd488273af6
2021-04,Nifty IT,30-04-2021,27.99,8.26,1.46,True,validated,False,2021-04-30,2026-10-04T17:29:41.958749+00:00,https://archives.nseindia.com/content/indices/ind_close_all_30042021.csv,a215f4f31d07a800f748a2c3c93b8ca1311d4cac1b75eba5480bbbd488273af6
2021-04,Nifty Metal,30-04-2021,33.21,2.2,1.93,True,validated,False,2021-04-30,2026-10-04T17:29:41.958749+00:00,https://archives.nseindia.com/content/indices/ind_close_all_30042021.csv,a215f4f31d07a800f748a2c3c93b8ca1311d4cac1b75eba5480bbbd488273af6
2021-04,Nifty Pharma,30-04-2021,35.5,5.54,.43,True,validated,False,2021-04-30,2026-10-04T17:29:41.958749+00:00,https://archives.nseindia.com/content/indices/ind_close_all_30042021.csv,a215f4f31d07a800f748a2c3c93b8ca1311d4cac1b75eba5480bbbd488273af6
2021-04,Nifty PSU Bank,30-04-2021,64.48,.75,,True,validated,False,2021-04-30,2026-10-04T17:29:41.958749+00:00,https://archives.nseindia.com/content/indices/ind_close_all_30042021.csv,a215f4f31d07a800f748a2c3c93b8ca1311d4cac1b75eba5480bbbd488273af6
2021-04,Nifty Realty,30-04-2021,755.03,2.57,.15,True,validated,False,2021-04-30,2026-10-04T17:29:41.958749+00:00,https://archives.nseindia.com/content/indices/ind_close_all_30042021.csv,a215f4f31d07a800f748a2c3c93b8ca1311d4cac1b75eba5480bbbd488273af6
2021-04,Nifty Private Bank,30-04-2021,30.53,3.12,,True,validated,False,2021-04-30,2026-10-04T17:29:41.958749+00:00,https://archives.nseindia.com/content/indices/ind_close_all_30042021.csv,a215f4f31d07a800f748a2c3c93b8ca1311d4cac1b75eba5480bbbd488273af6
2021-04,Nifty Oil & Gas,30-04-2021,17.54,1.95,2.61,True,validated,False,2021-04-30,2026-10-04T17:29:41.958749+00:00,https://archives.nseindia.com/content/indices/ind_close_all_30042021.csv,a215f4f31d07a800f748a2c3c93b8ca1311d4cac1b75eba5480bbbd488273af6
2021-04,Nifty Healthcare Index,30-04-2021,38.29,5.43,.66,True,validated,False,2021-04-30,2026-10-04T17:29:41.958749+00:00,https://archives.nseindia.com/content/indices/ind_close_all_30042021.csv,a215f4f31d07a800f748a2c3c93b8ca1311d4cac1b75eba5480bbbd488273af6
2021-04,Nifty Consumer Durables,30-04-2021,85.64,12.45,.33,True,validated,False,2021-04-30,2026-10-04T17:29:41.958749+00:00,https://archives.nseindia.com/content/indices/ind_close_all_30042021.csv,a215f4f31d07a800f748a2c3c93b8ca1311d4cac1b75eba5480bbbd488273af6
2021-05,Nifty 50,31-05-2021,29.22,4.39,1.06,True,validated,False,2021-05-31,2026-10-04T17:29:42.120472+00:00,https://archives.nseindia.com/content/indices/ind_close_all_31052021.csv,a1c57aa2b3abccbd0cd782108ecb33c4d644bf37029e3bdc92fb366795416995
2021-05,Nifty Auto,31-05-2021,211.6,4.77,.53,True,validated,False,2021-05-31,2026-10-04T17:29:42.120472+00:00,https://archives.nseindia.com/content/indices/ind_close_all_31052021.csv,a1c57aa2b3abccbd0cd782108ecb33c4d644bf37029e3bdc92fb366795416995
2021-05,Nifty Bank,31-05-2021,24.41,3.23,,True,validated,False,2021-05-31,2026-10-04T17:29:42.120472+00:00,https://archives.nseindia.com/content/indices/ind_close_all_31052021.csv,a1c57aa2b3abccbd0cd782108ecb33c4d644bf37029e3bdc92fb366795416995
2021-05,Nifty Financial Services,31-05-2021,24.51,4.3,.4,True,validated,False,2021-05-31,2026-10-04T17:29:42.120472+00:00,https://archives.nseindia.com/content/indices/ind_close_all_31052021.csv,a1c57aa2b3abccbd0cd782108ecb33c4d644bf37029e3bdc92fb366795416995
2021-05,Nifty FMCG,31-05-2021,41.6,8.77,2.89,True,validated,False,2021-05-31,2026-10-04T17:29:42.120472+00:00,https://archives.nseindia.com/content/indices/ind_close_all_31052021.csv,a1c57aa2b3abccbd0cd782108ecb33c4d644bf37029e3bdc92fb366795416995
2021-05,Nifty IT,31-05-2021,29.35,8.42,1.62,True,validated,False,2021-05-31,2026-10-04T17:29:42.120472+00:00,https://archives.nseindia.com/content/indices/ind_close_all_31052021.csv,a1c57aa2b3abccbd0cd782108ecb33c4d644bf37029e3bdc92fb366795416995
2021-05,Nifty Metal,31-05-2021,14.53,2.39,1.66,True,validated,False,2021-05-31,2026-10-04T17:29:42.120472+00:00,https://archives.nseindia.com/content/indices/ind_close_all_31052021.csv,a1c57aa2b3abccbd0cd782108ecb33c4d644bf37029e3bdc92fb366795416995
2021-05,Nifty Pharma,31-05-2021,35.92,5.78,.42,True,validated,False,2021-05-31,2026-10-04T17:29:42.120472+00:00,https://archives.nseindia.com/content/indices/ind_close_all_31052021.csv,a1c57aa2b3abccbd0cd782108ecb33c4d644bf37029e3bdc92fb366795416995
2021-05,Nifty PSU Bank,31-05-2021,22.48,.9,,True,validated,False,2021-05-31,2026-10-04T17:29:42.120472+00:00,https://archives.nseindia.com/content/indices/ind_close_all_31052021.csv,a1c57aa2b3abccbd0cd782108ecb33c4d644bf37029e3bdc92fb366795416995
2021-05,Nifty Realty,31-05-2021,,2.79,.14,True,validated,False,2021-05-31,2026-10-04T17:29:42.120472+00:00,https://archives.nseindia.com/content/indices/ind_close_all_31052021.csv,a1c57aa2b3abccbd0cd782108ecb33c4d644bf37029e3bdc92fb366795416995
2021-05,Nifty Private Bank,31-05-2021,29.04,3.31,,True,validated,False,2021-05-31,2026-10-04T17:29:42.120472+00:00,https://archives.nseindia.com/content/indices/ind_close_all_31052021.csv,a1c57aa2b3abccbd0cd782108ecb33c4d644bf37029e3bdc92fb366795416995
2021-05,Nifty Oil & Gas,31-05-2021,12,2.14,2.37,True,validated,False,2021-05-31,2026-10-04T17:29:42.120472+00:00,https://archives.nseindia.com/content/indices/ind_close_all_31052021.csv,a1c57aa2b3abccbd0cd782108ecb33c4d644bf37029e3bdc92fb366795416995
2021-05,Nifty Healthcare Index,31-05-2021,38.48,5.66,.53,True,validated,False,2021-05-31,2026-10-04T17:29:42.120472+00:00,https://archives.nseindia.com/content/indices/ind_close_all_31052021.csv,a1c57aa2b3abccbd0cd782108ecb33c4d644bf37029e3bdc92fb366795416995
2021-05,Nifty Consumer Durables,31-05-2021,75.65,13.13,.31,True,validated,False,2021-05-31,2026-10-04T17:29:42.120472+00:00,https://archives.nseindia.com/content/indices/ind_close_all_31052021.csv,a1c57aa2b3abccbd0cd782108ecb33c4d644bf37029e3bdc92fb366795416995
2021-06,Nifty 50,30-06-2021,28.33,4.24,1.26,True,validated,False,2021-06-30,2026-10-04T17:25:39.039943+00:00,https://archives.nseindia.com/content/indices/ind_close_all_30062021.csv,139b66cb959c44ee34cfeb8a9af08e6e3ba7c596dae780e241b60e723ac5d51e
2021-06,Nifty Auto,30-06-2021,94.51,4.71,.56,True,validated,False,2021-06-30,2026-10-04T17:25:39.039943+00:00,https://archives.nseindia.com/content/indices/ind_close_all_30062021.csv,139b66cb959c44ee34cfeb8a9af08e6e3ba7c596dae780e241b60e723ac5d51e
2021-06,Nifty Bank,30-06-2021,23.75,3,.24,True,validated,False,2021-06-30,2026-10-04T17:25:39.039943+00:00,https://archives.nseindia.com/content/indices/ind_close_all_30062021.csv,139b66cb959c44ee34cfeb8a9af08e6e3ba7c596dae780e241b60e723ac5d51e
2021-06,Nifty Financial Services,30-06-2021,23.78,4.01,.58,True,validated,False,2021-06-30,2026-10-04T17:25:39.039943+00:00,https://archives.nseindia.com/content/indices/ind_close_all_30062021.csv,139b66cb959c44ee34cfeb8a9af08e6e3ba7c596dae780e241b60e723ac5d51e
2021-06,Nifty FMCG,30-06-2021,42.08,8.87,3.55,True,validated,False,2021-06-30,2026-10-04T17:25:39.039943+00:00,https://archives.nseindia.com/content/indices/ind_close_all_30062021.csv,139b66cb959c44ee34cfeb8a9af08e6e3ba7c596dae780e241b60e723ac5d51e
2021-06,Nifty IT,30-06-2021,31.87,9.11,1.49,True,validated,False,2021-06-30,2026-10-04T17:25:39.039943+00:00,https://archives.nseindia.com/content/indices/ind_close_all_30062021.csv,139b66cb959c44ee34cfeb8a9af08e6e3ba7c596dae780e241b60e723ac5d51e
2021-06,Nifty Metal,30-06-2021,13.92,2.29,2.13,True,validated,False,2021-06-30,2026-10-04T17:25:39.039943+00:00,https://archives.nseindia.com/content/indices/ind_close_all_30062021.csv,139b66cb959c44ee34cfeb8a9af08e6e3ba7c596dae780e241b60e723ac5d51e
2021-06,Nifty Pharma,30-06-2021,36.44,5.89,.43,True,validated,False,2021-06-30,2026-10-04T17:25:39.039943+00:00,https://archives.nseindia.com/content/indices/ind_close_all_30062021.csv,139b66cb959c44ee34cfeb8a9af08e6e3ba7c596dae780e241b60e723ac5d51e
2021-06,Nifty PSU Bank,30-06-2021,15.12,.91,.27,True,validated,False,2021-06-30,2026-10-04T17:25:39.039943+00:00,https://archives.nseindia.com/content/indices/ind_close_all_30062021.csv,139b66cb959c44ee34cfeb8a9af08e6e3ba7c596dae780e241b60e723ac5d51e
2021-06,Nifty Realty,30-06-2021,60.64,2.83,.13,True,validated,False,2021-06-30,2026-10-04T17:25:39.039943+00:00,https://archives.nseindia.com/content/indices/ind_close_all_30062021.csv,139b66cb959c44ee34cfeb8a9af08e6e3ba7c596dae780e241b60e723ac5d51e
2021-06,Nifty Private Bank,30-06-2021,28.44,3.1,.11,True,validated,False,2021-06-30,2026-10-04T17:25:39.039943+00:00,https://archives.nseindia.com/content/indices/ind_close_all_30062021.csv,139b66cb959c44ee34cfeb8a9af08e6e3ba7c596dae780e241b60e723ac5d51e
2021-06,Nifty Oil & Gas,30-06-2021,10.66,2.07,2.43,True,validated,False,2021-06-30,2026-10-04T17:25:39.039943+00:00,https://archives.nseindia.com/content/indices/ind_close_all_30062021.csv,139b66cb959c44ee34cfeb8a9af08e6e3ba7c596dae780e241b60e723ac5d51e
2021-06,Nifty Healthcare Index,30-06-2021,39.85,5.93,.46,True,validated,False,2021-06-30,2026-10-04T17:25:39.039943+00:00,https://archives.nseindia.com/content/indices/ind_close_all_30062021.csv,139b66cb959c44ee34cfeb8a9af08e6e3ba7c596dae780e241b60e723ac5d51e
2021-06,Nifty Consumer Durables,30-06-2021,77.08,13.46,.34,True,validated,False,2021-06-30,2026-10-04T17:25:39.039943+00:00,https://archives.nseindia.com/content/indices/ind_close_all_30062021.csv,139b66cb959c44ee34cfeb8a9af08e6e3ba7c596dae780e241b60e723ac5d51e
2021-07,Nifty 50,30-07-2021,27.01,4.12,1.18,True,validated,False,2021-07-30,2026-10-04T17:25:39.504902+00:00,https://archives.nseindia.com/content/indices/ind_close_all_30072021.csv,5c5b3837e618b8b495aadf78b2450333a4d39cad161fb3875b29e532f8c4441b
2021-07,Nifty Auto,30-07-2021,60.37,4.3,1.19,True,validated,False,2021-07-30,2026-10-04T17:25:39.504902+00:00,https://archives.nseindia.com/content/indices/ind_close_all_30072021.csv,5c5b3837e618b8b495aadf78b2450333a4d39cad161fb3875b29e532f8c4441b
2021-07,Nifty Bank,30-07-2021,22.57,2.85,.33,True,validated,False,2021-07-30,2026-10-04T17:25:39.504902+00:00,https://archives.nseindia.com/content/indices/ind_close_all_30072021.csv,5c5b3837e618b8b495aadf78b2450333a4d39cad161fb3875b29e532f8c4441b
2021-07,Nifty Financial Services,30-07-2021,23.39,3.78,.52,True,validated,False,2021-07-30,2026-10-04T17:25:39.504902+00:00,https://archives.nseindia.com/content/indices/ind_close_all_30072021.csv,5c5b3837e618b8b495aadf78b2450333a4d39cad161fb3875b29e532f8c4441b
2021-07,Nifty FMCG,30-07-2021,40.03,9.21,2.29,True,validated,False,2021-07-30,2026-10-04T17:25:39.504902+00:00,https://archives.nseindia.com/content/indices/ind_close_all_30072021.csv,5c5b3837e618b8b495aadf78b2450333a4d39cad161fb3875b29e532f8c4441b
2021-07,Nifty IT,30-07-2021,31.78,9.33,1.63,True,validated,False,2021-07-30,2026-10-04T17:25:39.504902+00:00,https://archives.nseindia.com/content/indices/ind_close_all_30072021.csv,5c5b3837e618b8b495aadf78b2450333a4d39cad161fb3875b29e532f8c4441b
2021-07,Nifty Metal,30-07-2021,13.49,2.46,2.05,True,validated,False,2021-07-30,2026-10-04T17:25:39.504902+00:00,https://archives.nseindia.com/content/indices/ind_close_all_30072021.csv,5c5b3837e618b8b495aadf78b2450333a4d39cad161fb3875b29e532f8c4441b
2021-07,Nifty Pharma,30-07-2021,37.4,5.68,.49,True,validated,False,2021-07-30,2026-10-04T17:25:39.504902+00:00,https://archives.nseindia.com/content/indices/ind_close_all_30072021.csv,5c5b3837e618b8b495aadf78b2450333a4d39cad161fb3875b29e532f8c4441b
2021-07,Nifty PSU Bank,30-07-2021,13.13,.72,.36,True,validated,False,2021-07-30,2026-10-04T17:25:39.504902+00:00,https://archives.nseindia.com/content/indices/ind_close_all_30072021.csv,5c5b3837e618b8b495aadf78b2450333a4d39cad161fb3875b29e532f8c4441b
2021-07,Nifty Realty,30-07-2021,65.98,3.08,.09,True,validated,False,2021-07-30,2026-10-04T17:25:39.504902+00:00,https://archives.nseindia.com/content/indices/ind_close_all_30072021.csv,5c5b3837e618b8b495aadf78b2450333a4d39cad161fb3875b29e532f8c4441b
2021-07,Nifty Private Bank,30-07-2021,26.09,2.94,.23,True,validated,False,2021-07-30,2026-10-04T17:25:39.504902+00:00,https://archives.nseindia.com/content/indices/ind_close_all_30072021.csv,5c5b3837e618b8b495aadf78b2450333a4d39cad161fb3875b29e532f8c4441b
2021-07,Nifty Oil & Gas,30-07-2021,10.21,1.99,2.55,True,validated,False,2021-07-30,2026-10-04T17:25:39.504902+00:00,https://archives.nseindia.com/content/indices/ind_close_all_30072021.csv,5c5b3837e618b8b495aadf78b2450333a4d39cad161fb3875b29e532f8c4441b
2021-07,Nifty Healthcare Index,30-07-2021,40.88,5.77,.53,True,validated,False,2021-07-30,2026-10-04T17:25:39.504902+00:00,https://archives.nseindia.com/content/indices/ind_close_all_30072021.csv,5c5b3837e618b8b495aadf78b2450333a4d39cad161fb3875b29e532f8c4441b
2021-07,Nifty Consumer Durables,30-07-2021,76.89,13.22,.49,True,validated,False,2021-07-30,2026-10-04T17:25:39.504902+00:00,https://archives.nseindia.com/content/indices/ind_close_all_30072021.csv,5c5b3837e618b8b495aadf78b2450333a4d39cad161fb3875b29e532f8c4441b
2021-08,Nifty 50,31-08-2021,26.25,4.33,1.05,True,validated,False,2021-08-31,2026-10-04T17:25:39.901586+00:00,https://archives.nseindia.com/content/indices/ind_close_all_31082021.csv,c3e62461e9413ca5bb4225db61fbd3435ef08e58d5d3ff088d6ac9744a08018a
2021-08,Nifty Auto,31-08-2021,55.19,4.17,1.21,True,validated,False,2021-08-31,2026-10-04T17:25:39.901586+00:00,https://archives.nseindia.com/content/indices/ind_close_all_31082021.csv,c3e62461e9413ca5bb4225db61fbd3435ef08e58d5d3ff088d6ac9744a08018a
2021-08,Nifty Bank,31-08-2021,23.87,2.77,.34,True,validated,False,2021-08-31,2026-10-04T17:25:39.901586+00:00,https://archives.nseindia.com/content/indices/ind_close_all_31082021.csv,c3e62461e9413ca5bb4225db61fbd3435ef08e58d5d3ff088d6ac9744a08018a
2021-08,Nifty Financial Services,31-08-2021,25.14,3.92,.5,True,validated,False,2021-08-31,2026-10-04T17:25:39.901586+00:00,https://archives.nseindia.com/content/indices/ind_close_all_31082021.csv,c3e62461e9413ca5bb4225db61fbd3435ef08e58d5d3ff088d6ac9744a08018a
2021-08,Nifty FMCG,31-08-2021,44.02,10.15,1.96,True,validated,False,2021-08-31,2026-10-04T17:25:39.901586+00:00,https://archives.nseindia.com/content/indices/ind_close_all_31082021.csv,c3e62461e9413ca5bb4225db61fbd3435ef08e58d5d3ff088d6ac9744a08018a
2021-08,Nifty IT,31-08-2021,35.66,10.38,1.44,True,validated,False,2021-08-31,2026-10-04T17:25:39.901586+00:00,https://archives.nseindia.com/content/indices/ind_close_all_31082021.csv,c3e62461e9413ca5bb4225db61fbd3435ef08e58d5d3ff088d6ac9744a08018a
2021-08,Nifty Metal,31-08-2021,8.98,2.43,2.01,True,validated,False,2021-08-31,2026-10-04T17:25:39.901586+00:00,https://archives.nseindia.com/content/indices/ind_close_all_31082021.csv,c3e62461e9413ca5bb4225db61fbd3435ef08e58d5d3ff088d6ac9744a08018a
2021-08,Nifty Pharma,31-08-2021,30.54,5.27,.63,True,validated,False,2021-08-31,2026-10-04T17:25:39.901586+00:00,https://archives.nseindia.com/content/indices/ind_close_all_31082021.csv,c3e62461e9413ca5bb4225db61fbd3435ef08e58d5d3ff088d6ac9744a08018a
2021-08,Nifty PSU Bank,31-08-2021,10.8,.69,.36,True,validated,False,2021-08-31,2026-10-04T17:25:39.901586+00:00,https://archives.nseindia.com/content/indices/ind_close_all_31082021.csv,c3e62461e9413ca5bb4225db61fbd3435ef08e58d5d3ff088d6ac9744a08018a
2021-08,Nifty Realty,31-08-2021,57.09,2.96,.28,True,validated,False,2021-08-31,2026-10-04T17:25:39.901586+00:00,https://archives.nseindia.com/content/indices/ind_close_all_31082021.csv,c3e62461e9413ca5bb4225db61fbd3435ef08e58d5d3ff088d6ac9744a08018a
2021-08,Nifty Private Bank,31-08-2021,28.83,2.68,.28,True,validated,False,2021-08-31,2026-10-04T17:25:39.901586+00:00,https://archives.nseindia.com/content/indices/ind_close_all_31082021.csv,c3e62461e9413ca5bb4225db61fbd3435ef08e58d5d3ff088d6ac9744a08018a
2021-08,Nifty Oil & Gas,31-08-2021,10.03,2.15,2.44,True,validated,False,2021-08-31,2026-10-04T17:25:39.901586+00:00,https://archives.nseindia.com/content/indices/ind_close_all_31082021.csv,c3e62461e9413ca5bb4225db61fbd3435ef08e58d5d3ff088d6ac9744a08018a
2021-08,Nifty Healthcare Index,31-08-2021,33.72,5.63,.6,True,validated,False,2021-08-31,2026-10-04T17:25:39.901586+00:00,https://archives.nseindia.com/content/indices/ind_close_all_31082021.csv,c3e62461e9413ca5bb4225db61fbd3435ef08e58d5d3ff088d6ac9744a08018a
2021-08,Nifty Consumer Durables,31-08-2021,71.69,13.33,.42,True,validated,False,2021-08-31,2026-10-04T17:25:39.901586+00:00,https://archives.nseindia.com/content/indices/ind_close_all_31082021.csv,c3e62461e9413ca5bb4225db61fbd3435ef08e58d5d3ff088d6ac9744a08018a
2021-09,Nifty 50,30-09-2021,26.98,4.41,1.17,True,validated,False,2021-09-30,2026-10-04T17:25:40.115020+00:00,https://archives.nseindia.com/content/indices/ind_close_all_30092021.csv,2bb3d0bf7b3a40288fddfc5212901a639ef012f9024f571fc8b1d4ebcc4bf6d5
2021-09,Nifty Auto,30-09-2021,58.33,4.41,1.14,True,validated,False,2021-09-30,2026-10-04T17:25:40.115020+00:00,https://archives.nseindia.com/content/indices/ind_close_all_30092021.csv,2bb3d0bf7b3a40288fddfc5212901a639ef012f9024f571fc8b1d4ebcc4bf6d5
2021-09,Nifty Bank,30-09-2021,24.32,2.81,.33,True,validated,False,2021-09-30,2026-10-04T17:25:40.115020+00:00,https://archives.nseindia.com/content/indices/ind_close_all_30092021.csv,2bb3d0bf7b3a40288fddfc5212901a639ef012f9024f571fc8b1d4ebcc4bf6d5
2021-09,Nifty Financial Services,30-09-2021,25.58,3.94,.5,True,validated,False,2021-09-30,2026-10-04T17:25:40.115020+00:00,https://archives.nseindia.com/content/indices/ind_close_all_30092021.csv,2bb3d0bf7b3a40288fddfc5212901a639ef012f9024f571fc8b1d4ebcc4bf6d5
2021-09,Nifty FMCG,30-09-2021,44.07,10.13,1.95,True,validated,False,2021-09-30,2026-10-04T17:25:40.115020+00:00,https://archives.nseindia.com/content/indices/ind_close_all_30092021.csv,2bb3d0bf7b3a40288fddfc5212901a639ef012f9024f571fc8b1d4ebcc4bf6d5
2021-09,Nifty IT,30-09-2021,36.81,10.66,1.43,True,validated,False,2021-09-30,2026-10-04T17:25:40.115020+00:00,https://archives.nseindia.com/content/indices/ind_close_all_30092021.csv,2bb3d0bf7b3a40288fddfc5212901a639ef012f9024f571fc8b1d4ebcc4bf6d5
2021-09,Nifty Metal,30-09-2021,8.8,2.37,2.81,True,validated,False,2021-09-30,2026-10-04T17:25:40.115020+00:00,https://archives.nseindia.com/content/indices/ind_close_all_30092021.csv,2bb3d0bf7b3a40288fddfc5212901a639ef012f9024f571fc8b1d4ebcc4bf6d5
2021-09,Nifty Pharma,30-09-2021,31.04,5.16,.6,True,validated,False,2021-09-30,2026-10-04T17:25:40.115020+00:00,https://archives.nseindia.com/content/indices/ind_close_all_30092021.csv,2bb3d0bf7b3a40288fddfc5212901a639ef012f9024f571fc8b1d4ebcc4bf6d5
2021-09,Nifty PSU Bank,30-09-2021,11.51,.73,.33,True,validated,False,2021-09-30,2026-10-04T17:25:40.115020+00:00,https://archives.nseindia.com/content/indices/ind_close_all_30092021.csv,2bb3d0bf7b3a40288fddfc5212901a639ef012f9024f571fc8b1d4ebcc4bf6d5
2021-09,Nifty Realty,30-09-2021,75.26,3.98,.19,True,validated,False,2021-09-30,2026-10-04T17:25:40.115020+00:00,https://archives.nseindia.com/content/indices/ind_close_all_30092021.csv,2bb3d0bf7b3a40288fddfc5212901a639ef012f9024f571fc8b1d4ebcc4bf6d5
2021-09,Nifty Private Bank,30-09-2021,26.53,2.85,.27,True,validated,False,2021-09-30,2026-10-04T17:25:40.115020+00:00,https://archives.nseindia.com/content/indices/ind_close_all_30092021.csv,2bb3d0bf7b3a40288fddfc5212901a639ef012f9024f571fc8b1d4ebcc4bf6d5
2021-09,Nifty Oil & Gas,30-09-2021,10.41,2.08,3.81,True,validated,False,2021-09-30,2026-10-04T17:25:40.115020+00:00,https://archives.nseindia.com/content/indices/ind_close_all_30092021.csv,2bb3d0bf7b3a40288fddfc5212901a639ef012f9024f571fc8b1d4ebcc4bf6d5
2021-09,Nifty Healthcare Index,30-09-2021,32.38,5.5,.56,True,validated,False,2021-09-30,2026-10-04T17:25:40.115020+00:00,https://archives.nseindia.com/content/indices/ind_close_all_30092021.csv,2bb3d0bf7b3a40288fddfc5212901a639ef012f9024f571fc8b1d4ebcc4bf6d5
2021-09,Nifty Consumer Durables,30-09-2021,77.88,14.16,.39,True,validated,False,2021-09-30,2026-10-04T17:25:40.115020+00:00,https://archives.nseindia.com/content/indices/ind_close_all_30092021.csv,2bb3d0bf7b3a40288fddfc5212901a639ef012f9024f571fc8b1d4ebcc4bf6d5
2021-10,Nifty 50,29-10-2021,25.71,4.43,1.13,True,validated,False,2021-10-29,2026-10-04T17:25:40.747695+00:00,https://archives.nseindia.com/content/indices/ind_close_all_29102021.csv,5527784e590cadf65940450ab438761a914c098dc72ac118762923a5821b4fc3
2021-10,Nifty Auto,29-10-2021,61.83,4.7,1.07,True,validated,False,2021-10-29,2026-10-04T17:25:40.747695+00:00,https://archives.nseindia.com/content/indices/ind_close_all_29102021.csv,5527784e590cadf65940450ab438761a914c098dc72ac118762923a5821b4fc3
2021-10,Nifty Bank,29-10-2021,24.06,2.94,.32,True,validated,False,2021-10-29,2026-10-04T17:25:40.747695+00:00,https://archives.nseindia.com/content/indices/ind_close_all_29102021.csv,5527784e590cadf65940450ab438761a914c098dc72ac118762923a5821b4fc3
2021-10,Nifty Financial Services,29-10-2021,25.43,4.05,.49,True,validated,False,2021-10-29,2026-10-04T17:25:40.747695+00:00,https://archives.nseindia.com/content/indices/ind_close_all_29102021.csv,5527784e590cadf65940450ab438761a914c098dc72ac118762923a5821b4fc3
2021-10,Nifty FMCG,29-10-2021,40.73,9.56,2.03,True,validated,False,2021-10-29,2026-10-04T17:25:40.747695+00:00,https://archives.nseindia.com/content/indices/ind_close_all_29102021.csv,5527784e590cadf65940450ab438761a914c098dc72ac118762923a5821b4fc3
2021-10,Nifty IT,29-10-2021,34.63,10.47,1.42,True,validated,False,2021-10-29,2026-10-04T17:25:40.747695+00:00,https://archives.nseindia.com/content/indices/ind_close_all_29102021.csv,5527784e590cadf65940450ab438761a914c098dc72ac118762923a5821b4fc3
2021-10,Nifty Metal,29-10-2021,8.37,2.3,2.42,True,validated,False,2021-10-29,2026-10-04T17:25:40.747695+00:00,https://archives.nseindia.com/content/indices/ind_close_all_29102021.csv,5527784e590cadf65940450ab438761a914c098dc72ac118762923a5821b4fc3
2021-10,Nifty Pharma,29-10-2021,29.73,4.95,.63,True,validated,False,2021-10-29,2026-10-04T17:25:40.747695+00:00,https://archives.nseindia.com/content/indices/ind_close_all_29102021.csv,5527784e590cadf65940450ab438761a914c098dc72ac118762923a5821b4fc3
2021-10,Nifty PSU Bank,29-10-2021,12.42,.83,.29,True,validated,False,2021-10-29,2026-10-04T17:25:40.747695+00:00,https://archives.nseindia.com/content/indices/ind_close_all_29102021.csv,5527784e590cadf65940450ab438761a914c098dc72ac118762923a5821b4fc3
2021-10,Nifty Realty,29-10-2021,69.89,3.87,.19,True,validated,False,2021-10-29,2026-10-04T17:25:40.747695+00:00,https://archives.nseindia.com/content/indices/ind_close_all_29102021.csv,5527784e590cadf65940450ab438761a914c098dc72ac118762923a5821b4fc3
2021-10,Nifty Private Bank,29-10-2021,25.64,2.96,.26,True,validated,False,2021-10-29,2026-10-04T17:25:40.747695+00:00,https://archives.nseindia.com/content/indices/ind_close_all_29102021.csv,5527784e590cadf65940450ab438761a914c098dc72ac118762923a5821b4fc3
2021-10,Nifty Oil & Gas,29-10-2021,10.22,2.05,3.84,True,validated,False,2021-10-29,2026-10-04T17:25:40.747695+00:00,https://archives.nseindia.com/content/indices/ind_close_all_29102021.csv,5527784e590cadf65940450ab438761a914c098dc72ac118762923a5821b4fc3
2021-10,Nifty Healthcare Index,29-10-2021,31.02,5.27,.58,True,validated,False,2021-10-29,2026-10-04T17:25:40.747695+00:00,https://archives.nseindia.com/content/indices/ind_close_all_29102021.csv,5527784e590cadf65940450ab438761a914c098dc72ac118762923a5821b4fc3
2021-10,Nifty Consumer Durables,29-10-2021,75.58,14.76,.4,True,validated,False,2021-10-29,2026-10-04T17:25:40.747695+00:00,https://archives.nseindia.com/content/indices/ind_close_all_29102021.csv,5527784e590cadf65940450ab438761a914c098dc72ac118762923a5821b4fc3
2021-11,Nifty 50,30-11-2021,23.43,4.25,1.19,True,validated,False,2021-11-30,2026-10-04T17:25:40.984475+00:00,https://archives.nseindia.com/content/indices/ind_close_all_30112021.csv,efcb631e03b7188199cf4fc187fff2bf754d2f3a0c78463adb07f955f4b19545
2021-11,Nifty Auto,30-11-2021,58.86,4.41,1.16,True,validated,False,2021-11-30,2026-10-04T17:25:40.984475+00:00,https://archives.nseindia.com/content/indices/ind_close_all_30112021.csv,efcb631e03b7188199cf4fc187fff2bf754d2f3a0c78463adb07f955f4b19545
2021-11,Nifty Bank,30-11-2021,22.05,2.68,.35,True,validated,False,2021-11-30,2026-10-04T17:25:40.984475+00:00,https://archives.nseindia.com/content/indices/ind_close_all_30112021.csv,efcb631e03b7188199cf4fc187fff2bf754d2f3a0c78463adb07f955f4b19545
2021-11,Nifty Financial Services,30-11-2021,23.08,3.78,.52,True,validated,False,2021-11-30,2026-10-04T17:25:40.984475+00:00,https://archives.nseindia.com/content/indices/ind_close_all_30112021.csv,efcb631e03b7188199cf4fc187fff2bf754d2f3a0c78463adb07f955f4b19545
2021-11,Nifty FMCG,30-11-2021,39.77,9.37,2.12,True,validated,False,2021-11-30,2026-10-04T17:25:40.984475+00:00,https://archives.nseindia.com/content/indices/ind_close_all_30112021.csv,efcb631e03b7188199cf4fc187fff2bf754d2f3a0c78463adb07f955f4b19545
2021-11,Nifty IT,30-11-2021,35.27,10.66,1.5,True,validated,False,2021-11-30,2026-10-04T17:25:40.984475+00:00,https://archives.nseindia.com/content/indices/ind_close_all_30112021.csv,efcb631e03b7188199cf4fc187fff2bf754d2f3a0c78463adb07f955f4b19545
2021-11,Nifty Metal,30-11-2021,6.31,2.15,2.39,True,validated,False,2021-11-30,2026-10-04T17:25:40.984475+00:00,https://archives.nseindia.com/content/indices/ind_close_all_30112021.csv,efcb631e03b7188199cf4fc187fff2bf754d2f3a0c78463adb07f955f4b19545
2021-11,Nifty Pharma,30-11-2021,31.97,4.87,.63,True,validated,False,2021-11-30,2026-10-04T17:25:40.984475+00:00,https://archives.nseindia.com/content/indices/ind_close_all_30112021.csv,efcb631e03b7188199cf4fc187fff2bf754d2f3a0c78463adb07f955f4b19545
2021-11,Nifty PSU Bank,30-11-2021,10.08,.75,.32,True,validated,False,2021-11-30,2026-10-04T17:25:40.984475+00:00,https://archives.nseindia.com/content/indices/ind_close_all_30112021.csv,efcb631e03b7188199cf4fc187fff2bf754d2f3a0c78463adb07f955f4b19545
2021-11,Nifty Realty,30-11-2021,61.78,3.96,.19,True,validated,False,2021-11-30,2026-10-04T17:25:40.984475+00:00,https://archives.nseindia.com/content/indices/ind_close_all_30112021.csv,efcb631e03b7188199cf4fc187fff2bf754d2f3a0c78463adb07f955f4b19545
2021-11,Nifty Private Bank,30-11-2021,25.06,2.67,.29,True,validated,False,2021-11-30,2026-10-04T17:25:40.984475+00:00,https://archives.nseindia.com/content/indices/ind_close_all_30112021.csv,efcb631e03b7188199cf4fc187fff2bf754d2f3a0c78463adb07f955f4b19545
2021-11,Nifty Oil & Gas,30-11-2021,8.86,1.97,4.9,True,validated,False,2021-11-30,2026-10-04T17:25:40.984475+00:00,https://archives.nseindia.com/content/indices/ind_close_all_30112021.csv,efcb631e03b7188199cf4fc187fff2bf754d2f3a0c78463adb07f955f4b19545
2021-11,Nifty Healthcare Index,30-11-2021,34.04,5.38,.57,True,validated,False,2021-11-30,2026-10-04T17:25:40.984475+00:00,https://archives.nseindia.com/content/indices/ind_close_all_30112021.csv,efcb631e03b7188199cf4fc187fff2bf754d2f3a0c78463adb07f955f4b19545
2021-11,Nifty Consumer Durables,30-11-2021,71.74,14.78,.35,True,validated,False,2021-11-30,2026-10-04T17:25:40.984475+00:00,https://archives.nseindia.com/content/indices/ind_close_all_30112021.csv,efcb631e03b7188199cf4fc187fff2bf754d2f3a0c78463adb07f955f4b19545
2021-12,Nifty 50,31-12-2021,24.11,4.37,1.19,True,validated,False,2021-12-31,2026-10-04T17:25:41.214506+00:00,https://archives.nseindia.com/content/indices/ind_close_all_31122021.csv,d91f3b16595539a2dff29b9408e83e6c7ba9168cbc9c394474c7cea8431bcb6e
2021-12,Nifty Auto,31-12-2021,60.71,4.55,1.12,True,validated,False,2021-12-31,2026-10-04T17:25:41.214506+00:00,https://archives.nseindia.com/content/indices/ind_close_all_31122021.csv,d91f3b16595539a2dff29b9408e83e6c7ba9168cbc9c394474c7cea8431bcb6e
2021-12,Nifty Bank,31-12-2021,22.33,2.62,.34,True,validated,False,2021-12-31,2026-10-04T17:25:41.214506+00:00,https://archives.nseindia.com/content/indices/ind_close_all_31122021.csv,d91f3b16595539a2dff29b9408e83e6c7ba9168cbc9c394474c7cea8431bcb6e
2021-12,Nifty Financial Services,31-12-2021,22.85,3.74,.53,True,validated,False,2021-12-31,2026-10-04T17:25:41.214506+00:00,https://archives.nseindia.com/content/indices/ind_close_all_31122021.csv,d91f3b16595539a2dff29b9408e83e6c7ba9168cbc9c394474c7cea8431bcb6e
2021-12,Nifty FMCG,31-12-2021,39.77,9.37,2.08,True,validated,False,2021-12-31,2026-10-04T17:25:41.214506+00:00,https://archives.nseindia.com/content/indices/ind_close_all_31122021.csv,d91f3b16595539a2dff29b9408e83e6c7ba9168cbc9c394474c7cea8431bcb6e
2021-12,Nifty IT,31-12-2021,38.91,11.93,1.34,True,validated,False,2021-12-31,2026-10-04T17:25:41.214506+00:00,https://archives.nseindia.com/content/indices/ind_close_all_31122021.csv,d91f3b16595539a2dff29b9408e83e6c7ba9168cbc9c394474c7cea8431bcb6e
2021-12,Nifty Metal,31-12-2021,6.67,2.27,3.44,True,validated,False,2021-12-31,2026-10-04T17:25:41.214506+00:00,https://archives.nseindia.com/content/indices/ind_close_all_31122021.csv,d91f3b16595539a2dff29b9408e83e6c7ba9168cbc9c394474c7cea8431bcb6e
2021-12,Nifty Pharma,31-12-2021,33.31,5.07,.61,True,validated,False,2021-12-31,2026-10-04T17:25:41.214506+00:00,https://archives.nseindia.com/content/indices/ind_close_all_31122021.csv,d91f3b16595539a2dff29b9408e83e6c7ba9168cbc9c394474c7cea8431bcb6e
2021-12,Nifty PSU Bank,31-12-2021,10.07,.75,.33,True,validated,False,2021-12-31,2026-10-04T17:25:41.214506+00:00,https://archives.nseindia.com/content/indices/ind_close_all_31122021.csv,d91f3b16595539a2dff29b9408e83e6c7ba9168cbc9c394474c7cea8431bcb6e
2021-12,Nifty Realty,31-12-2021,61.66,3.91,.19,True,validated,False,2021-12-31,2026-10-04T17:25:41.214506+00:00,https://archives.nseindia.com/content/indices/ind_close_all_31122021.csv,d91f3b16595539a2dff29b9408e83e6c7ba9168cbc9c394474c7cea8431bcb6e
2021-12,Nifty Private Bank,31-12-2021,24.81,2.57,.3,True,validated,False,2021-12-31,2026-10-04T17:25:41.214506+00:00,https://archives.nseindia.com/content/indices/ind_close_all_31122021.csv,d91f3b16595539a2dff29b9408e83e6c7ba9168cbc9c394474c7cea8431bcb6e
2021-12,Nifty Oil & Gas,31-12-2021,8.93,1.99,5.05,True,validated,False,2021-12-31,2026-10-04T17:25:41.214506+00:00,https://archives.nseindia.com/content/indices/ind_close_all_31122021.csv,d91f3b16595539a2dff29b9408e83e6c7ba9168cbc9c394474c7cea8431bcb6e
2021-12,Nifty Healthcare Index,31-12-2021,34.73,5.49,.55,True,validated,False,2021-12-31,2026-10-04T17:25:41.214506+00:00,https://archives.nseindia.com/content/indices/ind_close_all_31122021.csv,d91f3b16595539a2dff29b9408e83e6c7ba9168cbc9c394474c7cea8431bcb6e
2021-12,Nifty Consumer Durables,31-12-2021,72.97,14.98,.35,True,validated,False,2021-12-31,2026-10-04T17:25:41.214506+00:00,https://archives.nseindia.com/content/indices/ind_close_all_31122021.csv,d91f3b16595539a2dff29b9408e83e6c7ba9168cbc9c394474c7cea8431bcb6e
2022-01,Nifty 50,31-01-2022,23.42,4.37,1.2,True,validated,False,2022-01-31,2026-10-04T17:25:41.437456+00:00,https://archives.nseindia.com/content/indices/ind_close_all_31012022.csv,f5cc5349380ca07edb2d8c1fced7f6c18f31bf470a2bc37994ec18bd5d504d28
2022-01,Nifty Auto,31-01-2022,69.55,4.87,1.05,True,validated,False,2022-01-31,2026-10-04T17:25:41.437456+00:00,https://archives.nseindia.com/content/indices/ind_close_all_31012022.csv,f5cc5349380ca07edb2d8c1fced7f6c18f31bf470a2bc37994ec18bd5d504d28
2022-01,Nifty Bank,31-01-2022,22.48,2.81,.32,True,validated,False,2022-01-31,2026-10-04T17:25:41.437456+00:00,https://archives.nseindia.com/content/indices/ind_close_all_31012022.csv,f5cc5349380ca07edb2d8c1fced7f6c18f31bf470a2bc37994ec18bd5d504d28
2022-01,Nifty Financial Services,31-01-2022,22.58,3.85,.52,True,validated,False,2022-01-31,2026-10-04T17:25:41.437456+00:00,https://archives.nseindia.com/content/indices/ind_close_all_31012022.csv,f5cc5349380ca07edb2d8c1fced7f6c18f31bf470a2bc37994ec18bd5d504d28
2022-01,Nifty FMCG,31-01-2022,38.3,9.09,2.14,True,validated,False,2022-01-31,2026-10-04T17:25:41.437456+00:00,https://archives.nseindia.com/content/indices/ind_close_all_31012022.csv,f5cc5349380ca07edb2d8c1fced7f6c18f31bf470a2bc37994ec18bd5d504d28
2022-01,Nifty IT,31-01-2022,34.38,10.74,1.55,True,validated,False,2022-01-31,2026-10-04T17:25:41.437456+00:00,https://archives.nseindia.com/content/indices/ind_close_all_31012022.csv,f5cc5349380ca07edb2d8c1fced7f6c18f31bf470a2bc37994ec18bd5d504d28
2022-01,Nifty Metal,31-01-2022,6.53,2.25,3.47,True,validated,False,2022-01-31,2026-10-04T17:25:41.437456+00:00,https://archives.nseindia.com/content/indices/ind_close_all_31012022.csv,f5cc5349380ca07edb2d8c1fced7f6c18f31bf470a2bc37994ec18bd5d504d28
2022-01,Nifty Pharma,31-01-2022,31,4.7,.65,True,validated,False,2022-01-31,2026-10-04T17:25:41.437456+00:00,https://archives.nseindia.com/content/indices/ind_close_all_31012022.csv,f5cc5349380ca07edb2d8c1fced7f6c18f31bf470a2bc37994ec18bd5d504d28
2022-01,Nifty PSU Bank,31-01-2022,11.23,.88,.28,True,validated,False,2022-01-31,2026-10-04T17:25:41.437456+00:00,https://archives.nseindia.com/content/indices/ind_close_all_31012022.csv,f5cc5349380ca07edb2d8c1fced7f6c18f31bf470a2bc37994ec18bd5d504d28
2022-01,Nifty Realty,31-01-2022,66.16,3.87,.19,True,validated,False,2022-01-31,2026-10-04T17:25:41.437456+00:00,https://archives.nseindia.com/content/indices/ind_close_all_31012022.csv,f5cc5349380ca07edb2d8c1fced7f6c18f31bf470a2bc37994ec18bd5d504d28
2022-01,Nifty Private Bank,31-01-2022,24.37,2.71,.28,True,validated,False,2022-01-31,2026-10-04T17:25:41.437456+00:00,https://archives.nseindia.com/content/indices/ind_close_all_31012022.csv,f5cc5349380ca07edb2d8c1fced7f6c18f31bf470a2bc37994ec18bd5d504d28
2022-01,Nifty Oil & Gas,31-01-2022,9.33,2.1,4.68,True,validated,False,2022-01-31,2026-10-04T17:25:41.437456+00:00,https://archives.nseindia.com/content/indices/ind_close_all_31012022.csv,f5cc5349380ca07edb2d8c1fced7f6c18f31bf470a2bc37994ec18bd5d504d28
2022-01,Nifty Healthcare Index,31-01-2022,32.07,5.04,.6,True,validated,False,2022-01-31,2026-10-04T17:25:41.437456+00:00,https://archives.nseindia.com/content/indices/ind_close_all_31012022.csv,f5cc5349380ca07edb2d8c1fced7f6c18f31bf470a2bc37994ec18bd5d504d28
2022-01,Nifty Consumer Durables,31-01-2022,69.29,14.13,.34,True,validated,False,2022-01-31,2026-10-04T17:25:41.437456+00:00,https://archives.nseindia.com/content/indices/ind_close_all_31012022.csv,f5cc5349380ca07edb2d8c1fced7f6c18f31bf470a2bc37994ec18bd5d504d28
2022-02,Nifty 50,28-02-2022,21.59,4.23,1.26,True,validated,False,2022-02-28,2026-10-04T17:25:41.648944+00:00,https://archives.nseindia.com/content/indices/ind_close_all_28022022.csv,4780cde3887c80e8911cceeb4304c150378456b5dd6b2fd64b40edb8bdbb0a8d
2022-02,Nifty Auto,28-02-2022,74.77,4.5,1.11,True,validated,False,2022-02-28,2026-10-04T17:25:41.648944+00:00,https://archives.nseindia.com/content/indices/ind_close_all_28022022.csv,4780cde3887c80e8911cceeb4304c150378456b5dd6b2fd64b40edb8bdbb0a8d
2022-02,Nifty Bank,28-02-2022,20.78,2.68,.33,True,validated,False,2022-02-28,2026-10-04T17:25:41.648944+00:00,https://archives.nseindia.com/content/indices/ind_close_all_28022022.csv,4780cde3887c80e8911cceeb4304c150378456b5dd6b2fd64b40edb8bdbb0a8d
2022-02,Nifty Financial Services,28-02-2022,20.83,3.65,.59,True,validated,False,2022-02-28,2026-10-04T17:25:41.648944+00:00,https://archives.nseindia.com/content/indices/ind_close_all_28022022.csv,4780cde3887c80e8911cceeb4304c150378456b5dd6b2fd64b40edb8bdbb0a8d
2022-02,Nifty FMCG,28-02-2022,36.64,8.85,2.27,True,validated,False,2022-02-28,2026-10-04T17:25:41.648944+00:00,https://archives.nseindia.com/content/indices/ind_close_all_28022022.csv,4780cde3887c80e8911cceeb4304c150378456b5dd6b2fd64b40edb8bdbb0a8d
2022-02,Nifty IT,28-02-2022,33.35,10.43,1.6,True,validated,False,2022-02-28,2026-10-04T17:25:41.648944+00:00,https://archives.nseindia.com/content/indices/ind_close_all_28022022.csv,4780cde3887c80e8911cceeb4304c150378456b5dd6b2fd64b40edb8bdbb0a8d
2022-02,Nifty Metal,28-02-2022,6.5,2.42,3.61,True,validated,False,2022-02-28,2026-10-04T17:25:41.648944+00:00,https://archives.nseindia.com/content/indices/ind_close_all_28022022.csv,4780cde3887c80e8911cceeb4304c150378456b5dd6b2fd64b40edb8bdbb0a8d
2022-02,Nifty Pharma,28-02-2022,31.41,4.61,.71,True,validated,False,2022-02-28,2026-10-04T17:25:41.648944+00:00,https://archives.nseindia.com/content/indices/ind_close_all_28022022.csv,4780cde3887c80e8911cceeb4304c150378456b5dd6b2fd64b40edb8bdbb0a8d
2022-02,Nifty PSU Bank,28-02-2022,9.05,.79,.31,True,validated,False,2022-02-28,2026-10-04T17:25:41.648944+00:00,https://archives.nseindia.com/content/indices/ind_close_all_28022022.csv,4780cde3887c80e8911cceeb4304c150378456b5dd6b2fd64b40edb8bdbb0a8d
2022-02,Nifty Realty,28-02-2022,55.69,3.52,.21,True,validated,False,2022-02-28,2026-10-04T17:25:41.648944+00:00,https://archives.nseindia.com/content/indices/ind_close_all_28022022.csv,4780cde3887c80e8911cceeb4304c150378456b5dd6b2fd64b40edb8bdbb0a8d
2022-02,Nifty Private Bank,28-02-2022,22.91,2.62,.29,True,validated,False,2022-02-28,2026-10-04T17:25:41.648944+00:00,https://archives.nseindia.com/content/indices/ind_close_all_28022022.csv,4780cde3887c80e8911cceeb4304c150378456b5dd6b2fd64b40edb8bdbb0a8d
2022-02,Nifty Oil & Gas,28-02-2022,8.05,1.97,4.54,True,validated,False,2022-02-28,2026-10-04T17:25:41.648944+00:00,https://archives.nseindia.com/content/indices/ind_close_all_28022022.csv,4780cde3887c80e8911cceeb4304c150378456b5dd6b2fd64b40edb8bdbb0a8d
2022-02,Nifty Healthcare Index,28-02-2022,32.49,4.91,.65,True,validated,False,2022-02-28,2026-10-04T17:25:41.648944+00:00,https://archives.nseindia.com/content/indices/ind_close_all_28022022.csv,4780cde3887c80e8911cceeb4304c150378456b5dd6b2fd64b40edb8bdbb0a8d
2022-02,Nifty Consumer Durables,28-02-2022,66.23,14.26,.31,True,validated,False,2022-02-28,2026-10-04T17:25:41.648944+00:00,https://archives.nseindia.com/content/indices/ind_close_all_28022022.csv,4780cde3887c80e8911cceeb4304c150378456b5dd6b2fd64b40edb8bdbb0a8d
2022-03,Nifty 50,31-03-2022,22.92,4.46,1.13,True,validated,False,2022-03-31,2026-10-04T17:25:41.869704+00:00,https://archives.nseindia.com/content/indices/ind_close_all_31032022.csv,b169e2950ff3d86feeb9f52cde44c3370ed370e130049db89fea1041ff99ecdf
2022-03,Nifty Auto,31-03-2022,77.31,4.62,1.09,True,validated,False,2022-03-31,2026-10-04T17:25:41.869704+00:00,https://archives.nseindia.com/content/indices/ind_close_all_31032022.csv,b169e2950ff3d86feeb9f52cde44c3370ed370e130049db89fea1041ff99ecdf
2022-03,Nifty Bank,31-03-2022,20.51,2.71,.33,True,validated,False,2022-03-31,2026-10-04T17:25:41.869704+00:00,https://archives.nseindia.com/content/indices/ind_close_all_31032022.csv,b169e2950ff3d86feeb9f52cde44c3370ed370e130049db89fea1041ff99ecdf
2022-03,Nifty Financial Services,31-03-2022,21.2,3.74,.54,True,validated,False,2022-03-31,2026-10-04T17:25:41.869704+00:00,https://archives.nseindia.com/content/indices/ind_close_all_31032022.csv,b169e2950ff3d86feeb9f52cde44c3370ed370e130049db89fea1041ff99ecdf
2022-03,Nifty FMCG,31-03-2022,37.78,9.1,2.13,True,validated,False,2022-03-31,2026-10-04T17:25:41.869704+00:00,https://archives.nseindia.com/content/indices/ind_close_all_31032022.csv,b169e2950ff3d86feeb9f52cde44c3370ed370e130049db89fea1041ff99ecdf
2022-03,Nifty IT,31-03-2022,35.85,11.2,1.48,True,validated,False,2022-03-31,2026-10-04T17:25:41.869704+00:00,https://archives.nseindia.com/content/indices/ind_close_all_31032022.csv,b169e2950ff3d86feeb9f52cde44c3370ed370e130049db89fea1041ff99ecdf
2022-03,Nifty Metal,31-03-2022,7.03,2.53,2.63,True,validated,False,2022-03-31,2026-10-04T17:25:41.869704+00:00,https://archives.nseindia.com/content/indices/ind_close_all_31032022.csv,b169e2950ff3d86feeb9f52cde44c3370ed370e130049db89fea1041ff99ecdf
2022-03,Nifty Pharma,31-03-2022,33,4.85,.68,True,validated,False,2022-03-31,2026-10-04T17:25:41.869704+00:00,https://archives.nseindia.com/content/indices/ind_close_all_31032022.csv,b169e2950ff3d86feeb9f52cde44c3370ed370e130049db89fea1041ff99ecdf
2022-03,Nifty PSU Bank,31-03-2022,9.1,.77,.3,True,validated,False,2022-03-31,2026-10-04T17:25:41.869704+00:00,https://archives.nseindia.com/content/indices/ind_close_all_31032022.csv,b169e2950ff3d86feeb9f52cde44c3370ed370e130049db89fea1041ff99ecdf
2022-03,Nifty Realty,31-03-2022,59.48,3.71,.2,True,validated,False,2022-03-31,2026-10-04T17:25:41.869704+00:00,https://archives.nseindia.com/content/indices/ind_close_all_31032022.csv,b169e2950ff3d86feeb9f52cde44c3370ed370e130049db89fea1041ff99ecdf
2022-03,Nifty Private Bank,31-03-2022,23.1,2.66,.29,True,validated,False,2022-03-31,2026-10-04T17:25:41.869704+00:00,https://archives.nseindia.com/content/indices/ind_close_all_31032022.csv,b169e2950ff3d86feeb9f52cde44c3370ed370e130049db89fea1041ff99ecdf
2022-03,Nifty Oil & Gas,31-03-2022,8.68,2.14,4.05,True,validated,False,2022-03-31,2026-10-04T17:25:41.869704+00:00,https://archives.nseindia.com/content/indices/ind_close_all_31032022.csv,b169e2950ff3d86feeb9f52cde44c3370ed370e130049db89fea1041ff99ecdf
2022-03,Nifty Healthcare Index,31-03-2022,33.65,5.38,.62,True,validated,False,2022-03-31,2026-10-04T17:25:41.869704+00:00,https://archives.nseindia.com/content/indices/ind_close_all_31032022.csv,b169e2950ff3d86feeb9f52cde44c3370ed370e130049db89fea1041ff99ecdf
2022-03,Nifty Consumer Durables,31-03-2022,63.3,13.47,.33,True,validated,False,2022-03-31,2026-10-04T17:25:41.869704+00:00,https://archives.nseindia.com/content/indices/ind_close_all_31032022.csv,b169e2950ff3d86feeb9f52cde44c3370ed370e130049db89fea1041ff99ecdf
2022-04,Nifty 50,29-04-2022,22.01,4.37,1.16,True,validated,False,2022-04-29,2026-10-04T17:25:42.438409+00:00,https://archives.nseindia.com/content/indices/ind_close_all_29042022.csv,2449fc1659f630978087cfa527bc2fbd782da22a34abd4ec288815a4f9c50113
2022-04,Nifty Auto,29-04-2022,81.31,4.85,1.04,True,validated,False,2022-04-29,2026-10-04T17:25:42.438409+00:00,https://archives.nseindia.com/content/indices/ind_close_all_29042022.csv,2449fc1659f630978087cfa527bc2fbd782da22a34abd4ec288815a4f9c50113
2022-04,Nifty Bank,29-04-2022,19.53,2.69,.33,True,validated,False,2022-04-29,2026-10-04T17:25:42.438409+00:00,https://archives.nseindia.com/content/indices/ind_close_all_29042022.csv,2449fc1659f630978087cfa527bc2fbd782da22a34abd4ec288815a4f9c50113
2022-04,Nifty Financial Services,29-04-2022,19.85,3.63,.54,True,validated,False,2022-04-29,2026-10-04T17:25:42.438409+00:00,https://archives.nseindia.com/content/indices/ind_close_all_29042022.csv,2449fc1659f630978087cfa527bc2fbd782da22a34abd4ec288815a4f9c50113
2022-04,Nifty FMCG,29-04-2022,39.66,9.58,1.92,True,validated,False,2022-04-29,2026-10-04T17:25:42.438409+00:00,https://archives.nseindia.com/content/indices/ind_close_all_29042022.csv,2449fc1659f630978087cfa527bc2fbd782da22a34abd4ec288815a4f9c50113
2022-04,Nifty IT,29-04-2022,29.93,9.75,1.8,True,validated,False,2022-04-29,2026-10-04T17:25:42.438409+00:00,https://archives.nseindia.com/content/indices/ind_close_all_29042022.csv,2449fc1659f630978087cfa527bc2fbd782da22a34abd4ec288815a4f9c50113
2022-04,Nifty Metal,29-04-2022,6.92,2.49,2.67,True,validated,False,2022-04-29,2026-10-04T17:25:42.438409+00:00,https://archives.nseindia.com/content/indices/ind_close_all_29042022.csv,2449fc1659f630978087cfa527bc2fbd782da22a34abd4ec288815a4f9c50113
2022-04,Nifty Pharma,29-04-2022,32.7,4.81,.69,True,validated,False,2022-04-29,2026-10-04T17:25:42.438409+00:00,https://archives.nseindia.com/content/indices/ind_close_all_29042022.csv,2449fc1659f630978087cfa527bc2fbd782da22a34abd4ec288815a4f9c50113
2022-04,Nifty PSU Bank,29-04-2022,9.21,.78,.29,True,validated,False,2022-04-29,2026-10-04T17:25:42.438409+00:00,https://archives.nseindia.com/content/indices/ind_close_all_29042022.csv,2449fc1659f630978087cfa527bc2fbd782da22a34abd4ec288815a4f9c50113
2022-04,Nifty Realty,29-04-2022,55.55,3.55,.21,True,validated,False,2022-04-29,2026-10-04T17:25:42.438409+00:00,https://archives.nseindia.com/content/indices/ind_close_all_29042022.csv,2449fc1659f630978087cfa527bc2fbd782da22a34abd4ec288815a4f9c50113
2022-04,Nifty Private Bank,29-04-2022,21.98,2.64,.3,True,validated,False,2022-04-29,2026-10-04T17:25:42.438409+00:00,https://archives.nseindia.com/content/indices/ind_close_all_29042022.csv,2449fc1659f630978087cfa527bc2fbd782da22a34abd4ec288815a4f9c50113
2022-04,Nifty Oil & Gas,29-04-2022,9.04,2.23,3.85,True,validated,False,2022-04-29,2026-10-04T17:25:42.438409+00:00,https://archives.nseindia.com/content/indices/ind_close_all_29042022.csv,2449fc1659f630978087cfa527bc2fbd782da22a34abd4ec288815a4f9c50113
2022-04,Nifty Healthcare Index,29-04-2022,33.42,5.35,.63,True,validated,False,2022-04-29,2026-10-04T17:25:42.438409+00:00,https://archives.nseindia.com/content/indices/ind_close_all_29042022.csv,2449fc1659f630978087cfa527bc2fbd782da22a34abd4ec288815a4f9c50113
2022-04,Nifty Consumer Durables,29-04-2022,64.18,13.66,.32,True,validated,False,2022-04-29,2026-10-04T17:25:42.438409+00:00,https://archives.nseindia.com/content/indices/ind_close_all_29042022.csv,2449fc1659f630978087cfa527bc2fbd782da22a34abd4ec288815a4f9c50113
2022-05,Nifty 50,31-05-2022,20.44,4.24,1.43,True,validated,False,2022-05-31,2026-10-04T17:25:42.250345+00:00,https://archives.nseindia.com/content/indices/ind_close_all_31052022.csv,89a35491e296e4698eb75bf8411142c9cb9b1d3d0169996f44607aee49fbe998
2022-05,Nifty Auto,31-05-2022,53.78,5.08,.99,True,validated,False,2022-05-31,2026-10-04T17:25:42.250345+00:00,https://archives.nseindia.com/content/indices/ind_close_all_31052022.csv,89a35491e296e4698eb75bf8411142c9cb9b1d3d0169996f44607aee49fbe998
2022-05,Nifty Bank,31-05-2022,17.79,2.64,.81,True,validated,False,2022-05-31,2026-10-04T17:25:42.250345+00:00,https://archives.nseindia.com/content/indices/ind_close_all_31052022.csv,89a35491e296e4698eb75bf8411142c9cb9b1d3d0169996f44607aee49fbe998
2022-05,Nifty Financial Services,31-05-2022,18.75,3.6,.95,True,validated,False,2022-05-31,2026-10-04T17:25:42.250345+00:00,https://archives.nseindia.com/content/indices/ind_close_all_31052022.csv,89a35491e296e4698eb75bf8411142c9cb9b1d3d0169996f44607aee49fbe998
2022-05,Nifty FMCG,31-05-2022,39.02,9.65,2.57,True,validated,False,2022-05-31,2026-10-04T17:25:42.250345+00:00,https://archives.nseindia.com/content/indices/ind_close_all_31052022.csv,89a35491e296e4698eb75bf8411142c9cb9b1d3d0169996f44607aee49fbe998
2022-05,Nifty IT,31-05-2022,27.65,9.17,1.99,True,validated,False,2022-05-31,2026-10-04T17:25:42.250345+00:00,https://archives.nseindia.com/content/indices/ind_close_all_31052022.csv,89a35491e296e4698eb75bf8411142c9cb9b1d3d0169996f44607aee49fbe998
2022-05,Nifty Metal,31-05-2022,5.63,2.08,4.12,True,validated,False,2022-05-31,2026-10-04T17:25:42.250345+00:00,https://archives.nseindia.com/content/indices/ind_close_all_31052022.csv,89a35491e296e4698eb75bf8411142c9cb9b1d3d0169996f44607aee49fbe998
2022-05,Nifty Pharma,31-05-2022,33.41,4.5,.74,True,validated,False,2022-05-31,2026-10-04T17:25:42.250345+00:00,https://archives.nseindia.com/content/indices/ind_close_all_31052022.csv,89a35491e296e4698eb75bf8411142c9cb9b1d3d0169996f44607aee49fbe998
2022-05,Nifty PSU Bank,31-05-2022,7.49,.73,.75,True,validated,False,2022-05-31,2026-10-04T17:25:42.250345+00:00,https://archives.nseindia.com/content/indices/ind_close_all_31052022.csv,89a35491e296e4698eb75bf8411142c9cb9b1d3d0169996f44607aee49fbe998
2022-05,Nifty Realty,31-05-2022,55.74,3.3,.22,True,validated,False,2022-05-31,2026-10-04T17:25:42.250345+00:00,https://archives.nseindia.com/content/indices/ind_close_all_31052022.csv,89a35491e296e4698eb75bf8411142c9cb9b1d3d0169996f44607aee49fbe998
2022-05,Nifty Private Bank,31-05-2022,19.89,2.61,.58,True,validated,False,2022-05-31,2026-10-04T17:25:42.250345+00:00,https://archives.nseindia.com/content/indices/ind_close_all_31052022.csv,89a35491e296e4698eb75bf8411142c9cb9b1d3d0169996f44607aee49fbe998
2022-05,Nifty Oil & Gas,31-05-2022,9.17,2.13,4.03,True,validated,False,2022-05-31,2026-10-04T17:25:42.250345+00:00,https://archives.nseindia.com/content/indices/ind_close_all_31052022.csv,89a35491e296e4698eb75bf8411142c9cb9b1d3d0169996f44607aee49fbe998
2022-05,Nifty Healthcare Index,31-05-2022,33.69,4.96,.68,True,validated,False,2022-05-31,2026-10-04T17:25:42.250345+00:00,https://archives.nseindia.com/content/indices/ind_close_all_31052022.csv,89a35491e296e4698eb75bf8411142c9cb9b1d3d0169996f44607aee49fbe998
2022-05,Nifty Consumer Durables,31-05-2022,59.87,12.3,.36,True,validated,False,2022-05-31,2026-10-04T17:25:42.250345+00:00,https://archives.nseindia.com/content/indices/ind_close_all_31052022.csv,89a35491e296e4698eb75bf8411142c9cb9b1d3d0169996f44607aee49fbe998
2022-06,Nifty 50,30-06-2022,19.5,4.03,1.41,True,validated,False,2022-06-30,2026-10-04T17:25:42.520905+00:00,https://archives.nseindia.com/content/indices/ind_close_all_30062022.csv,28d2a9efbcaf1352c6b468d97aa870a85960b58e2f98134ff8478a4b0fd0e248
2022-06,Nifty Auto,30-06-2022,54.22,5.13,1.32,True,validated,False,2022-06-30,2026-10-04T17:25:42.520905+00:00,https://archives.nseindia.com/content/indices/ind_close_all_30062022.csv,28d2a9efbcaf1352c6b468d97aa870a85960b58e2f98134ff8478a4b0fd0e248
2022-06,Nifty Bank,30-06-2022,16.65,2.46,.69,True,validated,False,2022-06-30,2026-10-04T17:25:42.520905+00:00,https://archives.nseindia.com/content/indices/ind_close_all_30062022.csv,28d2a9efbcaf1352c6b468d97aa870a85960b58e2f98134ff8478a4b0fd0e248
2022-06,Nifty Financial Services,30-06-2022,17.63,3.38,.86,True,validated,False,2022-06-30,2026-10-04T17:25:42.520905+00:00,https://archives.nseindia.com/content/indices/ind_close_all_30062022.csv,28d2a9efbcaf1352c6b468d97aa870a85960b58e2f98134ff8478a4b0fd0e248
2022-06,Nifty FMCG,30-06-2022,38.23,9.45,2.11,True,validated,False,2022-06-30,2026-10-04T17:25:42.520905+00:00,https://archives.nseindia.com/content/indices/ind_close_all_30062022.csv,28d2a9efbcaf1352c6b468d97aa870a85960b58e2f98134ff8478a4b0fd0e248
2022-06,Nifty IT,30-06-2022,25.39,8.19,2.22,True,validated,False,2022-06-30,2026-10-04T17:25:42.520905+00:00,https://archives.nseindia.com/content/indices/ind_close_all_30062022.csv,28d2a9efbcaf1352c6b468d97aa870a85960b58e2f98134ff8478a4b0fd0e248
2022-06,Nifty Metal,30-06-2022,4.93,1.82,5.39,True,validated,False,2022-06-30,2026-10-04T17:25:42.520905+00:00,https://archives.nseindia.com/content/indices/ind_close_all_30062022.csv,28d2a9efbcaf1352c6b468d97aa870a85960b58e2f98134ff8478a4b0fd0e248
2022-06,Nifty Pharma,30-06-2022,36.76,4.34,.81,True,validated,False,2022-06-30,2026-10-04T17:25:42.520905+00:00,https://archives.nseindia.com/content/indices/ind_close_all_30062022.csv,28d2a9efbcaf1352c6b468d97aa870a85960b58e2f98134ff8478a4b0fd0e248
2022-06,Nifty PSU Bank,30-06-2022,7.05,.69,2.52,True,validated,False,2022-06-30,2026-10-04T17:25:42.520905+00:00,https://archives.nseindia.com/content/indices/ind_close_all_30062022.csv,28d2a9efbcaf1352c6b468d97aa870a85960b58e2f98134ff8478a4b0fd0e248
2022-06,Nifty Realty,30-06-2022,52.33,3.09,.23,True,validated,False,2022-06-30,2026-10-04T17:25:42.520905+00:00,https://archives.nseindia.com/content/indices/ind_close_all_30062022.csv,28d2a9efbcaf1352c6b468d97aa870a85960b58e2f98134ff8478a4b0fd0e248
2022-06,Nifty Private Bank,30-06-2022,18.27,2.37,.49,True,validated,False,2022-06-30,2026-10-04T17:25:42.520905+00:00,https://archives.nseindia.com/content/indices/ind_close_all_30062022.csv,28d2a9efbcaf1352c6b468d97aa870a85960b58e2f98134ff8478a4b0fd0e248
2022-06,Nifty Oil & Gas,30-06-2022,8.78,2.04,4.14,True,validated,False,2022-06-30,2026-10-04T17:25:42.520905+00:00,https://archives.nseindia.com/content/indices/ind_close_all_30062022.csv,28d2a9efbcaf1352c6b468d97aa870a85960b58e2f98134ff8478a4b0fd0e248
2022-06,Nifty Healthcare Index,30-06-2022,36.51,4.77,.75,True,validated,False,2022-06-30,2026-10-04T17:25:42.520905+00:00,https://archives.nseindia.com/content/indices/ind_close_all_30062022.csv,28d2a9efbcaf1352c6b468d97aa870a85960b58e2f98134ff8478a4b0fd0e248
2022-06,Nifty Consumer Durables,30-06-2022,56.6,11.53,.46,True,validated,False,2022-06-30,2026-10-04T17:25:42.520905+00:00,https://archives.nseindia.com/content/indices/ind_close_all_30062022.csv,28d2a9efbcaf1352c6b468d97aa870a85960b58e2f98134ff8478a4b0fd0e248
2022-07,Nifty 50,29-07-2022,20.73,4.12,1.29,True,validated,False,2022-07-29,2026-10-04T17:25:43.002504+00:00,https://archives.nseindia.com/content/indices/ind_close_all_29072022.csv,37817814e53b8f47210c0a9c7bb7b4e680d996420d25479d240968d89d8093e1
2022-07,Nifty Auto,29-07-2022,58.07,5.37,1.02,True,validated,False,2022-07-29,2026-10-04T17:25:43.002504+00:00,https://archives.nseindia.com/content/indices/ind_close_all_29072022.csv,37817814e53b8f47210c0a9c7bb7b4e680d996420d25479d240968d89d8093e1
2022-07,Nifty Bank,29-07-2022,17.39,2.54,.59,True,validated,False,2022-07-29,2026-10-04T17:25:43.002504+00:00,https://archives.nseindia.com/content/indices/ind_close_all_29072022.csv,37817814e53b8f47210c0a9c7bb7b4e680d996420d25479d240968d89d8093e1
2022-07,Nifty Financial Services,29-07-2022,18.9,3.49,.73,True,validated,False,2022-07-29,2026-10-04T17:25:43.002504+00:00,https://archives.nseindia.com/content/indices/ind_close_all_29072022.csv,37817814e53b8f47210c0a9c7bb7b4e680d996420d25479d240968d89d8093e1
2022-07,Nifty FMCG,29-07-2022,42.64,10.39,1.87,True,validated,False,2022-07-29,2026-10-04T17:25:43.002504+00:00,https://archives.nseindia.com/content/indices/ind_close_all_29072022.csv,37817814e53b8f47210c0a9c7bb7b4e680d996420d25479d240968d89d8093e1
2022-07,Nifty IT,29-07-2022,26.54,8.11,2.24,True,validated,False,2022-07-29,2026-10-04T17:25:43.002504+00:00,https://archives.nseindia.com/content/indices/ind_close_all_29072022.csv,37817814e53b8f47210c0a9c7bb7b4e680d996420d25479d240968d89d8093e1
2022-07,Nifty Metal,29-07-2022,6.08,1.84,5.67,True,validated,False,2022-07-29,2026-10-04T17:25:43.002504+00:00,https://archives.nseindia.com/content/indices/ind_close_all_29072022.csv,37817814e53b8f47210c0a9c7bb7b4e680d996420d25479d240968d89d8093e1
2022-07,Nifty Pharma,29-07-2022,38.66,4.54,.71,True,validated,False,2022-07-29,2026-10-04T17:25:43.002504+00:00,https://archives.nseindia.com/content/indices/ind_close_all_29072022.csv,37817814e53b8f47210c0a9c7bb7b4e680d996420d25479d240968d89d8093e1
2022-07,Nifty PSU Bank,29-07-2022,7.76,.71,2.37,True,validated,False,2022-07-29,2026-10-04T17:25:43.002504+00:00,https://archives.nseindia.com/content/indices/ind_close_all_29072022.csv,37817814e53b8f47210c0a9c7bb7b4e680d996420d25479d240968d89d8093e1
2022-07,Nifty Realty,29-07-2022,56.73,3.41,.26,True,validated,False,2022-07-29,2026-10-04T17:25:43.002504+00:00,https://archives.nseindia.com/content/indices/ind_close_all_29072022.csv,37817814e53b8f47210c0a9c7bb7b4e680d996420d25479d240968d89d8093e1
2022-07,Nifty Private Bank,29-07-2022,18.36,2.53,.42,True,validated,False,2022-07-29,2026-10-04T17:25:43.002504+00:00,https://archives.nseindia.com/content/indices/ind_close_all_29072022.csv,37817814e53b8f47210c0a9c7bb7b4e680d996420d25479d240968d89d8093e1
2022-07,Nifty Oil & Gas,29-07-2022,8.97,2.11,3.7,True,validated,False,2022-07-29,2026-10-04T17:25:43.002504+00:00,https://archives.nseindia.com/content/indices/ind_close_all_29072022.csv,37817814e53b8f47210c0a9c7bb7b4e680d996420d25479d240968d89d8093e1
2022-07,Nifty Healthcare Index,29-07-2022,38.88,5.05,.66,True,validated,False,2022-07-29,2026-10-04T17:25:43.002504+00:00,https://archives.nseindia.com/content/indices/ind_close_all_29072022.csv,37817814e53b8f47210c0a9c7bb7b4e680d996420d25479d240968d89d8093e1
2022-07,Nifty Consumer Durables,29-07-2022,62.41,12.07,.47,True,validated,False,2022-07-29,2026-10-04T17:25:43.002504+00:00,https://archives.nseindia.com/content/indices/ind_close_all_29072022.csv,37817814e53b8f47210c0a9c7bb7b4e680d996420d25479d240968d89d8093e1
2022-08,Nifty 50,30-08-2022,21.2,4.12,1.41,True,validated,False,2022-08-30,2026-10-04T17:25:42.898975+00:00,https://archives.nseindia.com/content/indices/ind_close_all_30082022.csv,fd5c3e4be49c00f654b97491b5e27c33b949e9d71d13133a21423ac081a57b0a
2022-08,Nifty Auto,30-08-2022,48.09,5.31,1,True,validated,False,2022-08-30,2026-10-04T17:25:42.898975+00:00,https://archives.nseindia.com/content/indices/ind_close_all_30082022.csv,fd5c3e4be49c00f654b97491b5e27c33b949e9d71d13133a21423ac081a57b0a
2022-08,Nifty Bank,30-08-2022,18.2,2.56,.71,True,validated,False,2022-08-30,2026-10-04T17:25:42.898975+00:00,https://archives.nseindia.com/content/indices/ind_close_all_30082022.csv,fd5c3e4be49c00f654b97491b5e27c33b949e9d71d13133a21423ac081a57b0a
2022-08,Nifty Financial Services,30-08-2022,19.6,3.54,.79,True,validated,False,2022-08-30,2026-10-04T17:25:42.898975+00:00,https://archives.nseindia.com/content/indices/ind_close_all_30082022.csv,fd5c3e4be49c00f654b97491b5e27c33b949e9d71d13133a21423ac081a57b0a
2022-08,Nifty FMCG,30-08-2022,42.02,10.62,1.82,True,validated,False,2022-08-30,2026-10-04T17:25:42.898975+00:00,https://archives.nseindia.com/content/indices/ind_close_all_30082022.csv,fd5c3e4be49c00f654b97491b5e27c33b949e9d71d13133a21423ac081a57b0a
2022-08,Nifty IT,30-08-2022,25.84,7.89,2.29,True,validated,False,2022-08-30,2026-10-04T17:25:42.898975+00:00,https://archives.nseindia.com/content/indices/ind_close_all_30082022.csv,fd5c3e4be49c00f654b97491b5e27c33b949e9d71d13133a21423ac081a57b0a
2022-08,Nifty Metal,30-08-2022,6.8,2,5.02,True,validated,False,2022-08-30,2026-10-04T17:25:42.898975+00:00,https://archives.nseindia.com/content/indices/ind_close_all_30082022.csv,fd5c3e4be49c00f654b97491b5e27c33b949e9d71d13133a21423ac081a57b0a
2022-08,Nifty Pharma,30-08-2022,37.44,4.24,.81,True,validated,False,2022-08-30,2026-10-04T17:25:42.898975+00:00,https://archives.nseindia.com/content/indices/ind_close_all_30082022.csv,fd5c3e4be49c00f654b97491b5e27c33b949e9d71d13133a21423ac081a57b0a
2022-08,Nifty PSU Bank,30-08-2022,8.44,.77,2.19,True,validated,False,2022-08-30,2026-10-04T17:25:42.898975+00:00,https://archives.nseindia.com/content/indices/ind_close_all_30082022.csv,fd5c3e4be49c00f654b97491b5e27c33b949e9d71d13133a21423ac081a57b0a
2022-08,Nifty Realty,30-08-2022,43.64,3.41,.3,True,validated,False,2022-08-30,2026-10-04T17:25:42.898975+00:00,https://archives.nseindia.com/content/indices/ind_close_all_30082022.csv,fd5c3e4be49c00f654b97491b5e27c33b949e9d71d13133a21423ac081a57b0a
2022-08,Nifty Private Bank,30-08-2022,19.17,2.54,.59,True,validated,False,2022-08-30,2026-10-04T17:25:42.898975+00:00,https://archives.nseindia.com/content/indices/ind_close_all_30082022.csv,fd5c3e4be49c00f654b97491b5e27c33b949e9d71d13133a21423ac081a57b0a
2022-08,Nifty Oil & Gas,30-08-2022,11.51,2.09,4.35,True,validated,False,2022-08-30,2026-10-04T17:25:42.898975+00:00,https://archives.nseindia.com/content/indices/ind_close_all_30082022.csv,fd5c3e4be49c00f654b97491b5e27c33b949e9d71d13133a21423ac081a57b0a
2022-08,Nifty Healthcare Index,30-08-2022,38.85,4.72,.75,True,validated,False,2022-08-30,2026-10-04T17:25:42.898975+00:00,https://archives.nseindia.com/content/indices/ind_close_all_30082022.csv,fd5c3e4be49c00f654b97491b5e27c33b949e9d71d13133a21423ac081a57b0a
2022-08,Nifty Consumer Durables,30-08-2022,59.31,12.28,.52,True,validated,False,2022-08-30,2026-10-04T17:25:42.898975+00:00,https://archives.nseindia.com/content/indices/ind_close_all_30082022.csv,fd5c3e4be49c00f654b97491b5e27c33b949e9d71d13133a21423ac081a57b0a
2022-09,Nifty 50,30-09-2022,20.64,4.02,1.32,True,validated,False,2022-09-30,2026-10-04T17:25:42.661885+00:00,https://archives.nseindia.com/content/indices/ind_close_all_30092022.csv,af844847ec431f949f2aa7aa4a3ad213bc526a473c6ab60daa0599f1eb9a065f
2022-09,Nifty Auto,30-09-2022,46.75,4.9,1.04,True,validated,False,2022-09-30,2026-10-04T17:25:42.661885+00:00,https://archives.nseindia.com/content/indices/ind_close_all_30092022.csv,af844847ec431f949f2aa7aa4a3ad213bc526a473c6ab60daa0599f1eb9a065f
2022-09,Nifty Bank,30-09-2022,17.97,2.55,.73,True,validated,False,2022-09-30,2026-10-04T17:25:42.661885+00:00,https://archives.nseindia.com/content/indices/ind_close_all_30092022.csv,af844847ec431f949f2aa7aa4a3ad213bc526a473c6ab60daa0599f1eb9a065f
2022-09,Nifty Financial Services,30-09-2022,18.86,3.39,.82,True,validated,False,2022-09-30,2026-10-04T17:25:42.661885+00:00,https://archives.nseindia.com/content/indices/ind_close_all_30092022.csv,af844847ec431f949f2aa7aa4a3ad213bc526a473c6ab60daa0599f1eb9a065f
2022-09,Nifty FMCG,30-09-2022,42.89,10.81,1.77,True,validated,False,2022-09-30,2026-10-04T17:25:42.661885+00:00,https://archives.nseindia.com/content/indices/ind_close_all_30092022.csv,af844847ec431f949f2aa7aa4a3ad213bc526a473c6ab60daa0599f1eb9a065f
2022-09,Nifty IT,30-09-2022,24.72,7.52,2.25,True,validated,False,2022-09-30,2026-10-04T17:25:42.661885+00:00,https://archives.nseindia.com/content/indices/ind_close_all_30092022.csv,af844847ec431f949f2aa7aa4a3ad213bc526a473c6ab60daa0599f1eb9a065f
2022-09,Nifty Metal,30-09-2022,6.61,1.88,4.63,True,validated,False,2022-09-30,2026-10-04T17:25:42.661885+00:00,https://archives.nseindia.com/content/indices/ind_close_all_30092022.csv,af844847ec431f949f2aa7aa4a3ad213bc526a473c6ab60daa0599f1eb9a065f
2022-09,Nifty Pharma,30-09-2022,36.55,4.44,1,True,validated,False,2022-09-30,2026-10-04T17:25:42.661885+00:00,https://archives.nseindia.com/content/indices/ind_close_all_30092022.csv,af844847ec431f949f2aa7aa4a3ad213bc526a473c6ab60daa0599f1eb9a065f
2022-09,Nifty PSU Bank,30-09-2022,8.36,.77,2.22,True,validated,False,2022-09-30,2026-10-04T17:25:42.661885+00:00,https://archives.nseindia.com/content/indices/ind_close_all_30092022.csv,af844847ec431f949f2aa7aa4a3ad213bc526a473c6ab60daa0599f1eb9a065f
2022-09,Nifty Realty,30-09-2022,39.95,3.09,.34,True,validated,False,2022-09-30,2026-10-04T17:25:42.661885+00:00,https://archives.nseindia.com/content/indices/ind_close_all_30092022.csv,af844847ec431f949f2aa7aa4a3ad213bc526a473c6ab60daa0599f1eb9a065f
2022-09,Nifty Private Bank,30-09-2022,19.03,2.53,.61,True,validated,False,2022-09-30,2026-10-04T17:25:42.661885+00:00,https://archives.nseindia.com/content/indices/ind_close_all_30092022.csv,af844847ec431f949f2aa7aa4a3ad213bc526a473c6ab60daa0599f1eb9a065f
2022-09,Nifty Oil & Gas,30-09-2022,10.59,1.88,3.32,True,validated,False,2022-09-30,2026-10-04T17:25:42.661885+00:00,https://archives.nseindia.com/content/indices/ind_close_all_30092022.csv,af844847ec431f949f2aa7aa4a3ad213bc526a473c6ab60daa0599f1eb9a065f
2022-09,Nifty Healthcare Index,30-09-2022,39.51,4.77,.72,True,validated,False,2022-09-30,2026-10-04T17:25:42.661885+00:00,https://archives.nseindia.com/content/indices/ind_close_all_30092022.csv,af844847ec431f949f2aa7aa4a3ad213bc526a473c6ab60daa0599f1eb9a065f
2022-09,Nifty Consumer Durables,30-09-2022,58.07,11.79,.56,True,validated,False,2022-09-30,2026-10-04T17:25:42.661885+00:00,https://archives.nseindia.com/content/indices/ind_close_all_30092022.csv,af844847ec431f949f2aa7aa4a3ad213bc526a473c6ab60daa0599f1eb9a065f
2022-10,Nifty 50,31-10-2022,21.42,4.23,1.25,True,validated,False,2022-10-31,2026-10-04T17:25:42.738220+00:00,https://archives.nseindia.com/content/indices/ind_close_all_31102022.csv,51ba8522d760d31cda70c26d0a58f164fb5e4951732eb62d93df3b0aeb454f35
2022-10,Nifty Auto,31-10-2022,49.82,5.16,.99,True,validated,False,2022-10-31,2026-10-04T17:25:42.738220+00:00,https://archives.nseindia.com/content/indices/ind_close_all_31102022.csv,51ba8522d760d31cda70c26d0a58f164fb5e4951732eb62d93df3b0aeb454f35
2022-10,Nifty Bank,31-10-2022,18.07,2.72,.68,True,validated,False,2022-10-31,2026-10-04T17:25:42.738220+00:00,https://archives.nseindia.com/content/indices/ind_close_all_31102022.csv,51ba8522d760d31cda70c26d0a58f164fb5e4951732eb62d93df3b0aeb454f35
2022-10,Nifty Financial Services,31-10-2022,19.1,3.59,.77,True,validated,False,2022-10-31,2026-10-04T17:25:42.738220+00:00,https://archives.nseindia.com/content/indices/ind_close_all_31102022.csv,51ba8522d760d31cda70c26d0a58f164fb5e4951732eb62d93df3b0aeb454f35
2022-10,Nifty FMCG,31-10-2022,40.83,10.78,1.67,True,validated,False,2022-10-31,2026-10-04T17:25:42.738220+00:00,https://archives.nseindia.com/content/indices/ind_close_all_31102022.csv,51ba8522d760d31cda70c26d0a58f164fb5e4951732eb62d93df3b0aeb454f35
2022-10,Nifty IT,31-10-2022,25.84,8.01,2.13,True,validated,False,2022-10-31,2026-10-04T17:25:42.738220+00:00,https://archives.nseindia.com/content/indices/ind_close_all_31102022.csv,51ba8522d760d31cda70c26d0a58f164fb5e4951732eb62d93df3b0aeb454f35
2022-10,Nifty Metal,31-10-2022,7.13,1.92,4.53,True,validated,False,2022-10-31,2026-10-04T17:25:42.738220+00:00,https://archives.nseindia.com/content/indices/ind_close_all_31102022.csv,51ba8522d760d31cda70c26d0a58f164fb5e4951732eb62d93df3b0aeb454f35
2022-10,Nifty Pharma,31-10-2022,37.11,4.52,.99,True,validated,False,2022-10-31,2026-10-04T17:25:42.738220+00:00,https://archives.nseindia.com/content/indices/ind_close_all_31102022.csv,51ba8522d760d31cda70c26d0a58f164fb5e4951732eb62d93df3b0aeb454f35
2022-10,Nifty PSU Bank,31-10-2022,9.19,.89,1.92,True,validated,False,2022-10-31,2026-10-04T17:25:42.738220+00:00,https://archives.nseindia.com/content/indices/ind_close_all_31102022.csv,51ba8522d760d31cda70c26d0a58f164fb5e4951732eb62d93df3b0aeb454f35
2022-10,Nifty Realty,31-10-2022,40.58,3.19,.33,True,validated,False,2022-10-31,2026-10-04T17:25:42.738220+00:00,https://archives.nseindia.com/content/indices/ind_close_all_31102022.csv,51ba8522d760d31cda70c26d0a58f164fb5e4951732eb62d93df3b0aeb454f35
2022-10,Nifty Private Bank,31-10-2022,18.54,2.69,.57,True,validated,False,2022-10-31,2026-10-04T17:25:42.738220+00:00,https://archives.nseindia.com/content/indices/ind_close_all_31102022.csv,51ba8522d760d31cda70c26d0a58f164fb5e4951732eb62d93df3b0aeb454f35
2022-10,Nifty Oil & Gas,31-10-2022,11.19,1.99,3.14,True,validated,False,2022-10-31,2026-10-04T17:25:42.738220+00:00,https://archives.nseindia.com/content/indices/ind_close_all_31102022.csv,51ba8522d760d31cda70c26d0a58f164fb5e4951732eb62d93df3b0aeb454f35
2022-10,Nifty Healthcare Index,31-10-2022,40.27,4.88,.7,True,validated,False,2022-10-31,2026-10-04T17:25:42.738220+00:00,https://archives.nseindia.com/content/indices/ind_close_all_31102022.csv,51ba8522d760d31cda70c26d0a58f164fb5e4951732eb62d93df3b0aeb454f35
2022-10,Nifty Consumer Durables,31-10-2022,58.82,11.72,.53,True,validated,False,2022-10-31,2026-10-04T17:25:42.738220+00:00,https://archives.nseindia.com/content/indices/ind_close_all_31102022.csv,51ba8522d760d31cda70c26d0a58f164fb5e4951732eb62d93df3b0aeb454f35
2022-11,Nifty 50,30-11-2022,22.54,4.4,1.28,True,validated,False,2022-11-30,2026-10-04T17:25:42.937402+00:00,https://archives.nseindia.com/content/indices/ind_close_all_30112022.csv,6ad5a19c729232b69f0e4f037310584e88a25ff0230e5c2cbe9bcc001b71a096
2022-11,Nifty Auto,30-11-2022,39.7,5.11,1,True,validated,False,2022-11-30,2026-10-04T17:25:42.937402+00:00,https://archives.nseindia.com/content/indices/ind_close_all_30112022.csv,6ad5a19c729232b69f0e4f037310584e88a25ff0230e5c2cbe9bcc001b71a096
2022-11,Nifty Bank,30-11-2022,18.06,2.85,.65,True,validated,False,2022-11-30,2026-10-04T17:25:42.937402+00:00,https://archives.nseindia.com/content/indices/ind_close_all_30112022.csv,6ad5a19c729232b69f0e4f037310584e88a25ff0230e5c2cbe9bcc001b71a096
2022-11,Nifty Financial Services,30-11-2022,19.45,3.75,.75,True,validated,False,2022-11-30,2026-10-04T17:25:42.937402+00:00,https://archives.nseindia.com/content/indices/ind_close_all_30112022.csv,6ad5a19c729232b69f0e4f037310584e88a25ff0230e5c2cbe9bcc001b71a096
2022-11,Nifty FMCG,30-11-2022,41.92,11.09,1.73,True,validated,False,2022-11-30,2026-10-04T17:25:42.937402+00:00,https://archives.nseindia.com/content/indices/ind_close_all_30112022.csv,6ad5a19c729232b69f0e4f037310584e88a25ff0230e5c2cbe9bcc001b71a096
2022-11,Nifty IT,30-11-2022,27.3,8.48,2.04,True,validated,False,2022-11-30,2026-10-04T17:25:42.937402+00:00,https://archives.nseindia.com/content/indices/ind_close_all_30112022.csv,6ad5a19c729232b69f0e4f037310584e88a25ff0230e5c2cbe9bcc001b71a096
2022-11,Nifty Metal,30-11-2022,10.06,2.12,4.45,True,validated,False,2022-11-30,2026-10-04T17:25:42.937402+00:00,https://archives.nseindia.com/content/indices/ind_close_all_30112022.csv,6ad5a19c729232b69f0e4f037310584e88a25ff0230e5c2cbe9bcc001b71a096
2022-11,Nifty Pharma,30-11-2022,34.21,4.5,.98,True,validated,False,2022-11-30,2026-10-04T17:25:42.937402+00:00,https://archives.nseindia.com/content/indices/ind_close_all_30112022.csv,6ad5a19c729232b69f0e4f037310584e88a25ff0230e5c2cbe9bcc001b71a096
2022-11,Nifty PSU Bank,30-11-2022,10.18,1.03,1.66,True,validated,False,2022-11-30,2026-10-04T17:25:42.937402+00:00,https://archives.nseindia.com/content/indices/ind_close_all_30112022.csv,6ad5a19c729232b69f0e4f037310584e88a25ff0230e5c2cbe9bcc001b71a096
2022-11,Nifty Realty,30-11-2022,42.13,3.28,.32,True,validated,False,2022-11-30,2026-10-04T17:25:42.937402+00:00,https://archives.nseindia.com/content/indices/ind_close_all_30112022.csv,6ad5a19c729232b69f0e4f037310584e88a25ff0230e5c2cbe9bcc001b71a096
2022-11,Nifty Private Bank,30-11-2022,18.25,2.79,.55,True,validated,False,2022-11-30,2026-10-04T17:25:42.937402+00:00,https://archives.nseindia.com/content/indices/ind_close_all_30112022.csv,6ad5a19c729232b69f0e4f037310584e88a25ff0230e5c2cbe9bcc001b71a096
2022-11,Nifty Oil & Gas,30-11-2022,15.48,2.1,2.7,True,validated,False,2022-11-30,2026-10-04T17:25:42.937402+00:00,https://archives.nseindia.com/content/indices/ind_close_all_30112022.csv,6ad5a19c729232b69f0e4f037310584e88a25ff0230e5c2cbe9bcc001b71a096
2022-11,Nifty Healthcare Index,30-11-2022,37.1,4.87,.69,True,validated,False,2022-11-30,2026-10-04T17:25:42.937402+00:00,https://archives.nseindia.com/content/indices/ind_close_all_30112022.csv,6ad5a19c729232b69f0e4f037310584e88a25ff0230e5c2cbe9bcc001b71a096
2022-11,Nifty Consumer Durables,30-11-2022,59.41,11.5,.51,True,validated,False,2022-11-30,2026-10-04T17:25:42.937402+00:00,https://archives.nseindia.com/content/indices/ind_close_all_30112022.csv,6ad5a19c729232b69f0e4f037310584e88a25ff0230e5c2cbe9bcc001b71a096
2022-12,Nifty 50,30-12-2022,21.79,4.25,1.27,True,validated,False,2022-12-30,2026-10-04T17:25:43.179230+00:00,https://archives.nseindia.com/content/indices/ind_close_all_30122022.csv,be267ea5b6a27b4914a39601fe8d8fca732b649aee0139dcdd5ca594f8b44004
2022-12,Nifty Auto,30-12-2022,38.3,4.89,1.02,True,validated,False,2022-12-30,2026-10-04T17:25:43.179230+00:00,https://archives.nseindia.com/content/indices/ind_close_all_30122022.csv,be267ea5b6a27b4914a39601fe8d8fca732b649aee0139dcdd5ca594f8b44004
2022-12,Nifty Bank,30-12-2022,18.08,2.83,.66,True,validated,False,2022-12-30,2026-10-04T17:25:43.179230+00:00,https://archives.nseindia.com/content/indices/ind_close_all_30122022.csv,be267ea5b6a27b4914a39601fe8d8fca732b649aee0139dcdd5ca594f8b44004
2022-12,Nifty Financial Services,30-12-2022,19.08,3.67,.77,True,validated,False,2022-12-30,2026-10-04T17:25:43.179230+00:00,https://archives.nseindia.com/content/indices/ind_close_all_30122022.csv,be267ea5b6a27b4914a39601fe8d8fca732b649aee0139dcdd5ca594f8b44004
2022-12,Nifty FMCG,30-12-2022,40.52,10.72,1.8,True,validated,False,2022-12-30,2026-10-04T17:25:43.179230+00:00,https://archives.nseindia.com/content/indices/ind_close_all_30122022.csv,be267ea5b6a27b4914a39601fe8d8fca732b649aee0139dcdd5ca594f8b44004
2022-12,Nifty IT,30-12-2022,26.29,8.05,2.12,True,validated,False,2022-12-30,2026-10-04T17:25:43.179230+00:00,https://archives.nseindia.com/content/indices/ind_close_all_30122022.csv,be267ea5b6a27b4914a39601fe8d8fca732b649aee0139dcdd5ca594f8b44004
2022-12,Nifty Metal,30-12-2022,10.36,2.19,3.9,True,validated,False,2022-12-30,2026-10-04T17:25:43.179230+00:00,https://archives.nseindia.com/content/indices/ind_close_all_30122022.csv,be267ea5b6a27b4914a39601fe8d8fca732b649aee0139dcdd5ca594f8b44004
2022-12,Nifty Pharma,30-12-2022,32.74,4.31,1.02,True,validated,False,2022-12-30,2026-10-04T17:25:43.179230+00:00,https://archives.nseindia.com/content/indices/ind_close_all_30122022.csv,be267ea5b6a27b4914a39601fe8d8fca732b649aee0139dcdd5ca594f8b44004
2022-12,Nifty PSU Bank,30-12-2022,11.1,1.16,1.49,True,validated,False,2022-12-30,2026-10-04T17:25:43.179230+00:00,https://archives.nseindia.com/content/indices/ind_close_all_30122022.csv,be267ea5b6a27b4914a39601fe8d8fca732b649aee0139dcdd5ca594f8b44004
2022-12,Nifty Realty,30-12-2022,41.79,3.18,.32,True,validated,False,2022-12-30,2026-10-04T17:25:43.179230+00:00,https://archives.nseindia.com/content/indices/ind_close_all_30122022.csv,be267ea5b6a27b4914a39601fe8d8fca732b649aee0139dcdd5ca594f8b44004
2022-12,Nifty Private Bank,30-12-2022,18.12,2.76,.56,True,validated,False,2022-12-30,2026-10-04T17:25:43.179230+00:00,https://archives.nseindia.com/content/indices/ind_close_all_30122022.csv,be267ea5b6a27b4914a39601fe8d8fca732b649aee0139dcdd5ca594f8b44004
2022-12,Nifty Oil & Gas,30-12-2022,15.21,2.07,2.58,True,validated,False,2022-12-30,2026-10-04T17:25:43.179230+00:00,https://archives.nseindia.com/content/indices/ind_close_all_30122022.csv,be267ea5b6a27b4914a39601fe8d8fca732b649aee0139dcdd5ca594f8b44004
2022-12,Nifty Healthcare Index,30-12-2022,35.4,4.64,.72,True,validated,False,2022-12-30,2026-10-04T17:25:43.179230+00:00,https://archives.nseindia.com/content/indices/ind_close_all_30122022.csv,be267ea5b6a27b4914a39601fe8d8fca732b649aee0139dcdd5ca594f8b44004
2022-12,Nifty Consumer Durables,30-12-2022,56.48,10.87,.54,True,validated,False,2022-12-30,2026-10-04T17:25:43.179230+00:00,https://archives.nseindia.com/content/indices/ind_close_all_30122022.csv,be267ea5b6a27b4914a39601fe8d8fca732b649aee0139dcdd5ca594f8b44004
2023-01,Nifty 50,31-01-2023,20.73,4.14,1.39,True,validated,False,2023-01-31,2026-10-04T17:25:43.116675+00:00,https://archives.nseindia.com/content/indices/ind_close_all_31012023.csv,d6c8f73d5d8e613ab95a350ea9e17bcd2dbfd5f016c416b034a3fbda54035b98
2023-01,Nifty Auto,31-01-2023,34.36,5.17,.96,True,validated,False,2023-01-31,2026-10-04T17:25:43.116675+00:00,https://archives.nseindia.com/content/indices/ind_close_all_31012023.csv,d6c8f73d5d8e613ab95a350ea9e17bcd2dbfd5f016c416b034a3fbda54035b98
2023-01,Nifty Bank,31-01-2023,16.21,2.68,.7,True,validated,False,2023-01-31,2026-10-04T17:25:43.116675+00:00,https://archives.nseindia.com/content/indices/ind_close_all_31012023.csv,d6c8f73d5d8e613ab95a350ea9e17bcd2dbfd5f016c416b034a3fbda54035b98
2023-01,Nifty Financial Services,31-01-2023,17.44,3.5,.81,True,validated,False,2023-01-31,2026-10-04T17:25:43.116675+00:00,https://archives.nseindia.com/content/indices/ind_close_all_31012023.csv,d6c8f73d5d8e613ab95a350ea9e17bcd2dbfd5f016c416b034a3fbda54035b98
2023-01,Nifty FMCG,31-01-2023,40.74,10.79,1.79,True,validated,False,2023-01-31,2026-10-04T17:25:43.116675+00:00,https://archives.nseindia.com/content/indices/ind_close_all_31012023.csv,d6c8f73d5d8e613ab95a350ea9e17bcd2dbfd5f016c416b034a3fbda54035b98
2023-01,Nifty IT,31-01-2023,26.35,8.32,2.63,True,validated,False,2023-01-31,2026-10-04T17:25:43.116675+00:00,https://archives.nseindia.com/content/indices/ind_close_all_31012023.csv,d6c8f73d5d8e613ab95a350ea9e17bcd2dbfd5f016c416b034a3fbda54035b98
2023-01,Nifty Metal,31-01-2023,10.51,2.11,4.15,True,validated,False,2023-01-31,2026-10-04T17:25:43.116675+00:00,https://archives.nseindia.com/content/indices/ind_close_all_31012023.csv,d6c8f73d5d8e613ab95a350ea9e17bcd2dbfd5f016c416b034a3fbda54035b98
2023-01,Nifty Pharma,31-01-2023,31,4.23,1.04,True,validated,False,2023-01-31,2026-10-04T17:25:43.116675+00:00,https://archives.nseindia.com/content/indices/ind_close_all_31012023.csv,d6c8f73d5d8e613ab95a350ea9e17bcd2dbfd5f016c416b034a3fbda54035b98
2023-01,Nifty PSU Bank,31-01-2023,9.77,1.08,1.61,True,validated,False,2023-01-31,2026-10-04T17:25:43.116675+00:00,https://archives.nseindia.com/content/indices/ind_close_all_31012023.csv,d6c8f73d5d8e613ab95a350ea9e17bcd2dbfd5f016c416b034a3fbda54035b98
2023-01,Nifty Realty,31-01-2023,38.73,3.03,.34,True,validated,False,2023-01-31,2026-10-04T17:25:43.116675+00:00,https://archives.nseindia.com/content/indices/ind_close_all_31012023.csv,d6c8f73d5d8e613ab95a350ea9e17bcd2dbfd5f016c416b034a3fbda54035b98
2023-01,Nifty Private Bank,31-01-2023,16.04,2.62,.59,True,validated,False,2023-01-31,2026-10-04T17:25:43.116675+00:00,https://archives.nseindia.com/content/indices/ind_close_all_31012023.csv,d6c8f73d5d8e613ab95a350ea9e17bcd2dbfd5f016c416b034a3fbda54035b98
2023-01,Nifty Oil & Gas,31-01-2023,14.7,1.86,2.87,True,validated,False,2023-01-31,2026-10-04T17:25:43.116675+00:00,https://archives.nseindia.com/content/indices/ind_close_all_31012023.csv,d6c8f73d5d8e613ab95a350ea9e17bcd2dbfd5f016c416b034a3fbda54035b98
2023-01,Nifty Healthcare Index,31-01-2023,33.5,4.55,.74,True,validated,False,2023-01-31,2026-10-04T17:25:43.116675+00:00,https://archives.nseindia.com/content/indices/ind_close_all_31012023.csv,d6c8f73d5d8e613ab95a350ea9e17bcd2dbfd5f016c416b034a3fbda54035b98
2023-01,Nifty Consumer Durables,31-01-2023,54.51,10.37,.6,True,validated,False,2023-01-31,2026-10-04T17:25:43.116675+00:00,https://archives.nseindia.com/content/indices/ind_close_all_31012023.csv,d6c8f73d5d8e613ab95a350ea9e17bcd2dbfd5f016c416b034a3fbda54035b98
2023-02,Nifty 50,28-02-2023,20.39,4.05,1.44,True,validated,False,2023-02-28,2026-10-04T17:25:43.140908+00:00,https://archives.nseindia.com/content/indices/ind_close_all_28022023.csv,4f015c0291eeeede6dffca8fd78a55118ca080113148263ba18ce38b2e81939c
2023-02,Nifty Auto,28-02-2023,31.81,4.93,1.05,True,validated,False,2023-02-28,2026-10-04T17:25:43.140908+00:00,https://archives.nseindia.com/content/indices/ind_close_all_28022023.csv,4f015c0291eeeede6dffca8fd78a55118ca080113148263ba18ce38b2e81939c
2023-02,Nifty Bank,28-02-2023,15.62,2.65,.71,True,validated,False,2023-02-28,2026-10-04T17:25:43.140908+00:00,https://archives.nseindia.com/content/indices/ind_close_all_28022023.csv,4f015c0291eeeede6dffca8fd78a55118ca080113148263ba18ce38b2e81939c
2023-02,Nifty Financial Services,28-02-2023,16.95,3.49,.8,True,validated,False,2023-02-28,2026-10-04T17:25:43.140908+00:00,https://archives.nseindia.com/content/indices/ind_close_all_28022023.csv,4f015c0291eeeede6dffca8fd78a55118ca080113148263ba18ce38b2e81939c
2023-02,Nifty FMCG,28-02-2023,39.29,10.91,1.8,True,validated,False,2023-02-28,2026-10-04T17:25:43.140908+00:00,https://archives.nseindia.com/content/indices/ind_close_all_28022023.csv,4f015c0291eeeede6dffca8fd78a55118ca080113148263ba18ce38b2e81939c
2023-02,Nifty IT,28-02-2023,26.28,8.3,2.64,True,validated,False,2023-02-28,2026-10-04T17:25:43.140908+00:00,https://archives.nseindia.com/content/indices/ind_close_all_28022023.csv,4f015c0291eeeede6dffca8fd78a55118ca080113148263ba18ce38b2e81939c
2023-02,Nifty Metal,28-02-2023,11.34,1.71,5.43,True,validated,False,2023-02-28,2026-10-04T17:25:43.140908+00:00,https://archives.nseindia.com/content/indices/ind_close_all_28022023.csv,4f015c0291eeeede6dffca8fd78a55118ca080113148263ba18ce38b2e81939c
2023-02,Nifty Pharma,28-02-2023,30.86,4.02,1.14,True,validated,False,2023-02-28,2026-10-04T17:25:43.140908+00:00,https://archives.nseindia.com/content/indices/ind_close_all_28022023.csv,4f015c0291eeeede6dffca8fd78a55118ca080113148263ba18ce38b2e81939c
2023-02,Nifty PSU Bank,28-02-2023,8.29,.99,1.76,True,validated,False,2023-02-28,2026-10-04T17:25:43.140908+00:00,https://archives.nseindia.com/content/indices/ind_close_all_28022023.csv,4f015c0291eeeede6dffca8fd78a55118ca080113148263ba18ce38b2e81939c
2023-02,Nifty Realty,28-02-2023,36.71,2.9,.35,True,validated,False,2023-02-28,2026-10-04T17:25:43.140908+00:00,https://archives.nseindia.com/content/indices/ind_close_all_28022023.csv,4f015c0291eeeede6dffca8fd78a55118ca080113148263ba18ce38b2e81939c
2023-02,Nifty Private Bank,28-02-2023,15.92,2.6,.6,True,validated,False,2023-02-28,2026-10-04T17:25:43.140908+00:00,https://archives.nseindia.com/content/indices/ind_close_all_28022023.csv,4f015c0291eeeede6dffca8fd78a55118ca080113148263ba18ce38b2e81939c
2023-02,Nifty Oil & Gas,28-02-2023,14.18,1.69,3.03,True,validated,False,2023-02-28,2026-10-04T17:25:43.140908+00:00,https://archives.nseindia.com/content/indices/ind_close_all_28022023.csv,4f015c0291eeeede6dffca8fd78a55118ca080113148263ba18ce38b2e81939c
2023-02,Nifty Healthcare Index,28-02-2023,33.73,4.35,.82,True,validated,False,2023-02-28,2026-10-04T17:25:43.140908+00:00,https://archives.nseindia.com/content/indices/ind_close_all_28022023.csv,4f015c0291eeeede6dffca8fd78a55118ca080113148263ba18ce38b2e81939c
2023-02,Nifty Consumer Durables,28-02-2023,57.17,10.3,.62,True,validated,False,2023-02-28,2026-10-04T17:25:43.140908+00:00,https://archives.nseindia.com/content/indices/ind_close_all_28022023.csv,4f015c0291eeeede6dffca8fd78a55118ca080113148263ba18ce38b2e81939c
2023-03,Nifty 50,31-03-2023,20.44,4.05,1.44,True,validated,False,2023-03-31,2026-10-04T17:25:43.237568+00:00,https://archives.nseindia.com/content/indices/ind_close_all_31032023.csv,e2b2eca54617afe75f3c936240acb23414fc1436d83507958e6c19060ae8f3bd
2023-03,Nifty Auto,31-03-2023,30.99,4.69,1.09,True,validated,False,2023-03-31,2026-10-04T17:25:43.237568+00:00,https://archives.nseindia.com/content/indices/ind_close_all_31032023.csv,e2b2eca54617afe75f3c936240acb23414fc1436d83507958e6c19060ae8f3bd
2023-03,Nifty Bank,31-03-2023,15.56,2.63,.71,True,validated,False,2023-03-31,2026-10-04T17:25:43.237568+00:00,https://archives.nseindia.com/content/indices/ind_close_all_31032023.csv,e2b2eca54617afe75f3c936240acb23414fc1436d83507958e6c19060ae8f3bd
2023-03,Nifty Financial Services,31-03-2023,17.03,3.42,.79,True,validated,False,2023-03-31,2026-10-04T17:25:43.237568+00:00,https://archives.nseindia.com/content/indices/ind_close_all_31032023.csv,e2b2eca54617afe75f3c936240acb23414fc1436d83507958e6c19060ae8f3bd
2023-03,Nifty FMCG,31-03-2023,41.31,10.94,1.71,True,validated,False,2023-03-31,2026-10-04T17:25:43.237568+00:00,https://archives.nseindia.com/content/indices/ind_close_all_31032023.csv,e2b2eca54617afe75f3c936240acb23414fc1436d83507958e6c19060ae8f3bd
2023-03,Nifty IT,31-03-2023,25.31,7.76,2.72,True,validated,False,2023-03-31,2026-10-04T17:25:43.237568+00:00,https://archives.nseindia.com/content/indices/ind_close_all_31032023.csv,e2b2eca54617afe75f3c936240acb23414fc1436d83507958e6c19060ae8f3bd
2023-03,Nifty Metal,31-03-2023,11.45,1.74,4.95,True,validated,False,2023-03-31,2026-10-04T17:25:43.237568+00:00,https://archives.nseindia.com/content/indices/ind_close_all_31032023.csv,e2b2eca54617afe75f3c936240acb23414fc1436d83507958e6c19060ae8f3bd
2023-03,Nifty Pharma,31-03-2023,31.55,4.27,1.1,True,validated,False,2023-03-31,2026-10-04T17:25:43.237568+00:00,https://archives.nseindia.com/content/indices/ind_close_all_31032023.csv,e2b2eca54617afe75f3c936240acb23414fc1436d83507958e6c19060ae8f3bd
2023-03,Nifty PSU Bank,31-03-2023,8.47,.96,1.74,True,validated,False,2023-03-31,2026-10-04T17:25:43.237568+00:00,https://archives.nseindia.com/content/indices/ind_close_all_31032023.csv,e2b2eca54617afe75f3c936240acb23414fc1436d83507958e6c19060ae8f3bd
2023-03,Nifty Realty,31-03-2023,35.11,2.58,.36,True,validated,False,2023-03-31,2026-10-04T17:25:43.237568+00:00,https://archives.nseindia.com/content/indices/ind_close_all_31032023.csv,e2b2eca54617afe75f3c936240acb23414fc1436d83507958e6c19060ae8f3bd
2023-03,Nifty Private Bank,31-03-2023,15.79,2.55,.59,True,validated,False,2023-03-31,2026-10-04T17:25:43.237568+00:00,https://archives.nseindia.com/content/indices/ind_close_all_31032023.csv,e2b2eca54617afe75f3c936240acb23414fc1436d83507958e6c19060ae8f3bd
2023-03,Nifty Oil & Gas,31-03-2023,14.23,1.67,3.13,True,validated,False,2023-03-31,2026-10-04T17:25:43.237568+00:00,https://archives.nseindia.com/content/indices/ind_close_all_31032023.csv,e2b2eca54617afe75f3c936240acb23414fc1436d83507958e6c19060ae8f3bd
2023-03,Nifty Healthcare Index,31-03-2023,35.26,4.71,.76,True,validated,False,2023-03-31,2026-10-04T17:25:43.237568+00:00,https://archives.nseindia.com/content/indices/ind_close_all_31032023.csv,e2b2eca54617afe75f3c936240acb23414fc1436d83507958e6c19060ae8f3bd
2023-03,Nifty Consumer Durables,31-03-2023,56.93,8.34,.63,True,validated,False,2023-03-31,2026-10-04T17:25:43.237568+00:00,https://archives.nseindia.com/content/indices/ind_close_all_31032023.csv,e2b2eca54617afe75f3c936240acb23414fc1436d83507958e6c19060ae8f3bd
2023-04,Nifty 50,28-04-2023,20.87,4.23,1.38,True,validated,False,2023-04-28,2026-10-04T17:25:43.843827+00:00,https://archives.nseindia.com/content/indices/ind_close_all_28042023.csv,ae59945d07a911c467ea69f9636121573d1d75851961d46edc55b1d7f070b117
2023-04,Nifty Auto,28-04-2023,33.25,5.1,1.01,True,validated,False,2023-04-28,2026-10-04T17:25:43.843827+00:00,https://archives.nseindia.com/content/indices/ind_close_all_28042023.csv,ae59945d07a911c467ea69f9636121573d1d75851961d46edc55b1d7f070b117
2023-04,Nifty Bank,28-04-2023,16.07,2.81,.66,True,validated,False,2023-04-28,2026-10-04T17:25:43.843827+00:00,https://archives.nseindia.com/content/indices/ind_close_all_28042023.csv,ae59945d07a911c467ea69f9636121573d1d75851961d46edc55b1d7f070b117
2023-04,Nifty Financial Services,28-04-2023,17.68,3.72,.74,True,validated,False,2023-04-28,2026-10-04T17:25:43.843827+00:00,https://archives.nseindia.com/content/indices/ind_close_all_28042023.csv,ae59945d07a911c467ea69f9636121573d1d75851961d46edc55b1d7f070b117
2023-04,Nifty FMCG,28-04-2023,42.86,11.88,1.76,True,validated,False,2023-04-28,2026-10-04T17:25:43.843827+00:00,https://archives.nseindia.com/content/indices/ind_close_all_28042023.csv,ae59945d07a911c467ea69f9636121573d1d75851961d46edc55b1d7f070b117
2023-04,Nifty IT,28-04-2023,24,7.76,2.69,True,validated,False,2023-04-28,2026-10-04T17:25:43.843827+00:00,https://archives.nseindia.com/content/indices/ind_close_all_28042023.csv,ae59945d07a911c467ea69f9636121573d1d75851961d46edc55b1d7f070b117
2023-04,Nifty Metal,28-04-2023,12.11,1.83,5.23,True,validated,False,2023-04-28,2026-10-04T17:25:43.843827+00:00,https://archives.nseindia.com/content/indices/ind_close_all_28042023.csv,ae59945d07a911c467ea69f9636121573d1d75851961d46edc55b1d7f070b117
2023-04,Nifty Pharma,28-04-2023,33.09,4.31,1.03,True,validated,False,2023-04-28,2026-10-04T17:25:43.843827+00:00,https://archives.nseindia.com/content/indices/ind_close_all_28042023.csv,ae59945d07a911c467ea69f9636121573d1d75851961d46edc55b1d7f070b117
2023-04,Nifty PSU Bank,28-04-2023,9.47,1.11,1.55,True,validated,False,2023-04-28,2026-10-04T17:25:43.843827+00:00,https://archives.nseindia.com/content/indices/ind_close_all_28042023.csv,ae59945d07a911c467ea69f9636121573d1d75851961d46edc55b1d7f070b117
2023-04,Nifty Realty,28-04-2023,40.57,3.31,.32,True,validated,False,2023-04-28,2026-10-04T17:25:43.843827+00:00,https://archives.nseindia.com/content/indices/ind_close_all_28042023.csv,ae59945d07a911c467ea69f9636121573d1d75851961d46edc55b1d7f070b117
2023-04,Nifty Private Bank,28-04-2023,16.19,2.73,.56,True,validated,False,2023-04-28,2026-10-04T17:25:43.843827+00:00,https://archives.nseindia.com/content/indices/ind_close_all_28042023.csv,ae59945d07a911c467ea69f9636121573d1d75851961d46edc55b1d7f070b117
2023-04,Nifty Oil & Gas,28-04-2023,14.76,1.82,2.99,True,validated,False,2023-04-28,2026-10-04T17:25:43.843827+00:00,https://archives.nseindia.com/content/indices/ind_close_all_28042023.csv,ae59945d07a911c467ea69f9636121573d1d75851961d46edc55b1d7f070b117
2023-04,Nifty Healthcare Index,28-04-2023,37.08,4.82,.73,True,validated,False,2023-04-28,2026-10-04T17:25:43.843827+00:00,https://archives.nseindia.com/content/indices/ind_close_all_28042023.csv,ae59945d07a911c467ea69f9636121573d1d75851961d46edc55b1d7f070b117
2023-04,Nifty Consumer Durables,28-04-2023,57.5,10.31,.62,True,validated,False,2023-04-28,2026-10-04T17:25:43.843827+00:00,https://archives.nseindia.com/content/indices/ind_close_all_28042023.csv,ae59945d07a911c467ea69f9636121573d1d75851961d46edc55b1d7f070b117
2023-05,Nifty 50,31-05-2023,21.59,4.33,1.36,True,validated,False,2023-05-31,2026-10-04T17:25:43.371198+00:00,https://archives.nseindia.com/content/indices/ind_close_all_31052023.csv,451adc51ebb2ce7ca56982bc88d3d8d399b3d0b87841d75feac82a6f509d4dd6
2023-05,Nifty Auto,31-05-2023,28.83,5.49,.94,True,validated,False,2023-05-31,2026-10-04T17:25:43.371198+00:00,https://archives.nseindia.com/content/indices/ind_close_all_31052023.csv,451adc51ebb2ce7ca56982bc88d3d8d399b3d0b87841d75feac82a6f509d4dd6
2023-05,Nifty Bank,31-05-2023,16.46,2.86,.78,True,validated,False,2023-05-31,2026-10-04T17:25:43.371198+00:00,https://archives.nseindia.com/content/indices/ind_close_all_31052023.csv,451adc51ebb2ce7ca56982bc88d3d8d399b3d0b87841d75feac82a6f509d4dd6
2023-05,Nifty Financial Services,31-05-2023,18.09,3.77,.9,True,validated,False,2023-05-31,2026-10-04T17:25:43.371198+00:00,https://archives.nseindia.com/content/indices/ind_close_all_31052023.csv,451adc51ebb2ce7ca56982bc88d3d8d399b3d0b87841d75feac82a6f509d4dd6
2023-05,Nifty FMCG,31-05-2023,43.99,12.59,1.95,True,validated,False,2023-05-31,2026-10-04T17:25:43.371198+00:00,https://archives.nseindia.com/content/indices/ind_close_all_31052023.csv,451adc51ebb2ce7ca56982bc88d3d8d399b3d0b87841d75feac82a6f509d4dd6
2023-05,Nifty IT,31-05-2023,25.5,8.21,2.07,True,validated,False,2023-05-31,2026-10-04T17:25:43.371198+00:00,https://archives.nseindia.com/content/indices/ind_close_all_31052023.csv,451adc51ebb2ce7ca56982bc88d3d8d399b3d0b87841d75feac82a6f509d4dd6
2023-05,Nifty Metal,31-05-2023,16.23,1.85,4.82,True,validated,False,2023-05-31,2026-10-04T17:25:43.371198+00:00,https://archives.nseindia.com/content/indices/ind_close_all_31052023.csv,451adc51ebb2ce7ca56982bc88d3d8d399b3d0b87841d75feac82a6f509d4dd6
2023-05,Nifty Pharma,31-05-2023,27.89,4.33,1.02,True,validated,False,2023-05-31,2026-10-04T17:25:43.371198+00:00,https://archives.nseindia.com/content/indices/ind_close_all_31052023.csv,451adc51ebb2ce7ca56982bc88d3d8d399b3d0b87841d75feac82a6f509d4dd6
2023-05,Nifty PSU Bank,31-05-2023,7.59,1.08,1.89,True,validated,False,2023-05-31,2026-10-04T17:25:43.371198+00:00,https://archives.nseindia.com/content/indices/ind_close_all_31052023.csv,451adc51ebb2ce7ca56982bc88d3d8d399b3d0b87841d75feac82a6f509d4dd6
2023-05,Nifty Realty,31-05-2023,38.26,3.56,.29,True,validated,False,2023-05-31,2026-10-04T17:25:43.371198+00:00,https://archives.nseindia.com/content/indices/ind_close_all_31052023.csv,451adc51ebb2ce7ca56982bc88d3d8d399b3d0b87841d75feac82a6f509d4dd6
2023-05,Nifty Private Bank,31-05-2023,17.5,2.8,.6,True,validated,False,2023-05-31,2026-10-04T17:25:43.371198+00:00,https://archives.nseindia.com/content/indices/ind_close_all_31052023.csv,451adc51ebb2ce7ca56982bc88d3d8d399b3d0b87841d75feac82a6f509d4dd6
2023-05,Nifty Oil & Gas,31-05-2023,14.61,1.8,3.05,True,validated,False,2023-05-31,2026-10-04T17:25:43.371198+00:00,https://archives.nseindia.com/content/indices/ind_close_all_31052023.csv,451adc51ebb2ce7ca56982bc88d3d8d399b3d0b87841d75feac82a6f509d4dd6
2023-05,Nifty Healthcare Index,31-05-2023,32.05,4.94,.71,True,validated,False,2023-05-31,2026-10-04T17:25:43.371198+00:00,https://archives.nseindia.com/content/indices/ind_close_all_31052023.csv,451adc51ebb2ce7ca56982bc88d3d8d399b3d0b87841d75feac82a6f509d4dd6
2023-05,Nifty Consumer Durables,31-05-2023,60.1,11.08,.58,True,validated,False,2023-05-31,2026-10-04T17:25:43.371198+00:00,https://archives.nseindia.com/content/indices/ind_close_all_31052023.csv,451adc51ebb2ce7ca56982bc88d3d8d399b3d0b87841d75feac82a6f509d4dd6
2023-06,Nifty 50,30-06-2023,22.36,4.5,1.41,True,validated,False,2023-06-30,2026-10-04T17:25:43.406636+00:00,https://archives.nseindia.com/content/indices/ind_close_all_30062023.csv,f771e743c457724f0b8e31db8637f377ea5404dccf059ef22929d1d292040551
2023-06,Nifty Auto,30-06-2023,30.87,5.83,.87,True,validated,False,2023-06-30,2026-10-04T17:25:43.406636+00:00,https://archives.nseindia.com/content/indices/ind_close_all_30062023.csv,f771e743c457724f0b8e31db8637f377ea5404dccf059ef22929d1d292040551
2023-06,Nifty Bank,30-06-2023,16.81,2.96,.88,True,validated,False,2023-06-30,2026-10-04T17:25:43.406636+00:00,https://archives.nseindia.com/content/indices/ind_close_all_30062023.csv,f771e743c457724f0b8e31db8637f377ea5404dccf059ef22929d1d292040551
2023-06,Nifty Financial Services,30-06-2023,18.72,3.91,.92,True,validated,False,2023-06-30,2026-10-04T17:25:43.406636+00:00,https://archives.nseindia.com/content/indices/ind_close_all_30062023.csv,f771e743c457724f0b8e31db8637f377ea5404dccf059ef22929d1d292040551
2023-06,Nifty FMCG,30-06-2023,45.29,12.73,1.81,True,validated,False,2023-06-30,2026-10-04T17:25:43.406636+00:00,https://archives.nseindia.com/content/indices/ind_close_all_30062023.csv,f771e743c457724f0b8e31db8637f377ea5404dccf059ef22929d1d292040551
2023-06,Nifty IT,30-06-2023,25.42,8.14,2.58,True,validated,False,2023-06-30,2026-10-04T17:25:43.406636+00:00,https://archives.nseindia.com/content/indices/ind_close_all_30062023.csv,f771e743c457724f0b8e31db8637f377ea5404dccf059ef22929d1d292040551
2023-06,Nifty Metal,30-06-2023,17.12,1.97,4.38,True,validated,False,2023-06-30,2026-10-04T17:25:43.406636+00:00,https://archives.nseindia.com/content/indices/ind_close_all_30062023.csv,f771e743c457724f0b8e31db8637f377ea5404dccf059ef22929d1d292040551
2023-06,Nifty Pharma,30-06-2023,30.06,4.72,.93,True,validated,False,2023-06-30,2026-10-04T17:25:43.406636+00:00,https://archives.nseindia.com/content/indices/ind_close_all_30062023.csv,f771e743c457724f0b8e31db8637f377ea5404dccf059ef22929d1d292040551
2023-06,Nifty PSU Bank,30-06-2023,7.63,1.09,2.37,True,validated,False,2023-06-30,2026-10-04T17:25:43.406636+00:00,https://archives.nseindia.com/content/indices/ind_close_all_30062023.csv,f771e743c457724f0b8e31db8637f377ea5404dccf059ef22929d1d292040551
2023-06,Nifty Realty,30-06-2023,49.31,3.87,.31,True,validated,False,2023-06-30,2026-10-04T17:25:43.406636+00:00,https://archives.nseindia.com/content/indices/ind_close_all_30062023.csv,f771e743c457724f0b8e31db8637f377ea5404dccf059ef22929d1d292040551
2023-06,Nifty Private Bank,30-06-2023,17.99,2.9,.7,True,validated,False,2023-06-30,2026-10-04T17:25:43.406636+00:00,https://archives.nseindia.com/content/indices/ind_close_all_30062023.csv,f771e743c457724f0b8e31db8637f377ea5404dccf059ef22929d1d292040551
2023-06,Nifty Oil & Gas,30-06-2023,14.63,1.8,3.06,True,validated,False,2023-06-30,2026-10-04T17:25:43.406636+00:00,https://archives.nseindia.com/content/indices/ind_close_all_30062023.csv,f771e743c457724f0b8e31db8637f377ea5404dccf059ef22929d1d292040551
2023-06,Nifty Healthcare Index,30-06-2023,34.66,5.39,.61,True,validated,False,2023-06-30,2026-10-04T17:25:43.406636+00:00,https://archives.nseindia.com/content/indices/ind_close_all_30062023.csv,f771e743c457724f0b8e31db8637f377ea5404dccf059ef22929d1d292040551
2023-06,Nifty Consumer Durables,30-06-2023,60.64,11.34,.54,True,validated,False,2023-06-30,2026-10-04T17:25:43.406636+00:00,https://archives.nseindia.com/content/indices/ind_close_all_30062023.csv,f771e743c457724f0b8e31db8637f377ea5404dccf059ef22929d1d292040551
2023-07,Nifty 50,31-07-2023,23.01,4.83,1.28,True,validated,False,2023-07-31,2026-10-04T17:25:43.434980+00:00,https://archives.nseindia.com/content/indices/ind_close_all_31072023.csv,1ba393e28d5eec776117b18c15c1a6d036580adb5f53c5b17b1accf571a7516a
2023-07,Nifty Auto,31-07-2023,26.92,5.97,.99,True,validated,False,2023-07-31,2026-10-04T17:25:43.434980+00:00,https://archives.nseindia.com/content/indices/ind_close_all_31072023.csv,1ba393e28d5eec776117b18c15c1a6d036580adb5f53c5b17b1accf571a7516a
2023-07,Nifty Bank,31-07-2023,17.37,3.17,.76,True,validated,False,2023-07-31,2026-10-04T17:25:43.434980+00:00,https://archives.nseindia.com/content/indices/ind_close_all_31072023.csv,1ba393e28d5eec776117b18c15c1a6d036580adb5f53c5b17b1accf571a7516a
2023-07,Nifty Financial Services,31-07-2023,19.46,4.13,.74,True,validated,False,2023-07-31,2026-10-04T17:25:43.434980+00:00,https://archives.nseindia.com/content/indices/ind_close_all_31072023.csv,1ba393e28d5eec776117b18c15c1a6d036580adb5f53c5b17b1accf571a7516a
2023-07,Nifty FMCG,31-07-2023,45.06,12.75,1.79,True,validated,False,2023-07-31,2026-10-04T17:25:43.434980+00:00,https://archives.nseindia.com/content/indices/ind_close_all_31072023.csv,1ba393e28d5eec776117b18c15c1a6d036580adb5f53c5b17b1accf571a7516a
2023-07,Nifty IT,31-07-2023,25.17,8.12,2.66,True,validated,False,2023-07-31,2026-10-04T17:25:43.434980+00:00,https://archives.nseindia.com/content/indices/ind_close_all_31072023.csv,1ba393e28d5eec776117b18c15c1a6d036580adb5f53c5b17b1accf571a7516a
2023-07,Nifty Metal,31-07-2023,22.88,2.17,3.14,True,validated,False,2023-07-31,2026-10-04T17:25:43.434980+00:00,https://archives.nseindia.com/content/indices/ind_close_all_31072023.csv,1ba393e28d5eec776117b18c15c1a6d036580adb5f53c5b17b1accf571a7516a
2023-07,Nifty Pharma,31-07-2023,32.34,5.12,1.04,True,validated,False,2023-07-31,2026-10-04T17:25:43.434980+00:00,https://archives.nseindia.com/content/indices/ind_close_all_31072023.csv,1ba393e28d5eec776117b18c15c1a6d036580adb5f53c5b17b1accf571a7516a
2023-07,Nifty PSU Bank,31-07-2023,7.95,1.16,2.27,True,validated,False,2023-07-31,2026-10-04T17:25:43.434980+00:00,https://archives.nseindia.com/content/indices/ind_close_all_31072023.csv,1ba393e28d5eec776117b18c15c1a6d036580adb5f53c5b17b1accf571a7516a
2023-07,Nifty Realty,31-07-2023,54.85,4.18,.46,True,validated,False,2023-07-31,2026-10-04T17:25:43.434980+00:00,https://archives.nseindia.com/content/indices/ind_close_all_31072023.csv,1ba393e28d5eec776117b18c15c1a6d036580adb5f53c5b17b1accf571a7516a
2023-07,Nifty Private Bank,31-07-2023,18.36,3.15,.54,True,validated,False,2023-07-31,2026-10-04T17:25:43.434980+00:00,https://archives.nseindia.com/content/indices/ind_close_all_31072023.csv,1ba393e28d5eec776117b18c15c1a6d036580adb5f53c5b17b1accf571a7516a
2023-07,Nifty Oil & Gas,31-07-2023,12.45,1.94,3.02,True,validated,False,2023-07-31,2026-10-04T17:25:43.434980+00:00,https://archives.nseindia.com/content/indices/ind_close_all_31072023.csv,1ba393e28d5eec776117b18c15c1a6d036580adb5f53c5b17b1accf571a7516a
2023-07,Nifty Healthcare Index,31-07-2023,36.65,5.74,.8,True,validated,False,2023-07-31,2026-10-04T17:25:43.434980+00:00,https://archives.nseindia.com/content/indices/ind_close_all_31072023.csv,1ba393e28d5eec776117b18c15c1a6d036580adb5f53c5b17b1accf571a7516a
2023-07,Nifty Consumer Durables,31-07-2023,60.49,10.76,.58,True,validated,False,2023-07-31,2026-10-04T17:25:43.434980+00:00,https://archives.nseindia.com/content/indices/ind_close_all_31072023.csv,1ba393e28d5eec776117b18c15c1a6d036580adb5f53c5b17b1accf571a7516a
2023-08,Nifty 50,31-08-2023,21.97,4.4,1.38,True,validated,False,2023-08-31,2026-10-04T17:25:43.616061+00:00,https://archives.nseindia.com/content/indices/ind_close_all_31082023.csv,0e3c1ac0b8031092ee6d6459421b711ebde2fbd4f5e38b5733f8e3674db8c659
2023-08,Nifty Auto,31-08-2023,24.78,5.91,1.08,True,validated,False,2023-08-31,2026-10-04T17:25:43.616061+00:00,https://archives.nseindia.com/content/indices/ind_close_all_31082023.csv,0e3c1ac0b8031092ee6d6459421b711ebde2fbd4f5e38b5733f8e3674db8c659
2023-08,Nifty Bank,31-08-2023,15.97,2.72,.85,True,validated,False,2023-08-31,2026-10-04T17:25:43.616061+00:00,https://archives.nseindia.com/content/indices/ind_close_all_31082023.csv,0e3c1ac0b8031092ee6d6459421b711ebde2fbd4f5e38b5733f8e3674db8c659
2023-08,Nifty Financial Services,31-08-2023,18.07,3.49,.85,True,validated,False,2023-08-31,2026-10-04T17:25:43.616061+00:00,https://archives.nseindia.com/content/indices/ind_close_all_31082023.csv,0e3c1ac0b8031092ee6d6459421b711ebde2fbd4f5e38b5733f8e3674db8c659
2023-08,Nifty FMCG,31-08-2023,42.6,11.82,1.84,True,validated,False,2023-08-31,2026-10-04T17:25:43.616061+00:00,https://archives.nseindia.com/content/indices/ind_close_all_31082023.csv,0e3c1ac0b8031092ee6d6459421b711ebde2fbd4f5e38b5733f8e3674db8c659
2023-08,Nifty IT,31-08-2023,26.21,8.58,2.56,True,validated,False,2023-08-31,2026-10-04T17:25:43.616061+00:00,https://archives.nseindia.com/content/indices/ind_close_all_31082023.csv,0e3c1ac0b8031092ee6d6459421b711ebde2fbd4f5e38b5733f8e3674db8c659
2023-08,Nifty Metal,31-08-2023,24.02,2.13,3.22,True,validated,False,2023-08-31,2026-10-04T17:25:43.616061+00:00,https://archives.nseindia.com/content/indices/ind_close_all_31082023.csv,0e3c1ac0b8031092ee6d6459421b711ebde2fbd4f5e38b5733f8e3674db8c659
2023-08,Nifty Pharma,31-08-2023,31.85,4.95,.87,True,validated,False,2023-08-31,2026-10-04T17:25:43.616061+00:00,https://archives.nseindia.com/content/indices/ind_close_all_31082023.csv,0e3c1ac0b8031092ee6d6459421b711ebde2fbd4f5e38b5733f8e3674db8c659
2023-08,Nifty PSU Bank,31-08-2023,7.03,1.06,2.35,True,validated,False,2023-08-31,2026-10-04T17:25:43.616061+00:00,https://archives.nseindia.com/content/indices/ind_close_all_31082023.csv,0e3c1ac0b8031092ee6d6459421b711ebde2fbd4f5e38b5733f8e3674db8c659
2023-08,Nifty Realty,31-08-2023,82.48,4,.32,True,validated,False,2023-08-31,2026-10-04T17:25:43.616061+00:00,https://archives.nseindia.com/content/indices/ind_close_all_31082023.csv,0e3c1ac0b8031092ee6d6459421b711ebde2fbd4f5e38b5733f8e3674db8c659
2023-08,Nifty Private Bank,31-08-2023,17.91,2.74,.65,True,validated,False,2023-08-31,2026-10-04T17:25:43.616061+00:00,https://archives.nseindia.com/content/indices/ind_close_all_31082023.csv,0e3c1ac0b8031092ee6d6459421b711ebde2fbd4f5e38b5733f8e3674db8c659
2023-08,Nifty Oil & Gas,31-08-2023,8.78,1.85,2.51,True,validated,False,2023-08-31,2026-10-04T17:25:43.616061+00:00,https://archives.nseindia.com/content/indices/ind_close_all_31082023.csv,0e3c1ac0b8031092ee6d6459421b711ebde2fbd4f5e38b5733f8e3674db8c659
2023-08,Nifty Healthcare Index,31-08-2023,35.83,5.48,.69,True,validated,False,2023-08-31,2026-10-04T17:25:43.616061+00:00,https://archives.nseindia.com/content/indices/ind_close_all_31082023.csv,0e3c1ac0b8031092ee6d6459421b711ebde2fbd4f5e38b5733f8e3674db8c659
2023-08,Nifty Consumer Durables,31-08-2023,63.05,11.03,.45,True,validated,False,2023-08-31,2026-10-04T17:25:43.616061+00:00,https://archives.nseindia.com/content/indices/ind_close_all_31082023.csv,0e3c1ac0b8031092ee6d6459421b711ebde2fbd4f5e38b5733f8e3674db8c659
2023-09,Nifty 50,29-09-2023,22.21,3.45,1.37,True,validated,False,2023-09-29,2026-10-04T17:25:43.822896+00:00,https://archives.nseindia.com/content/indices/ind_close_all_29092023.csv,2a16d212991a3866b32e4e7a5d852057b5130324644908e6c462761aeff8f4b7
2023-09,Nifty Auto,29-09-2023,25.61,4.61,1.04,True,validated,False,2023-09-29,2026-10-04T17:25:43.822896+00:00,https://archives.nseindia.com/content/indices/ind_close_all_29092023.csv,2a16d212991a3866b32e4e7a5d852057b5130324644908e6c462761aeff8f4b7
2023-09,Nifty Bank,29-09-2023,16.39,2.59,.83,True,validated,False,2023-09-29,2026-10-04T17:25:43.822896+00:00,https://archives.nseindia.com/content/indices/ind_close_all_29092023.csv,2a16d212991a3866b32e4e7a5d852057b5130324644908e6c462761aeff8f4b7
2023-09,Nifty Financial Services,29-09-2023,18.46,3.09,.83,True,validated,False,2023-09-29,2026-10-04T17:25:43.822896+00:00,https://archives.nseindia.com/content/indices/ind_close_all_29092023.csv,2a16d212991a3866b32e4e7a5d852057b5130324644908e6c462761aeff8f4b7
2023-09,Nifty FMCG,29-09-2023,42.64,10.77,1.86,True,validated,False,2023-09-29,2026-10-04T17:25:43.822896+00:00,https://archives.nseindia.com/content/indices/ind_close_all_29092023.csv,2a16d212991a3866b32e4e7a5d852057b5130324644908e6c462761aeff8f4b7
2023-09,Nifty IT,29-09-2023,26.74,6.93,2.51,True,validated,False,2023-09-29,2026-10-04T17:25:43.822896+00:00,https://archives.nseindia.com/content/indices/ind_close_all_29092023.csv,2a16d212991a3866b32e4e7a5d852057b5130324644908e6c462761aeff8f4b7
2023-09,Nifty Metal,29-09-2023,24.88,2.06,3.11,True,validated,False,2023-09-29,2026-10-04T17:25:43.822896+00:00,https://archives.nseindia.com/content/indices/ind_close_all_29092023.csv,2a16d212991a3866b32e4e7a5d852057b5130324644908e6c462761aeff8f4b7
2023-09,Nifty Pharma,29-09-2023,32.55,4.2,.85,True,validated,False,2023-09-29,2026-10-04T17:25:43.822896+00:00,https://archives.nseindia.com/content/indices/ind_close_all_29092023.csv,2a16d212991a3866b32e4e7a5d852057b5130324644908e6c462761aeff8f4b7
2023-09,Nifty PSU Bank,29-09-2023,8.01,1.2,2.04,True,validated,False,2023-09-29,2026-10-04T17:25:43.822896+00:00,https://archives.nseindia.com/content/indices/ind_close_all_29092023.csv,2a16d212991a3866b32e4e7a5d852057b5130324644908e6c462761aeff8f4b7
2023-09,Nifty Realty,29-09-2023,47.68,3.66,.35,True,validated,False,2023-09-29,2026-10-04T17:25:43.822896+00:00,https://archives.nseindia.com/content/indices/ind_close_all_29092023.csv,2a16d212991a3866b32e4e7a5d852057b5130324644908e6c462761aeff8f4b7
2023-09,Nifty Private Bank,29-09-2023,18.38,2.64,.65,True,validated,False,2023-09-29,2026-10-04T17:25:43.822896+00:00,https://archives.nseindia.com/content/indices/ind_close_all_29092023.csv,2a16d212991a3866b32e4e7a5d852057b5130324644908e6c462761aeff8f4b7
2023-09,Nifty Oil & Gas,29-09-2023,8.91,1.44,2.4,True,validated,False,2023-09-29,2026-10-04T17:25:43.822896+00:00,https://archives.nseindia.com/content/indices/ind_close_all_29092023.csv,2a16d212991a3866b32e4e7a5d852057b5130324644908e6c462761aeff8f4b7
2023-09,Nifty Healthcare Index,29-09-2023,36.75,4.63,.68,True,validated,False,2023-09-29,2026-10-04T17:25:43.822896+00:00,https://archives.nseindia.com/content/indices/ind_close_all_29092023.csv,2a16d212991a3866b32e4e7a5d852057b5130324644908e6c462761aeff8f4b7
2023-09,Nifty Consumer Durables,29-09-2023,63.3,9.23,.45,True,validated,False,2023-09-29,2026-10-04T17:25:43.822896+00:00,https://archives.nseindia.com/content/indices/ind_close_all_29092023.csv,2a16d212991a3866b32e4e7a5d852057b5130324644908e6c462761aeff8f4b7
2023-10,Nifty 50,31-10-2023,20.45,3.35,1.41,True,validated,False,2023-10-31,2026-10-04T17:25:43.646670+00:00,https://archives.nseindia.com/content/indices/ind_close_all_31102023.csv,43f5ce22c87eb2a748ace4e2b87e938b5dc0ad8865a09750785dcca354931868
2023-10,Nifty Auto,31-10-2023,24.48,4.53,1.07,True,validated,False,2023-10-31,2026-10-04T17:25:43.646670+00:00,https://archives.nseindia.com/content/indices/ind_close_all_31102023.csv,43f5ce22c87eb2a748ace4e2b87e938b5dc0ad8865a09750785dcca354931868
2023-10,Nifty Bank,31-10-2023,14.8,2.49,.87,True,validated,False,2023-10-31,2026-10-04T17:25:43.646670+00:00,https://archives.nseindia.com/content/indices/ind_close_all_31102023.csv,43f5ce22c87eb2a748ace4e2b87e938b5dc0ad8865a09750785dcca354931868
2023-10,Nifty Financial Services,31-10-2023,16.84,3,.86,True,validated,False,2023-10-31,2026-10-04T17:25:43.646670+00:00,https://archives.nseindia.com/content/indices/ind_close_all_31102023.csv,43f5ce22c87eb2a748ace4e2b87e938b5dc0ad8865a09750785dcca354931868
2023-10,Nifty FMCG,31-10-2023,41.87,10.7,1.8,True,validated,False,2023-10-31,2026-10-04T17:25:43.646670+00:00,https://archives.nseindia.com/content/indices/ind_close_all_31102023.csv,43f5ce22c87eb2a748ace4e2b87e938b5dc0ad8865a09750785dcca354931868
2023-10,Nifty IT,31-10-2023,25.75,6.66,2.68,True,validated,False,2023-10-31,2026-10-04T17:25:43.646670+00:00,https://archives.nseindia.com/content/indices/ind_close_all_31102023.csv,43f5ce22c87eb2a748ace4e2b87e938b5dc0ad8865a09750785dcca354931868
2023-10,Nifty Metal,31-10-2023,21.71,1.94,3.3,True,validated,False,2023-10-31,2026-10-04T17:25:43.646670+00:00,https://archives.nseindia.com/content/indices/ind_close_all_31102023.csv,43f5ce22c87eb2a748ace4e2b87e938b5dc0ad8865a09750785dcca354931868
2023-10,Nifty Pharma,31-10-2023,30.37,4,.89,True,validated,False,2023-10-31,2026-10-04T17:25:43.646670+00:00,https://archives.nseindia.com/content/indices/ind_close_all_31102023.csv,43f5ce22c87eb2a748ace4e2b87e938b5dc0ad8865a09750785dcca354931868
2023-10,Nifty PSU Bank,31-10-2023,7.11,1.13,2.17,True,validated,False,2023-10-31,2026-10-04T17:25:43.646670+00:00,https://archives.nseindia.com/content/indices/ind_close_all_31102023.csv,43f5ce22c87eb2a748ace4e2b87e938b5dc0ad8865a09750785dcca354931868
2023-10,Nifty Realty,31-10-2023,44.44,3.84,.34,True,validated,False,2023-10-31,2026-10-04T17:25:43.646670+00:00,https://archives.nseindia.com/content/indices/ind_close_all_31102023.csv,43f5ce22c87eb2a748ace4e2b87e938b5dc0ad8865a09750785dcca354931868
2023-10,Nifty Private Bank,31-10-2023,16.34,2.54,.68,True,validated,False,2023-10-31,2026-10-04T17:25:43.646670+00:00,https://archives.nseindia.com/content/indices/ind_close_all_31102023.csv,43f5ce22c87eb2a748ace4e2b87e938b5dc0ad8865a09750785dcca354931868
2023-10,Nifty Oil & Gas,31-10-2023,7.87,1.38,2.5,True,validated,False,2023-10-31,2026-10-04T17:25:43.646670+00:00,https://archives.nseindia.com/content/indices/ind_close_all_31102023.csv,43f5ce22c87eb2a748ace4e2b87e938b5dc0ad8865a09750785dcca354931868
2023-10,Nifty Healthcare Index,31-10-2023,34.2,4.41,.71,True,validated,False,2023-10-31,2026-10-04T17:25:43.646670+00:00,https://archives.nseindia.com/content/indices/ind_close_all_31102023.csv,43f5ce22c87eb2a748ace4e2b87e938b5dc0ad8865a09750785dcca354931868
2023-10,Nifty Consumer Durables,31-10-2023,60.03,8.98,.46,True,validated,False,2023-10-31,2026-10-04T17:25:43.646670+00:00,https://archives.nseindia.com/content/indices/ind_close_all_31102023.csv,43f5ce22c87eb2a748ace4e2b87e938b5dc0ad8865a09750785dcca354931868
2023-11,Nifty 50,30-11-2023,21.52,3.53,1.35,True,validated,False,2023-11-30,2026-10-04T17:25:43.842783+00:00,https://archives.nseindia.com/content/indices/ind_close_all_30112023.csv,ef04c9a779e2f9b2efe1d7dffd861238c1c875b8435b44bbe18d2dadce081211
2023-11,Nifty Auto,30-11-2023,24.68,5,.96,True,validated,False,2023-11-30,2026-10-04T17:25:43.842783+00:00,https://archives.nseindia.com/content/indices/ind_close_all_30112023.csv,ef04c9a779e2f9b2efe1d7dffd861238c1c875b8435b44bbe18d2dadce081211
2023-11,Nifty Bank,30-11-2023,15.25,2.58,.83,True,validated,False,2023-11-30,2026-10-04T17:25:43.842783+00:00,https://archives.nseindia.com/content/indices/ind_close_all_30112023.csv,ef04c9a779e2f9b2efe1d7dffd861238c1c875b8435b44bbe18d2dadce081211
2023-11,Nifty Financial Services,30-11-2023,17.36,3.13,.84,True,validated,False,2023-11-30,2026-10-04T17:25:43.842783+00:00,https://archives.nseindia.com/content/indices/ind_close_all_30112023.csv,ef04c9a779e2f9b2efe1d7dffd861238c1c875b8435b44bbe18d2dadce081211
2023-11,Nifty FMCG,30-11-2023,43.17,11.07,1.88,True,validated,False,2023-11-30,2026-10-04T17:25:43.842783+00:00,https://archives.nseindia.com/content/indices/ind_close_all_30112023.csv,ef04c9a779e2f9b2efe1d7dffd861238c1c875b8435b44bbe18d2dadce081211
2023-11,Nifty IT,30-11-2023,27.43,7.1,2.48,True,validated,False,2023-11-30,2026-10-04T17:25:43.842783+00:00,https://archives.nseindia.com/content/indices/ind_close_all_30112023.csv,ef04c9a779e2f9b2efe1d7dffd861238c1c875b8435b44bbe18d2dadce081211
2023-11,Nifty Metal,30-11-2023,30.91,2.11,2.56,True,validated,False,2023-11-30,2026-10-04T17:25:43.842783+00:00,https://archives.nseindia.com/content/indices/ind_close_all_30112023.csv,ef04c9a779e2f9b2efe1d7dffd861238c1c875b8435b44bbe18d2dadce081211
2023-11,Nifty Pharma,30-11-2023,32.71,4.42,.81,True,validated,False,2023-11-30,2026-10-04T17:25:43.842783+00:00,https://archives.nseindia.com/content/indices/ind_close_all_30112023.csv,ef04c9a779e2f9b2efe1d7dffd861238c1c875b8435b44bbe18d2dadce081211
2023-11,Nifty PSU Bank,30-11-2023,7.1,1.15,2.12,True,validated,False,2023-11-30,2026-10-04T17:25:43.842783+00:00,https://archives.nseindia.com/content/indices/ind_close_all_30112023.csv,ef04c9a779e2f9b2efe1d7dffd861238c1c875b8435b44bbe18d2dadce081211
2023-11,Nifty Realty,30-11-2023,45.73,4.54,.3,True,validated,False,2023-11-30,2026-10-04T17:25:43.842783+00:00,https://archives.nseindia.com/content/indices/ind_close_all_30112023.csv,ef04c9a779e2f9b2efe1d7dffd861238c1c875b8435b44bbe18d2dadce081211
2023-11,Nifty Private Bank,30-11-2023,17,2.64,.65,True,validated,False,2023-11-30,2026-10-04T17:25:43.842783+00:00,https://archives.nseindia.com/content/indices/ind_close_all_30112023.csv,ef04c9a779e2f9b2efe1d7dffd861238c1c875b8435b44bbe18d2dadce081211
2023-11,Nifty Oil & Gas,30-11-2023,7.2,1.53,2.61,True,validated,False,2023-11-30,2026-10-04T17:25:43.842783+00:00,https://archives.nseindia.com/content/indices/ind_close_all_30112023.csv,ef04c9a779e2f9b2efe1d7dffd861238c1c875b8435b44bbe18d2dadce081211
2023-11,Nifty Healthcare Index,30-11-2023,37.57,4.91,.65,True,validated,False,2023-11-30,2026-10-04T17:25:43.842783+00:00,https://archives.nseindia.com/content/indices/ind_close_all_30112023.csv,ef04c9a779e2f9b2efe1d7dffd861238c1c875b8435b44bbe18d2dadce081211
2023-11,Nifty Consumer Durables,30-11-2023,65.23,9.42,.46,True,validated,False,2023-11-30,2026-10-04T17:25:43.842783+00:00,https://archives.nseindia.com/content/indices/ind_close_all_30112023.csv,ef04c9a779e2f9b2efe1d7dffd861238c1c875b8435b44bbe18d2dadce081211
2023-12,Nifty 50,29-12-2023,23.17,3.81,1.28,True,validated,False,2023-12-29,2026-10-04T17:25:44.263573+00:00,https://archives.nseindia.com/content/indices/ind_close_all_29122023.csv,1b45e89ff4527e88f0a85827ea5af9fa7c5f182e8623515995ceb4fb61924a85
2023-12,Nifty Auto,29-12-2023,26.33,5.33,.9,True,validated,False,2023-12-29,2026-10-04T17:25:44.263573+00:00,https://archives.nseindia.com/content/indices/ind_close_all_29122023.csv,1b45e89ff4527e88f0a85827ea5af9fa7c5f182e8623515995ceb4fb61924a85
2023-12,Nifty Bank,29-12-2023,16.6,2.81,.76,True,validated,False,2023-12-29,2026-10-04T17:25:44.263573+00:00,https://archives.nseindia.com/content/indices/ind_close_all_29122023.csv,1b45e89ff4527e88f0a85827ea5af9fa7c5f182e8623515995ceb4fb61924a85
2023-12,Nifty Financial Services,29-12-2023,18.63,3.36,.78,True,validated,False,2023-12-29,2026-10-04T17:25:44.263573+00:00,https://archives.nseindia.com/content/indices/ind_close_all_29122023.csv,1b45e89ff4527e88f0a85827ea5af9fa7c5f182e8623515995ceb4fb61924a85
2023-12,Nifty FMCG,29-12-2023,45.81,11.81,1.79,True,validated,False,2023-12-29,2026-10-04T17:25:44.263573+00:00,https://archives.nseindia.com/content/indices/ind_close_all_29122023.csv,1b45e89ff4527e88f0a85827ea5af9fa7c5f182e8623515995ceb4fb61924a85
2023-12,Nifty IT,29-12-2023,29.74,7.71,2.33,True,validated,False,2023-12-29,2026-10-04T17:25:44.263573+00:00,https://archives.nseindia.com/content/indices/ind_close_all_29122023.csv,1b45e89ff4527e88f0a85827ea5af9fa7c5f182e8623515995ceb4fb61924a85
2023-12,Nifty Metal,29-12-2023,33.65,2.34,2.74,True,validated,False,2023-12-29,2026-10-04T17:25:44.263573+00:00,https://archives.nseindia.com/content/indices/ind_close_all_29122023.csv,1b45e89ff4527e88f0a85827ea5af9fa7c5f182e8623515995ceb4fb61924a85
2023-12,Nifty Pharma,29-12-2023,33.91,4.59,.78,True,validated,False,2023-12-29,2026-10-04T17:25:44.263573+00:00,https://archives.nseindia.com/content/indices/ind_close_all_29122023.csv,1b45e89ff4527e88f0a85827ea5af9fa7c5f182e8623515995ceb4fb61924a85
2023-12,Nifty PSU Bank,29-12-2023,8.11,1.32,1.86,True,validated,False,2023-12-29,2026-10-04T17:25:44.263573+00:00,https://archives.nseindia.com/content/indices/ind_close_all_29122023.csv,1b45e89ff4527e88f0a85827ea5af9fa7c5f182e8623515995ceb4fb61924a85
2023-12,Nifty Realty,29-12-2023,50.39,4.98,.28,True,validated,False,2023-12-29,2026-10-04T17:25:44.263573+00:00,https://archives.nseindia.com/content/indices/ind_close_all_29122023.csv,1b45e89ff4527e88f0a85827ea5af9fa7c5f182e8623515995ceb4fb61924a85
2023-12,Nifty Private Bank,29-12-2023,18.45,2.86,.6,True,validated,False,2023-12-29,2026-10-04T17:25:44.263573+00:00,https://archives.nseindia.com/content/indices/ind_close_all_29122023.csv,1b45e89ff4527e88f0a85827ea5af9fa7c5f182e8623515995ceb4fb61924a85
2023-12,Nifty Oil & Gas,29-12-2023,8.2,1.71,2.66,True,validated,False,2023-12-29,2026-10-04T17:25:44.263573+00:00,https://archives.nseindia.com/content/indices/ind_close_all_29122023.csv,1b45e89ff4527e88f0a85827ea5af9fa7c5f182e8623515995ceb4fb61924a85
2023-12,Nifty Healthcare Index,29-12-2023,38.86,5.08,.63,True,validated,False,2023-12-29,2026-10-04T17:25:44.263573+00:00,https://archives.nseindia.com/content/indices/ind_close_all_29122023.csv,1b45e89ff4527e88f0a85827ea5af9fa7c5f182e8623515995ceb4fb61924a85
2023-12,Nifty Consumer Durables,29-12-2023,68.63,9.83,.44,True,validated,False,2023-12-29,2026-10-04T17:25:44.263573+00:00,https://archives.nseindia.com/content/indices/ind_close_all_29122023.csv,1b45e89ff4527e88f0a85827ea5af9fa7c5f182e8623515995ceb4fb61924a85
2024-01,Nifty 50,31-01-2024,22.46,3.81,1.23,True,validated,False,2024-01-31,2026-10-04T17:25:44.043819+00:00,https://archives.nseindia.com/content/indices/ind_close_all_31012024.csv,464ca8623560169d017b010cf366509a3b4346a53fda599840dd47f38f3cdc48
2024-01,Nifty Auto,31-01-2024,26.85,5.51,.87,True,validated,False,2024-01-31,2026-10-04T17:25:44.043819+00:00,https://archives.nseindia.com/content/indices/ind_close_all_31012024.csv,464ca8623560169d017b010cf366509a3b4346a53fda599840dd47f38f3cdc48
2024-01,Nifty Bank,31-01-2024,15.15,2.68,.8,True,validated,False,2024-01-31,2026-10-04T17:25:44.043819+00:00,https://archives.nseindia.com/content/indices/ind_close_all_31012024.csv,464ca8623560169d017b010cf366509a3b4346a53fda599840dd47f38f3cdc48
2024-01,Nifty Financial Services,31-01-2024,17.05,3.2,.81,True,validated,False,2024-01-31,2026-10-04T17:25:44.043819+00:00,https://archives.nseindia.com/content/indices/ind_close_all_31012024.csv,464ca8623560169d017b010cf366509a3b4346a53fda599840dd47f38f3cdc48
2024-01,Nifty FMCG,31-01-2024,43.76,11.43,1.84,True,validated,False,2024-01-31,2026-10-04T17:25:44.043819+00:00,https://archives.nseindia.com/content/indices/ind_close_all_31012024.csv,464ca8623560169d017b010cf366509a3b4346a53fda599840dd47f38f3cdc48
2024-01,Nifty IT,31-01-2024,31.32,7.96,1.94,True,validated,False,2024-01-31,2026-10-04T17:25:44.043819+00:00,https://archives.nseindia.com/content/indices/ind_close_all_31012024.csv,464ca8623560169d017b010cf366509a3b4346a53fda599840dd47f38f3cdc48
2024-01,Nifty Metal,31-01-2024,28.75,2.34,2.66,True,validated,False,2024-01-31,2026-10-04T17:25:44.043819+00:00,https://archives.nseindia.com/content/indices/ind_close_all_31012024.csv,464ca8623560169d017b010cf366509a3b4346a53fda599840dd47f38f3cdc48
2024-01,Nifty Pharma,31-01-2024,36.05,4.89,.74,True,validated,False,2024-01-31,2026-10-04T17:25:44.043819+00:00,https://archives.nseindia.com/content/indices/ind_close_all_31012024.csv,464ca8623560169d017b010cf366509a3b4346a53fda599840dd47f38f3cdc48
2024-01,Nifty PSU Bank,31-01-2024,8.52,1.44,1.69,True,validated,False,2024-01-31,2026-10-04T17:25:44.043819+00:00,https://archives.nseindia.com/content/indices/ind_close_all_31012024.csv,464ca8623560169d017b010cf366509a3b4346a53fda599840dd47f38f3cdc48
2024-01,Nifty Realty,31-01-2024,55.9,5.44,.25,True,validated,False,2024-01-31,2026-10-04T17:25:44.043819+00:00,https://archives.nseindia.com/content/indices/ind_close_all_31012024.csv,464ca8623560169d017b010cf366509a3b4346a53fda599840dd47f38f3cdc48
2024-01,Nifty Private Bank,31-01-2024,16.66,2.71,.63,True,validated,False,2024-01-31,2026-10-04T17:25:44.043819+00:00,https://archives.nseindia.com/content/indices/ind_close_all_31012024.csv,464ca8623560169d017b010cf366509a3b4346a53fda599840dd47f38f3cdc48
2024-01,Nifty Oil & Gas,31-01-2024,8.66,1.94,2.35,True,validated,False,2024-01-31,2026-10-04T17:25:44.043819+00:00,https://archives.nseindia.com/content/indices/ind_close_all_31012024.csv,464ca8623560169d017b010cf366509a3b4346a53fda599840dd47f38f3cdc48
2024-01,Nifty Healthcare Index,31-01-2024,41.62,5.45,.59,True,validated,False,2024-01-31,2026-10-04T17:25:44.043819+00:00,https://archives.nseindia.com/content/indices/ind_close_all_31012024.csv,464ca8623560169d017b010cf366509a3b4346a53fda599840dd47f38f3cdc48
2024-01,Nifty Consumer Durables,31-01-2024,69.34,9.94,.41,True,validated,False,2024-01-31,2026-10-04T17:25:44.043819+00:00,https://archives.nseindia.com/content/indices/ind_close_all_31012024.csv,464ca8623560169d017b010cf366509a3b4346a53fda599840dd47f38f3cdc48
2024-02,Nifty 50,29-02-2024,22.7,3.85,1.22,True,validated,False,2024-02-29,2026-10-04T17:25:44.061024+00:00,https://archives.nseindia.com/content/indices/ind_close_all_29022024.csv,ee728220093ee61779a137d5b47b0c46b40411a17893ee22b25040d6f0434437
2024-02,Nifty Auto,29-02-2024,26.1,5.84,.86,True,validated,False,2024-02-29,2026-10-04T17:25:44.061024+00:00,https://archives.nseindia.com/content/indices/ind_close_all_29022024.csv,ee728220093ee61779a137d5b47b0c46b40411a17893ee22b25040d6f0434437
2024-02,Nifty Bank,29-02-2024,15.31,2.68,.8,True,validated,False,2024-02-29,2026-10-04T17:25:44.061024+00:00,https://archives.nseindia.com/content/indices/ind_close_all_29022024.csv,ee728220093ee61779a137d5b47b0c46b40411a17893ee22b25040d6f0434437
2024-02,Nifty Financial Services,29-02-2024,17.02,3.19,.82,True,validated,False,2024-02-29,2026-10-04T17:25:44.061024+00:00,https://archives.nseindia.com/content/indices/ind_close_all_29022024.csv,ee728220093ee61779a137d5b47b0c46b40411a17893ee22b25040d6f0434437
2024-02,Nifty FMCG,29-02-2024,43.14,11.21,1.93,True,validated,False,2024-02-29,2026-10-04T17:25:44.061024+00:00,https://archives.nseindia.com/content/indices/ind_close_all_29022024.csv,ee728220093ee61779a137d5b47b0c46b40411a17893ee22b25040d6f0434437
2024-02,Nifty IT,29-02-2024,32.26,8.19,1.88,True,validated,False,2024-02-29,2026-10-04T17:25:44.061024+00:00,https://archives.nseindia.com/content/indices/ind_close_all_29022024.csv,ee728220093ee61779a137d5b47b0c46b40411a17893ee22b25040d6f0434437
2024-02,Nifty Metal,29-02-2024,26.11,2.32,2.47,True,validated,False,2024-02-29,2026-10-04T17:25:44.061024+00:00,https://archives.nseindia.com/content/indices/ind_close_all_29022024.csv,ee728220093ee61779a137d5b47b0c46b40411a17893ee22b25040d6f0434437
2024-02,Nifty Pharma,29-02-2024,36.28,5.18,.71,True,validated,False,2024-02-29,2026-10-04T17:25:44.061024+00:00,https://archives.nseindia.com/content/indices/ind_close_all_29022024.csv,ee728220093ee61779a137d5b47b0c46b40411a17893ee22b25040d6f0434437
2024-02,Nifty PSU Bank,29-02-2024,9.46,1.6,1.53,True,validated,False,2024-02-29,2026-10-04T17:25:44.061024+00:00,https://archives.nseindia.com/content/indices/ind_close_all_29022024.csv,ee728220093ee61779a137d5b47b0c46b40411a17893ee22b25040d6f0434437
2024-02,Nifty Realty,29-02-2024,56.97,5.79,.25,True,validated,False,2024-02-29,2026-10-04T17:25:44.061024+00:00,https://archives.nseindia.com/content/indices/ind_close_all_29022024.csv,ee728220093ee61779a137d5b47b0c46b40411a17893ee22b25040d6f0434437
2024-02,Nifty Private Bank,29-02-2024,16.22,2.66,.64,True,validated,False,2024-02-29,2026-10-04T17:25:44.061024+00:00,https://archives.nseindia.com/content/indices/ind_close_all_29022024.csv,ee728220093ee61779a137d5b47b0c46b40411a17893ee22b25040d6f0434437
2024-02,Nifty Oil & Gas,29-02-2024,9.25,2.06,2.54,True,validated,False,2024-02-29,2026-10-04T17:25:44.061024+00:00,https://archives.nseindia.com/content/indices/ind_close_all_29022024.csv,ee728220093ee61779a137d5b47b0c46b40411a17893ee22b25040d6f0434437
2024-02,Nifty Healthcare Index,29-02-2024,41.15,5.7,.58,True,validated,False,2024-02-29,2026-10-04T17:25:44.061024+00:00,https://archives.nseindia.com/content/indices/ind_close_all_29022024.csv,ee728220093ee61779a137d5b47b0c46b40411a17893ee22b25040d6f0434437
2024-02,Nifty Consumer Durables,29-02-2024,71.31,10.12,.41,True,validated,False,2024-02-29,2026-10-04T17:25:44.061024+00:00,https://archives.nseindia.com/content/indices/ind_close_all_29022024.csv,ee728220093ee61779a137d5b47b0c46b40411a17893ee22b25040d6f0434437
2024-03,Nifty 50,28-03-2024,22.88,3.92,1.2,True,validated,False,2024-03-28,2026-10-04T17:25:44.701025+00:00,https://archives.nseindia.com/content/indices/ind_close_all_28032024.csv,7ec765c6471452a73773293f9a7519ba7ed336343276efe16fedca65e493f443
2024-03,Nifty Auto,28-03-2024,25.14,5.54,.87,True,validated,False,2024-03-28,2026-10-04T17:25:44.701025+00:00,https://archives.nseindia.com/content/indices/ind_close_all_28032024.csv,7ec765c6471452a73773293f9a7519ba7ed336343276efe16fedca65e493f443
2024-03,Nifty Bank,28-03-2024,15.84,2.77,.78,True,validated,False,2024-03-28,2026-10-04T17:25:44.701025+00:00,https://archives.nseindia.com/content/indices/ind_close_all_28032024.csv,7ec765c6471452a73773293f9a7519ba7ed336343276efe16fedca65e493f443
2024-03,Nifty Financial Services,28-03-2024,17.56,3.27,.82,True,validated,False,2024-03-28,2026-10-04T17:25:44.701025+00:00,https://archives.nseindia.com/content/indices/ind_close_all_28032024.csv,7ec765c6471452a73773293f9a7519ba7ed336343276efe16fedca65e493f443
2024-03,Nifty FMCG,28-03-2024,42.27,10.98,1.98,True,validated,False,2024-03-28,2026-10-04T17:25:44.701025+00:00,https://archives.nseindia.com/content/indices/ind_close_all_28032024.csv,7ec765c6471452a73773293f9a7519ba7ed336343276efe16fedca65e493f443
2024-03,Nifty IT,28-03-2024,29.93,7.51,2.03,True,validated,False,2024-03-28,2026-10-04T17:25:44.701025+00:00,https://archives.nseindia.com/content/indices/ind_close_all_28032024.csv,7ec765c6471452a73773293f9a7519ba7ed336343276efe16fedca65e493f443
2024-03,Nifty Metal,28-03-2024,27.22,2.42,2.31,True,validated,False,2024-03-28,2026-10-04T17:25:44.701025+00:00,https://archives.nseindia.com/content/indices/ind_close_all_28032024.csv,7ec765c6471452a73773293f9a7519ba7ed336343276efe16fedca65e493f443
2024-03,Nifty Pharma,28-03-2024,36.57,5.22,.69,True,validated,False,2024-03-28,2026-10-04T17:25:44.701025+00:00,https://archives.nseindia.com/content/indices/ind_close_all_28032024.csv,7ec765c6471452a73773293f9a7519ba7ed336343276efe16fedca65e493f443
2024-03,Nifty PSU Bank,28-03-2024,9.57,1.63,1.52,True,validated,False,2024-03-28,2026-10-04T17:25:44.701025+00:00,https://archives.nseindia.com/content/indices/ind_close_all_28032024.csv,7ec765c6471452a73773293f9a7519ba7ed336343276efe16fedca65e493f443
2024-03,Nifty Realty,28-03-2024,59.04,5.69,.26,True,validated,False,2024-03-28,2026-10-04T17:25:44.701025+00:00,https://archives.nseindia.com/content/indices/ind_close_all_28032024.csv,7ec765c6471452a73773293f9a7519ba7ed336343276efe16fedca65e493f443
2024-03,Nifty Private Bank,28-03-2024,16.42,2.68,.63,True,validated,False,2024-03-28,2026-10-04T17:25:44.701025+00:00,https://archives.nseindia.com/content/indices/ind_close_all_28032024.csv,7ec765c6471452a73773293f9a7519ba7ed336343276efe16fedca65e493f443
2024-03,Nifty Oil & Gas,28-03-2024,9.38,2.06,2.4,True,validated,False,2024-03-28,2026-10-04T17:25:44.701025+00:00,https://archives.nseindia.com/content/indices/ind_close_all_28032024.csv,7ec765c6471452a73773293f9a7519ba7ed336343276efe16fedca65e493f443
2024-03,Nifty Healthcare Index,28-03-2024,41.53,5.75,.57,True,validated,False,2024-03-28,2026-10-04T17:25:44.701025+00:00,https://archives.nseindia.com/content/indices/ind_close_all_28032024.csv,7ec765c6471452a73773293f9a7519ba7ed336343276efe16fedca65e493f443
2024-03,Nifty Consumer Durables,28-03-2024,71.36,10.43,.39,True,validated,False,2024-03-28,2026-10-04T17:25:44.701025+00:00,https://archives.nseindia.com/content/indices/ind_close_all_28032024.csv,7ec765c6471452a73773293f9a7519ba7ed336343276efe16fedca65e493f443
2024-04,Nifty 50,30-04-2024,22,3.96,1.16,True,validated,False,2024-04-30,2026-10-04T17:25:44.243489+00:00,https://archives.nseindia.com/content/indices/ind_close_all_30042024.csv,5c2b0b9d43e2bb46bb672035a469c01809a4df7bb4b43a90e390615a599a507f
2024-04,Nifty Auto,30-04-2024,25.94,5.81,.89,True,validated,False,2024-04-30,2026-10-04T17:25:44.243489+00:00,https://archives.nseindia.com/content/indices/ind_close_all_30042024.csv,5c2b0b9d43e2bb46bb672035a469c01809a4df7bb4b43a90e390615a599a507f
2024-04,Nifty Bank,30-04-2024,15.2,2.91,.74,True,validated,False,2024-04-30,2026-10-04T17:25:44.243489+00:00,https://archives.nseindia.com/content/indices/ind_close_all_30042024.csv,5c2b0b9d43e2bb46bb672035a469c01809a4df7bb4b43a90e390615a599a507f
2024-04,Nifty Financial Services,30-04-2024,16.59,3.41,.78,True,validated,False,2024-04-30,2026-10-04T17:25:44.243489+00:00,https://archives.nseindia.com/content/indices/ind_close_all_30042024.csv,5c2b0b9d43e2bb46bb672035a469c01809a4df7bb4b43a90e390615a599a507f
2024-04,Nifty FMCG,30-04-2024,42.49,10.95,1.86,True,validated,False,2024-04-30,2026-10-04T17:25:44.243489+00:00,https://archives.nseindia.com/content/indices/ind_close_all_30042024.csv,5c2b0b9d43e2bb46bb672035a469c01809a4df7bb4b43a90e390615a599a507f
2024-04,Nifty IT,30-04-2024,27.98,7.14,2,True,validated,False,2024-04-30,2026-10-04T17:25:44.243489+00:00,https://archives.nseindia.com/content/indices/ind_close_all_30042024.csv,5c2b0b9d43e2bb46bb672035a469c01809a4df7bb4b43a90e390615a599a507f
2024-04,Nifty Metal,30-04-2024,30.75,2.69,1.54,True,validated,False,2024-04-30,2026-10-04T17:25:44.243489+00:00,https://archives.nseindia.com/content/indices/ind_close_all_30042024.csv,5c2b0b9d43e2bb46bb672035a469c01809a4df7bb4b43a90e390615a599a507f
2024-04,Nifty Pharma,30-04-2024,36.57,5.21,.63,True,validated,False,2024-04-30,2026-10-04T17:25:44.243489+00:00,https://archives.nseindia.com/content/indices/ind_close_all_30042024.csv,5c2b0b9d43e2bb46bb672035a469c01809a4df7bb4b43a90e390615a599a507f
2024-04,Nifty PSU Bank,30-04-2024,10.37,1.76,1.4,True,validated,False,2024-04-30,2026-10-04T17:25:44.243489+00:00,https://archives.nseindia.com/content/indices/ind_close_all_30042024.csv,5c2b0b9d43e2bb46bb672035a469c01809a4df7bb4b43a90e390615a599a507f
2024-04,Nifty Realty,30-04-2024,63.16,6.15,.24,True,validated,False,2024-04-30,2026-10-04T17:25:44.243489+00:00,https://archives.nseindia.com/content/indices/ind_close_all_30042024.csv,5c2b0b9d43e2bb46bb672035a469c01809a4df7bb4b43a90e390615a599a507f
2024-04,Nifty Private Bank,30-04-2024,15.48,2.79,.61,True,validated,False,2024-04-30,2026-10-04T17:25:44.243489+00:00,https://archives.nseindia.com/content/indices/ind_close_all_30042024.csv,5c2b0b9d43e2bb46bb672035a469c01809a4df7bb4b43a90e390615a599a507f
2024-04,Nifty Oil & Gas,30-04-2024,9.69,2.13,2.27,True,validated,False,2024-04-30,2026-10-04T17:25:44.243489+00:00,https://archives.nseindia.com/content/indices/ind_close_all_30042024.csv,5c2b0b9d43e2bb46bb672035a469c01809a4df7bb4b43a90e390615a599a507f
2024-04,Nifty Healthcare Index,30-04-2024,41.28,5.71,.58,True,validated,False,2024-04-30,2026-10-04T17:25:44.243489+00:00,https://archives.nseindia.com/content/indices/ind_close_all_30042024.csv,5c2b0b9d43e2bb46bb672035a469c01809a4df7bb4b43a90e390615a599a507f
2024-04,Nifty Consumer Durables,30-04-2024,76.41,10.75,.37,True,validated,False,2024-04-30,2026-10-04T17:25:44.243489+00:00,https://archives.nseindia.com/content/indices/ind_close_all_30042024.csv,5c2b0b9d43e2bb46bb672035a469c01809a4df7bb4b43a90e390615a599a507f
2024-05,Nifty 50,31-05-2024,21.4,3.95,1.28,True,validated,False,2024-05-31,2026-10-04T17:25:44.277678+00:00,https://archives.nseindia.com/content/indices/ind_close_all_31052024.csv,0fb364cbe92966b93cc864e9cefea2fed30895be30e9f47fe9aa3a733cc77222
2024-05,Nifty Auto,31-05-2024,22.68,6.06,.86,True,validated,False,2024-05-31,2026-10-04T17:25:44.277678+00:00,https://archives.nseindia.com/content/indices/ind_close_all_31052024.csv,0fb364cbe92966b93cc864e9cefea2fed30895be30e9f47fe9aa3a733cc77222
2024-05,Nifty Bank,31-05-2024,14.97,2.89,.88,True,validated,False,2024-05-31,2026-10-04T17:25:44.277678+00:00,https://archives.nseindia.com/content/indices/ind_close_all_31052024.csv,0fb364cbe92966b93cc864e9cefea2fed30895be30e9f47fe9aa3a733cc77222
2024-05,Nifty Financial Services,31-05-2024,16.24,3.39,.93,True,validated,False,2024-05-31,2026-10-04T17:25:44.277678+00:00,https://archives.nseindia.com/content/indices/ind_close_all_31052024.csv,0fb364cbe92966b93cc864e9cefea2fed30895be30e9f47fe9aa3a733cc77222
2024-05,Nifty FMCG,31-05-2024,43.73,10.92,1.19,True,validated,False,2024-05-31,2026-10-04T17:25:44.277678+00:00,https://archives.nseindia.com/content/indices/ind_close_all_31052024.csv,0fb364cbe92966b93cc864e9cefea2fed30895be30e9f47fe9aa3a733cc77222
2024-05,Nifty IT,31-05-2024,27.19,6.97,2.92,True,validated,False,2024-05-31,2026-10-04T17:25:44.277678+00:00,https://archives.nseindia.com/content/indices/ind_close_all_31052024.csv,0fb364cbe92966b93cc864e9cefea2fed30895be30e9f47fe9aa3a733cc77222
2024-05,Nifty Metal,31-05-2024,33.45,2.84,1.35,True,validated,False,2024-05-31,2026-10-04T17:25:44.277678+00:00,https://archives.nseindia.com/content/indices/ind_close_all_31052024.csv,0fb364cbe92966b93cc864e9cefea2fed30895be30e9f47fe9aa3a733cc77222
2024-05,Nifty Pharma,31-05-2024,34.15,5.16,.65,True,validated,False,2024-05-31,2026-10-04T17:25:44.277678+00:00,https://archives.nseindia.com/content/indices/ind_close_all_31052024.csv,0fb364cbe92966b93cc864e9cefea2fed30895be30e9f47fe9aa3a733cc77222
2024-05,Nifty PSU Bank,31-05-2024,9.6,1.71,1.55,True,validated,False,2024-05-31,2026-10-04T17:25:44.277678+00:00,https://archives.nseindia.com/content/indices/ind_close_all_31052024.csv,0fb364cbe92966b93cc864e9cefea2fed30895be30e9f47fe9aa3a733cc77222
2024-05,Nifty Realty,31-05-2024,63.89,6.44,.24,True,validated,False,2024-05-31,2026-10-04T17:25:44.277678+00:00,https://archives.nseindia.com/content/indices/ind_close_all_31052024.csv,0fb364cbe92966b93cc864e9cefea2fed30895be30e9f47fe9aa3a733cc77222
2024-05,Nifty Private Bank,31-05-2024,15.35,2.75,.71,True,validated,False,2024-05-31,2026-10-04T17:25:44.277678+00:00,https://archives.nseindia.com/content/indices/ind_close_all_31052024.csv,0fb364cbe92966b93cc864e9cefea2fed30895be30e9f47fe9aa3a733cc77222
2024-05,Nifty Oil & Gas,31-05-2024,9.51,2.1,2.28,True,validated,False,2024-05-31,2026-10-04T17:25:44.277678+00:00,https://archives.nseindia.com/content/indices/ind_close_all_31052024.csv,0fb364cbe92966b93cc864e9cefea2fed30895be30e9f47fe9aa3a733cc77222
2024-05,Nifty Healthcare Index,31-05-2024,38.58,5.63,.58,True,validated,False,2024-05-31,2026-10-04T17:25:44.277678+00:00,https://archives.nseindia.com/content/indices/ind_close_all_31052024.csv,0fb364cbe92966b93cc864e9cefea2fed30895be30e9f47fe9aa3a733cc77222
2024-05,Nifty Consumer Durables,31-05-2024,77.33,10.9,.41,True,validated,False,2024-05-31,2026-10-04T17:25:44.277678+00:00,https://archives.nseindia.com/content/indices/ind_close_all_31052024.csv,0fb364cbe92966b93cc864e9cefea2fed30895be30e9f47fe9aa3a733cc77222
2024-06,Nifty 50,28-06-2024,22.85,4.14,1.25,True,validated,False,2024-06-28,2026-10-04T17:25:44.885822+00:00,https://archives.nseindia.com/content/indices/ind_close_all_28062024.csv,2278ffd990efab7e2f5d12162aca6388a6ce3b0883ce06ead166a1b2c10bfc52
2024-06,Nifty Auto,28-06-2024,24.45,5.77,.98,True,validated,False,2024-06-28,2026-10-04T17:25:44.885822+00:00,https://archives.nseindia.com/content/indices/ind_close_all_28062024.csv,2278ffd990efab7e2f5d12162aca6388a6ce3b0883ce06ead166a1b2c10bfc52
2024-06,Nifty Bank,28-06-2024,15.97,3.01,.91,True,validated,False,2024-06-28,2026-10-04T17:25:44.885822+00:00,https://archives.nseindia.com/content/indices/ind_close_all_28062024.csv,2278ffd990efab7e2f5d12162aca6388a6ce3b0883ce06ead166a1b2c10bfc52
2024-06,Nifty Financial Services,28-06-2024,17.49,3.56,.89,True,validated,False,2024-06-28,2026-10-04T17:25:44.885822+00:00,https://archives.nseindia.com/content/indices/ind_close_all_28062024.csv,2278ffd990efab7e2f5d12162aca6388a6ce3b0883ce06ead166a1b2c10bfc52
2024-06,Nifty FMCG,28-06-2024,44.94,11.26,1.74,True,validated,False,2024-06-28,2026-10-04T17:25:44.885822+00:00,https://archives.nseindia.com/content/indices/ind_close_all_28062024.csv,2278ffd990efab7e2f5d12162aca6388a6ce3b0883ce06ead166a1b2c10bfc52
2024-06,Nifty IT,28-06-2024,30.25,7.89,2.2,True,validated,False,2024-06-28,2026-10-04T17:25:44.885822+00:00,https://archives.nseindia.com/content/indices/ind_close_all_28062024.csv,2278ffd990efab7e2f5d12162aca6388a6ce3b0883ce06ead166a1b2c10bfc52
2024-06,Nifty Metal,28-06-2024,34.65,2.84,1.38,True,validated,False,2024-06-28,2026-10-04T17:25:44.885822+00:00,https://archives.nseindia.com/content/indices/ind_close_all_28062024.csv,2278ffd990efab7e2f5d12162aca6388a6ce3b0883ce06ead166a1b2c10bfc52
2024-06,Nifty Pharma,28-06-2024,35.76,5.43,.61,True,validated,False,2024-06-28,2026-10-04T17:25:44.885822+00:00,https://archives.nseindia.com/content/indices/ind_close_all_28062024.csv,2278ffd990efab7e2f5d12162aca6388a6ce3b0883ce06ead166a1b2c10bfc52
2024-06,Nifty PSU Bank,28-06-2024,9.45,1.54,2.27,True,validated,False,2024-06-28,2026-10-04T17:25:44.885822+00:00,https://archives.nseindia.com/content/indices/ind_close_all_28062024.csv,2278ffd990efab7e2f5d12162aca6388a6ce3b0883ce06ead166a1b2c10bfc52
2024-06,Nifty Realty,28-06-2024,66.89,6.89,.29,True,validated,False,2024-06-28,2026-10-04T17:25:44.885822+00:00,https://archives.nseindia.com/content/indices/ind_close_all_28062024.csv,2278ffd990efab7e2f5d12162aca6388a6ce3b0883ce06ead166a1b2c10bfc52
2024-06,Nifty Private Bank,28-06-2024,16.52,2.97,.67,True,validated,False,2024-06-28,2026-10-04T17:25:44.885822+00:00,https://archives.nseindia.com/content/indices/ind_close_all_28062024.csv,2278ffd990efab7e2f5d12162aca6388a6ce3b0883ce06ead166a1b2c10bfc52
2024-06,Nifty Oil & Gas,28-06-2024,10.13,2.21,2.14,True,validated,False,2024-06-28,2026-10-04T17:25:44.885822+00:00,https://archives.nseindia.com/content/indices/ind_close_all_28062024.csv,2278ffd990efab7e2f5d12162aca6388a6ce3b0883ce06ead166a1b2c10bfc52
2024-06,Nifty Healthcare Index,28-06-2024,40.81,6,.55,True,validated,False,2024-06-28,2026-10-04T17:25:44.885822+00:00,https://archives.nseindia.com/content/indices/ind_close_all_28062024.csv,2278ffd990efab7e2f5d12162aca6388a6ce3b0883ce06ead166a1b2c10bfc52
2024-06,Nifty Consumer Durables,28-06-2024,88.57,12.41,.45,True,validated,False,2024-06-28,2026-10-04T17:25:44.885822+00:00,https://archives.nseindia.com/content/indices/ind_close_all_28062024.csv,2278ffd990efab7e2f5d12162aca6388a6ce3b0883ce06ead166a1b2c10bfc52
2024-07,Nifty 50,31-07-2024,23.4,4.21,1.19,True,validated,False,2024-07-31,2026-10-04T17:25:44.471585+00:00,https://archives.nseindia.com/content/indices/ind_close_all_31072024.csv,ae29fae8df3c7ec0b878681448d568d994f04440014349a22156bfed82a03aa0
2024-07,Nifty Auto,31-07-2024,25.83,5.84,.75,True,validated,False,2024-07-31,2026-10-04T17:25:44.471585+00:00,https://archives.nseindia.com/content/indices/ind_close_all_31072024.csv,ae29fae8df3c7ec0b878681448d568d994f04440014349a22156bfed82a03aa0
2024-07,Nifty Bank,31-07-2024,15.01,2.86,.88,True,validated,False,2024-07-31,2026-10-04T17:25:44.471585+00:00,https://archives.nseindia.com/content/indices/ind_close_all_31072024.csv,ae29fae8df3c7ec0b878681448d568d994f04440014349a22156bfed82a03aa0
2024-07,Nifty Financial Services,31-07-2024,16.74,3.42,.88,True,validated,False,2024-07-31,2026-10-04T17:25:44.471585+00:00,https://archives.nseindia.com/content/indices/ind_close_all_31072024.csv,ae29fae8df3c7ec0b878681448d568d994f04440014349a22156bfed82a03aa0
2024-07,Nifty FMCG,31-07-2024,49.04,12.07,1.64,True,validated,False,2024-07-31,2026-10-04T17:25:44.471585+00:00,https://archives.nseindia.com/content/indices/ind_close_all_31072024.csv,ae29fae8df3c7ec0b878681448d568d994f04440014349a22156bfed82a03aa0
2024-07,Nifty IT,31-07-2024,33.38,8.49,1.9,True,validated,False,2024-07-31,2026-10-04T17:25:44.471585+00:00,https://archives.nseindia.com/content/indices/ind_close_all_31072024.csv,ae29fae8df3c7ec0b878681448d568d994f04440014349a22156bfed82a03aa0
2024-07,Nifty Metal,31-07-2024,35.09,2.94,1.46,True,validated,False,2024-07-31,2026-10-04T17:25:44.471585+00:00,https://archives.nseindia.com/content/indices/ind_close_all_31072024.csv,ae29fae8df3c7ec0b878681448d568d994f04440014349a22156bfed82a03aa0
2024-07,Nifty Pharma,31-07-2024,39.27,5.82,.52,True,validated,False,2024-07-31,2026-10-04T17:25:44.471585+00:00,https://archives.nseindia.com/content/indices/ind_close_all_31072024.csv,ae29fae8df3c7ec0b878681448d568d994f04440014349a22156bfed82a03aa0
2024-07,Nifty PSU Bank,31-07-2024,9.12,1.44,2,True,validated,False,2024-07-31,2026-10-04T17:25:44.471585+00:00,https://archives.nseindia.com/content/indices/ind_close_all_31072024.csv,ae29fae8df3c7ec0b878681448d568d994f04440014349a22156bfed82a03aa0
2024-07,Nifty Realty,31-07-2024,64.05,6.5,.32,True,validated,False,2024-07-31,2026-10-04T17:25:44.471585+00:00,https://archives.nseindia.com/content/indices/ind_close_all_31072024.csv,ae29fae8df3c7ec0b878681448d568d994f04440014349a22156bfed82a03aa0
2024-07,Nifty Private Bank,31-07-2024,15.56,2.87,.7,True,validated,False,2024-07-31,2026-10-04T17:25:44.471585+00:00,https://archives.nseindia.com/content/indices/ind_close_all_31072024.csv,ae29fae8df3c7ec0b878681448d568d994f04440014349a22156bfed82a03aa0
2024-07,Nifty Oil & Gas,31-07-2024,12.04,2.39,2.2,True,validated,False,2024-07-31,2026-10-04T17:25:44.471585+00:00,https://archives.nseindia.com/content/indices/ind_close_all_31072024.csv,ae29fae8df3c7ec0b878681448d568d994f04440014349a22156bfed82a03aa0
2024-07,Nifty Healthcare Index,31-07-2024,44.37,6.36,.47,True,validated,False,2024-07-31,2026-10-04T17:25:44.471585+00:00,https://archives.nseindia.com/content/indices/ind_close_all_31072024.csv,ae29fae8df3c7ec0b878681448d568d994f04440014349a22156bfed82a03aa0
2024-07,Nifty Consumer Durables,31-07-2024,89.63,13.1,.38,True,validated,False,2024-07-31,2026-10-04T17:25:44.471585+00:00,https://archives.nseindia.com/content/indices/ind_close_all_31072024.csv,ae29fae8df3c7ec0b878681448d568d994f04440014349a22156bfed82a03aa0
2024-08,Nifty 50,30-08-2024,23.47,4.26,1.21,True,validated,False,2024-08-30,2026-10-04T17:25:44.696867+00:00,https://archives.nseindia.com/content/indices/ind_close_all_30082024.csv,2ea2b651e234187ac3c5b8b5cefa334a755afad3f142a550d803b8a1a2ad3ff3
2024-08,Nifty Auto,30-08-2024,25.73,5.95,.84,True,validated,False,2024-08-30,2026-10-04T17:25:44.696867+00:00,https://archives.nseindia.com/content/indices/ind_close_all_30082024.csv,2ea2b651e234187ac3c5b8b5cefa334a755afad3f142a550d803b8a1a2ad3ff3
2024-08,Nifty Bank,30-08-2024,14.9,2.85,.92,True,validated,False,2024-08-30,2026-10-04T17:25:44.696867+00:00,https://archives.nseindia.com/content/indices/ind_close_all_30082024.csv,2ea2b651e234187ac3c5b8b5cefa334a755afad3f142a550d803b8a1a2ad3ff3
2024-08,Nifty Financial Services,30-08-2024,16.84,3.45,.92,True,validated,False,2024-08-30,2026-10-04T17:25:44.696867+00:00,https://archives.nseindia.com/content/indices/ind_close_all_30082024.csv,2ea2b651e234187ac3c5b8b5cefa334a755afad3f142a550d803b8a1a2ad3ff3
2024-08,Nifty FMCG,30-08-2024,49.55,12.26,1.69,True,validated,False,2024-08-30,2026-10-04T17:25:44.696867+00:00,https://archives.nseindia.com/content/indices/ind_close_all_30082024.csv,2ea2b651e234187ac3c5b8b5cefa334a755afad3f142a550d803b8a1a2ad3ff3
2024-08,Nifty IT,30-08-2024,34.97,8.9,1.82,True,validated,False,2024-08-30,2026-10-04T17:25:44.696867+00:00,https://archives.nseindia.com/content/indices/ind_close_all_30082024.csv,2ea2b651e234187ac3c5b8b5cefa334a755afad3f142a550d803b8a1a2ad3ff3
2024-08,Nifty Metal,30-08-2024,31.3,2.89,1.69,True,validated,False,2024-08-30,2026-10-04T17:25:44.696867+00:00,https://archives.nseindia.com/content/indices/ind_close_all_30082024.csv,2ea2b651e234187ac3c5b8b5cefa334a755afad3f142a550d803b8a1a2ad3ff3
2024-08,Nifty Pharma,30-08-2024,38.77,6.21,.58,True,validated,False,2024-08-30,2026-10-04T17:25:44.696867+00:00,https://archives.nseindia.com/content/indices/ind_close_all_30082024.csv,2ea2b651e234187ac3c5b8b5cefa334a755afad3f142a550d803b8a1a2ad3ff3
2024-08,Nifty PSU Bank,30-08-2024,8.53,1.36,2.11,True,validated,False,2024-08-30,2026-10-04T17:25:44.696867+00:00,https://archives.nseindia.com/content/indices/ind_close_all_30082024.csv,2ea2b651e234187ac3c5b8b5cefa334a755afad3f142a550d803b8a1a2ad3ff3
2024-08,Nifty Realty,30-08-2024,57.28,6.26,.39,True,validated,False,2024-08-30,2026-10-04T17:25:44.696867+00:00,https://archives.nseindia.com/content/indices/ind_close_all_30082024.csv,2ea2b651e234187ac3c5b8b5cefa334a755afad3f142a550d803b8a1a2ad3ff3
2024-08,Nifty Private Bank,30-08-2024,15.55,2.86,.74,True,validated,False,2024-08-30,2026-10-04T17:25:44.696867+00:00,https://archives.nseindia.com/content/indices/ind_close_all_30082024.csv,2ea2b651e234187ac3c5b8b5cefa334a755afad3f142a550d803b8a1a2ad3ff3
2024-08,Nifty Oil & Gas,30-08-2024,13.05,2.42,2.61,True,validated,False,2024-08-30,2026-10-04T17:25:44.696867+00:00,https://archives.nseindia.com/content/indices/ind_close_all_30082024.csv,2ea2b651e234187ac3c5b8b5cefa334a755afad3f142a550d803b8a1a2ad3ff3
2024-08,Nifty Healthcare Index,30-08-2024,43.38,6.71,.53,True,validated,False,2024-08-30,2026-10-04T17:25:44.696867+00:00,https://archives.nseindia.com/content/indices/ind_close_all_30082024.csv,2ea2b651e234187ac3c5b8b5cefa334a755afad3f142a550d803b8a1a2ad3ff3
2024-08,Nifty Consumer Durables,30-08-2024,87.46,13.61,.36,True,validated,False,2024-08-30,2026-10-04T17:25:44.696867+00:00,https://archives.nseindia.com/content/indices/ind_close_all_30082024.csv,2ea2b651e234187ac3c5b8b5cefa334a755afad3f142a550d803b8a1a2ad3ff3
2024-09,Nifty 50,30-09-2024,24.26,3.87,1.16,True,validated,False,2024-09-30,2026-10-04T17:25:44.678049+00:00,https://archives.nseindia.com/content/indices/ind_close_all_30092024.csv,ab005d9248c72fa259e564db2c128dc015197bf4210fd097015d85899a42e387
2024-09,Nifty Auto,30-09-2024,26.47,5.54,.81,True,validated,False,2024-09-30,2026-10-04T17:25:44.678049+00:00,https://archives.nseindia.com/content/indices/ind_close_all_30092024.csv,ab005d9248c72fa259e564db2c128dc015197bf4210fd097015d85899a42e387
2024-09,Nifty Bank,30-09-2024,14.84,2.39,.95,True,validated,False,2024-09-30,2026-10-04T17:25:44.678049+00:00,https://archives.nseindia.com/content/indices/ind_close_all_30092024.csv,ab005d9248c72fa259e564db2c128dc015197bf4210fd097015d85899a42e387
2024-09,Nifty Financial Services,30-09-2024,17.46,2.93,.89,True,validated,False,2024-09-30,2026-10-04T17:25:44.678049+00:00,https://archives.nseindia.com/content/indices/ind_close_all_30092024.csv,ab005d9248c72fa259e564db2c128dc015197bf4210fd097015d85899a42e387
2024-09,Nifty FMCG,30-09-2024,52.36,12.75,1.6,True,validated,False,2024-09-30,2026-10-04T17:25:44.678049+00:00,https://archives.nseindia.com/content/indices/ind_close_all_30092024.csv,ab005d9248c72fa259e564db2c128dc015197bf4210fd097015d85899a42e387
2024-09,Nifty IT,30-09-2024,34.4,8.63,1.87,True,validated,False,2024-09-30,2026-10-04T17:25:44.678049+00:00,https://archives.nseindia.com/content/indices/ind_close_all_30092024.csv,ab005d9248c72fa259e564db2c128dc015197bf4210fd097015d85899a42e387
2024-09,Nifty Metal,30-09-2024,33.53,2.92,2.07,True,validated,False,2024-09-30,2026-10-04T17:25:44.678049+00:00,https://archives.nseindia.com/content/indices/ind_close_all_30092024.csv,ab005d9248c72fa259e564db2c128dc015197bf4210fd097015d85899a42e387
2024-09,Nifty Pharma,30-09-2024,38.79,5.65,.58,True,validated,False,2024-09-30,2026-10-04T17:25:44.678049+00:00,https://archives.nseindia.com/content/indices/ind_close_all_30092024.csv,ab005d9248c72fa259e564db2c128dc015197bf4210fd097015d85899a42e387
2024-09,Nifty PSU Bank,30-09-2024,8.2,1.3,2.2,True,validated,False,2024-09-30,2026-10-04T17:25:44.678049+00:00,https://archives.nseindia.com/content/indices/ind_close_all_30092024.csv,ab005d9248c72fa259e564db2c128dc015197bf4210fd097015d85899a42e387
2024-09,Nifty Realty,30-09-2024,57.09,6.25,.35,True,validated,False,2024-09-30,2026-10-04T17:25:44.678049+00:00,https://archives.nseindia.com/content/indices/ind_close_all_30092024.csv,ab005d9248c72fa259e564db2c128dc015197bf4210fd097015d85899a42e387
2024-09,Nifty Private Bank,30-09-2024,16.06,2.47,.57,True,validated,False,2024-09-30,2026-10-04T17:25:44.678049+00:00,https://archives.nseindia.com/content/indices/ind_close_all_30092024.csv,ab005d9248c72fa259e564db2c128dc015197bf4210fd097015d85899a42e387
2024-09,Nifty Oil & Gas,30-09-2024,12.8,1.98,2.66,True,validated,False,2024-09-30,2026-10-04T17:25:44.678049+00:00,https://archives.nseindia.com/content/indices/ind_close_all_30092024.csv,ab005d9248c72fa259e564db2c128dc015197bf4210fd097015d85899a42e387
2024-09,Nifty Healthcare Index,30-09-2024,44.01,6.21,.51,True,validated,False,2024-09-30,2026-10-04T17:25:44.678049+00:00,https://archives.nseindia.com/content/indices/ind_close_all_30092024.csv,ab005d9248c72fa259e564db2c128dc015197bf4210fd097015d85899a42e387
2024-09,Nifty Consumer Durables,30-09-2024,92.6,13.85,.34,True,validated,False,2024-09-30,2026-10-04T17:25:44.678049+00:00,https://archives.nseindia.com/content/indices/ind_close_all_30092024.csv,ab005d9248c72fa259e564db2c128dc015197bf4210fd097015d85899a42e387
2024-10,Nifty 50,31-10-2024,22.58,3.63,1.27,True,validated,False,2024-10-31,2026-10-04T17:25:44.891578+00:00,https://archives.nseindia.com/content/indices/ind_close_all_31102024.csv,124749f92932193b02aa48a2c59400c52305926dda3438f24c6cdef13c3a2b8a
2024-10,Nifty Auto,31-10-2024,23.11,4.82,.93,True,validated,False,2024-10-31,2026-10-04T17:25:44.891578+00:00,https://archives.nseindia.com/content/indices/ind_close_all_31102024.csv,124749f92932193b02aa48a2c59400c52305926dda3438f24c6cdef13c3a2b8a
2024-10,Nifty Bank,31-10-2024,14.14,2.31,.96,True,validated,False,2024-10-31,2026-10-04T17:25:44.891578+00:00,https://archives.nseindia.com/content/indices/ind_close_all_31102024.csv,124749f92932193b02aa48a2c59400c52305926dda3438f24c6cdef13c3a2b8a
2024-10,Nifty Financial Services,31-10-2024,16.7,2.89,.9,True,validated,False,2024-10-31,2026-10-04T17:25:44.891578+00:00,https://archives.nseindia.com/content/indices/ind_close_all_31102024.csv,124749f92932193b02aa48a2c59400c52305926dda3438f24c6cdef13c3a2b8a
2024-10,Nifty FMCG,31-10-2024,46.99,11.52,1.79,True,validated,False,2024-10-31,2026-10-04T17:25:44.891578+00:00,https://archives.nseindia.com/content/indices/ind_close_all_31102024.csv,124749f92932193b02aa48a2c59400c52305926dda3438f24c6cdef13c3a2b8a
2024-10,Nifty IT,31-10-2024,31.99,8.32,2.1,True,validated,False,2024-10-31,2026-10-04T17:25:44.891578+00:00,https://archives.nseindia.com/content/indices/ind_close_all_31102024.csv,124749f92932193b02aa48a2c59400c52305926dda3438f24c6cdef13c3a2b8a
2024-10,Nifty Metal,31-10-2024,32.08,2.67,2.26,True,validated,False,2024-10-31,2026-10-04T17:25:44.891578+00:00,https://archives.nseindia.com/content/indices/ind_close_all_31102024.csv,124749f92932193b02aa48a2c59400c52305926dda3438f24c6cdef13c3a2b8a
2024-10,Nifty Pharma,31-10-2024,37.34,5.52,.59,True,validated,False,2024-10-31,2026-10-04T17:25:44.891578+00:00,https://archives.nseindia.com/content/indices/ind_close_all_31102024.csv,124749f92932193b02aa48a2c59400c52305926dda3438f24c6cdef13c3a2b8a
2024-10,Nifty PSU Bank,31-10-2024,7.8,1.3,2.21,True,validated,False,2024-10-31,2026-10-04T17:25:44.891578+00:00,https://archives.nseindia.com/content/indices/ind_close_all_31102024.csv,124749f92932193b02aa48a2c59400c52305926dda3438f24c6cdef13c3a2b8a
2024-10,Nifty Realty,31-10-2024,47.56,5.69,.38,True,validated,False,2024-10-31,2026-10-04T17:25:44.891578+00:00,https://archives.nseindia.com/content/indices/ind_close_all_31102024.csv,124749f92932193b02aa48a2c59400c52305926dda3438f24c6cdef13c3a2b8a
2024-10,Nifty Private Bank,31-10-2024,15.1,2.34,.59,True,validated,False,2024-10-31,2026-10-04T17:25:44.891578+00:00,https://archives.nseindia.com/content/indices/ind_close_all_31102024.csv,124749f92932193b02aa48a2c59400c52305926dda3438f24c6cdef13c3a2b8a
2024-10,Nifty Oil & Gas,31-10-2024,13.16,1.72,3.05,True,validated,False,2024-10-31,2026-10-04T17:25:44.891578+00:00,https://archives.nseindia.com/content/indices/ind_close_all_31102024.csv,124749f92932193b02aa48a2c59400c52305926dda3438f24c6cdef13c3a2b8a
2024-10,Nifty Healthcare Index,31-10-2024,42.43,6.08,.52,True,validated,False,2024-10-31,2026-10-04T17:25:44.891578+00:00,https://archives.nseindia.com/content/indices/ind_close_all_31102024.csv,124749f92932193b02aa48a2c59400c52305926dda3438f24c6cdef13c3a2b8a
2024-10,Nifty Consumer Durables,31-10-2024,79.78,12.43,.38,True,validated,False,2024-10-31,2026-10-04T17:25:44.891578+00:00,https://archives.nseindia.com/content/indices/ind_close_all_31102024.csv,124749f92932193b02aa48a2c59400c52305926dda3438f24c6cdef13c3a2b8a
2024-11,Nifty 50,29-11-2024,22.21,3.6,1.27,True,validated,False,2024-11-29,2026-10-04T17:25:45.174561+00:00,https://archives.nseindia.com/content/indices/ind_close_all_29112024.csv,50fed36c0c4966be9fcedec11d3b156cf6cf5eef79a87136a316f0fb7b30a8d2
2024-11,Nifty Auto,29-11-2024,22.73,4.79,.96,True,validated,False,2024-11-29,2026-10-04T17:25:45.174561+00:00,https://archives.nseindia.com/content/indices/ind_close_all_29112024.csv,50fed36c0c4966be9fcedec11d3b156cf6cf5eef79a87136a316f0fb7b30a8d2
2024-11,Nifty Bank,29-11-2024,14.18,2.33,.95,True,validated,False,2024-11-29,2026-10-04T17:25:45.174561+00:00,https://archives.nseindia.com/content/indices/ind_close_all_29112024.csv,50fed36c0c4966be9fcedec11d3b156cf6cf5eef79a87136a316f0fb7b30a8d2
2024-11,Nifty Financial Services,29-11-2024,16.64,2.89,.9,True,validated,False,2024-11-29,2026-10-04T17:25:45.174561+00:00,https://archives.nseindia.com/content/indices/ind_close_all_29112024.csv,50fed36c0c4966be9fcedec11d3b156cf6cf5eef79a87136a316f0fb7b30a8d2
2024-11,Nifty FMCG,29-11-2024,46.14,11.28,1.83,True,validated,False,2024-11-29,2026-10-04T17:25:45.174561+00:00,https://archives.nseindia.com/content/indices/ind_close_all_29112024.csv,50fed36c0c4966be9fcedec11d3b156cf6cf5eef79a87136a316f0fb7b30a8d2
2024-11,Nifty IT,29-11-2024,34.15,8.88,1.89,True,validated,False,2024-11-29,2026-10-04T17:25:45.174561+00:00,https://archives.nseindia.com/content/indices/ind_close_all_29112024.csv,50fed36c0c4966be9fcedec11d3b156cf6cf5eef79a87136a316f0fb7b30a8d2
2024-11,Nifty Metal,29-11-2024,21.5,2.56,2.38,True,validated,False,2024-11-29,2026-10-04T17:25:45.174561+00:00,https://archives.nseindia.com/content/indices/ind_close_all_29112024.csv,50fed36c0c4966be9fcedec11d3b156cf6cf5eef79a87136a316f0fb7b30a8d2
2024-11,Nifty Pharma,29-11-2024,35.12,5.42,.61,True,validated,False,2024-11-29,2026-10-04T17:25:45.174561+00:00,https://archives.nseindia.com/content/indices/ind_close_all_29112024.csv,50fed36c0c4966be9fcedec11d3b156cf6cf5eef79a87136a316f0fb7b30a8d2
2024-11,Nifty PSU Bank,29-11-2024,7.71,1.32,2.18,True,validated,False,2024-11-29,2026-10-04T17:25:45.174561+00:00,https://archives.nseindia.com/content/indices/ind_close_all_29112024.csv,50fed36c0c4966be9fcedec11d3b156cf6cf5eef79a87136a316f0fb7b30a8d2
2024-11,Nifty Realty,29-11-2024,51.87,5.72,.37,True,validated,False,2024-11-29,2026-10-04T17:25:45.174561+00:00,https://archives.nseindia.com/content/indices/ind_close_all_29112024.csv,50fed36c0c4966be9fcedec11d3b156cf6cf5eef79a87136a316f0fb7b30a8d2
2024-11,Nifty Private Bank,29-11-2024,15.17,2.35,.59,True,validated,False,2024-11-29,2026-10-04T17:25:45.174561+00:00,https://archives.nseindia.com/content/indices/ind_close_all_29112024.csv,50fed36c0c4966be9fcedec11d3b156cf6cf5eef79a87136a316f0fb7b30a8d2
2024-11,Nifty Oil & Gas,29-11-2024,13.23,1.68,2.87,True,validated,False,2024-11-29,2026-10-04T17:25:45.174561+00:00,https://archives.nseindia.com/content/indices/ind_close_all_29112024.csv,50fed36c0c4966be9fcedec11d3b156cf6cf5eef79a87136a316f0fb7b30a8d2
2024-11,Nifty Healthcare Index,29-11-2024,40.07,5.99,.52,True,validated,False,2024-11-29,2026-10-04T17:25:45.174561+00:00,https://archives.nseindia.com/content/indices/ind_close_all_29112024.csv,50fed36c0c4966be9fcedec11d3b156cf6cf5eef79a87136a316f0fb7b30a8d2
2024-11,Nifty Consumer Durables,29-11-2024,83.62,12.53,.36,True,validated,False,2024-11-29,2026-10-04T17:25:45.174561+00:00,https://archives.nseindia.com/content/indices/ind_close_all_29112024.csv,50fed36c0c4966be9fcedec11d3b156cf6cf5eef79a87136a316f0fb7b30a8d2
2024-12,Nifty 50,31-12-2024,21.79,3.53,1.27,True,validated,False,2024-12-31,2026-10-04T17:25:44.940416+00:00,https://archives.nseindia.com/content/indices/ind_close_all_31122024.csv,c2963a73b2dc8578ae61d102073fcc49c292834cab3a4fb562010af5c91403ff
2024-12,Nifty Auto,31-12-2024,22.29,4.69,.98,True,validated,False,2024-12-31,2026-10-04T17:25:44.940416+00:00,https://archives.nseindia.com/content/indices/ind_close_all_31122024.csv,c2963a73b2dc8578ae61d102073fcc49c292834cab3a4fb562010af5c91403ff
2024-12,Nifty Bank,31-12-2024,13.68,2.24,.98,True,validated,False,2024-12-31,2026-10-04T17:25:44.940416+00:00,https://archives.nseindia.com/content/indices/ind_close_all_31122024.csv,c2963a73b2dc8578ae61d102073fcc49c292834cab3a4fb562010af5c91403ff
2024-12,Nifty Financial Services,31-12-2024,16.3,2.84,.91,True,validated,False,2024-12-31,2026-10-04T17:25:44.940416+00:00,https://archives.nseindia.com/content/indices/ind_close_all_31122024.csv,c2963a73b2dc8578ae61d102073fcc49c292834cab3a4fb562010af5c91403ff
2024-12,Nifty FMCG,31-12-2024,46.36,11.25,1.82,True,validated,False,2024-12-31,2026-10-04T17:25:44.940416+00:00,https://archives.nseindia.com/content/indices/ind_close_all_31122024.csv,c2963a73b2dc8578ae61d102073fcc49c292834cab3a4fb562010af5c91403ff
2024-12,Nifty IT,31-12-2024,34.03,8.98,1.91,True,validated,False,2024-12-31,2026-10-04T17:25:44.940416+00:00,https://archives.nseindia.com/content/indices/ind_close_all_31122024.csv,c2963a73b2dc8578ae61d102073fcc49c292834cab3a4fb562010af5c91403ff
2024-12,Nifty Metal,31-12-2024,20.67,2.46,2.38,True,validated,False,2024-12-31,2026-10-04T17:25:44.940416+00:00,https://archives.nseindia.com/content/indices/ind_close_all_31122024.csv,c2963a73b2dc8578ae61d102073fcc49c292834cab3a4fb562010af5c91403ff
2024-12,Nifty Pharma,31-12-2024,37.04,5.72,.58,True,validated,False,2024-12-31,2026-10-04T17:25:44.940416+00:00,https://archives.nseindia.com/content/indices/ind_close_all_31122024.csv,c2963a73b2dc8578ae61d102073fcc49c292834cab3a4fb562010af5c91403ff
2024-12,Nifty PSU Bank,31-12-2024,7.44,1.27,2.25,True,validated,False,2024-12-31,2026-10-04T17:25:44.940416+00:00,https://archives.nseindia.com/content/indices/ind_close_all_31122024.csv,c2963a73b2dc8578ae61d102073fcc49c292834cab3a4fb562010af5c91403ff
2024-12,Nifty Realty,31-12-2024,54.42,6.01,.36,True,validated,False,2024-12-31,2026-10-04T17:25:44.940416+00:00,https://archives.nseindia.com/content/indices/ind_close_all_31122024.csv,c2963a73b2dc8578ae61d102073fcc49c292834cab3a4fb562010af5c91403ff
2024-12,Nifty Private Bank,31-12-2024,14.62,2.25,.59,True,validated,False,2024-12-31,2026-10-04T17:25:44.940416+00:00,https://archives.nseindia.com/content/indices/ind_close_all_31122024.csv,c2963a73b2dc8578ae61d102073fcc49c292834cab3a4fb562010af5c91403ff
2024-12,Nifty Oil & Gas,31-12-2024,12.87,1.62,2.61,True,validated,False,2024-12-31,2026-10-04T17:25:44.940416+00:00,https://archives.nseindia.com/content/indices/ind_close_all_31122024.csv,c2963a73b2dc8578ae61d102073fcc49c292834cab3a4fb562010af5c91403ff
2024-12,Nifty Healthcare Index,31-12-2024,42.41,6.35,.5,True,validated,False,2024-12-31,2026-10-04T17:25:44.940416+00:00,https://archives.nseindia.com/content/indices/ind_close_all_31122024.csv,c2963a73b2dc8578ae61d102073fcc49c292834cab3a4fb562010af5c91403ff
2024-12,Nifty Consumer Durables,31-12-2024,87.48,13.26,.34,True,validated,False,2024-12-31,2026-10-04T17:25:44.940416+00:00,https://archives.nseindia.com/content/indices/ind_close_all_31122024.csv,c2963a73b2dc8578ae61d102073fcc49c292834cab3a4fb562010af5c91403ff
2025-01,Nifty 50,31-01-2025,21.33,3.51,1.38,True,validated,False,2025-01-31,2026-10-04T17:25:45.141993+00:00,https://archives.nseindia.com/content/indices/ind_close_all_31012025.csv,57c2629e79300388d3e871c587180af32b0a5a760d926c1ef947184701b05c87
2025-01,Nifty Auto,31-01-2025,22.16,4.7,.99,True,validated,False,2025-01-31,2026-10-04T17:25:45.141993+00:00,https://archives.nseindia.com/content/indices/ind_close_all_31012025.csv,57c2629e79300388d3e871c587180af32b0a5a760d926c1ef947184701b05c87
2025-01,Nifty Bank,31-01-2025,13.15,2.18,1.01,True,validated,False,2025-01-31,2026-10-04T17:25:45.141993+00:00,https://archives.nseindia.com/content/indices/ind_close_all_31012025.csv,57c2629e79300388d3e871c587180af32b0a5a760d926c1ef947184701b05c87
2025-01,Nifty Financial Services,31-01-2025,15.77,2.8,.93,True,validated,False,2025-01-31,2026-10-04T17:25:45.141993+00:00,https://archives.nseindia.com/content/indices/ind_close_all_31012025.csv,57c2629e79300388d3e871c587180af32b0a5a760d926c1ef947184701b05c87
2025-01,Nifty FMCG,31-01-2025,45.98,11.23,1.82,True,validated,False,2025-01-31,2026-10-04T17:25:45.141993+00:00,https://archives.nseindia.com/content/indices/ind_close_all_31012025.csv,57c2629e79300388d3e871c587180af32b0a5a760d926c1ef947184701b05c87
2025-01,Nifty IT,31-01-2025,32.33,8.82,2.41,True,validated,False,2025-01-31,2026-10-04T17:25:45.141993+00:00,https://archives.nseindia.com/content/indices/ind_close_all_31012025.csv,57c2629e79300388d3e871c587180af32b0a5a760d926c1ef947184701b05c87
2025-01,Nifty Metal,31-01-2025,20.61,2.39,2.46,True,validated,False,2025-01-31,2026-10-04T17:25:45.141993+00:00,https://archives.nseindia.com/content/indices/ind_close_all_31012025.csv,57c2629e79300388d3e871c587180af32b0a5a760d926c1ef947184701b05c87
2025-01,Nifty Pharma,31-01-2025,33.31,5.24,.66,True,validated,False,2025-01-31,2026-10-04T17:25:45.141993+00:00,https://archives.nseindia.com/content/indices/ind_close_all_31012025.csv,57c2629e79300388d3e871c587180af32b0a5a760d926c1ef947184701b05c87
2025-01,Nifty PSU Bank,31-01-2025,7.02,1.23,2.33,True,validated,False,2025-01-31,2026-10-04T17:25:45.141993+00:00,https://archives.nseindia.com/content/indices/ind_close_all_31012025.csv,57c2629e79300388d3e871c587180af32b0a5a760d926c1ef947184701b05c87
2025-01,Nifty Realty,31-01-2025,44.26,5.26,.42,True,validated,False,2025-01-31,2026-10-04T17:25:45.141993+00:00,https://archives.nseindia.com/content/indices/ind_close_all_31012025.csv,57c2629e79300388d3e871c587180af32b0a5a760d926c1ef947184701b05c87
2025-01,Nifty Private Bank,31-01-2025,14.24,2.21,.6,True,validated,False,2025-01-31,2026-10-04T17:25:45.141993+00:00,https://archives.nseindia.com/content/indices/ind_close_all_31012025.csv,57c2629e79300388d3e871c587180af32b0a5a760d926c1ef947184701b05c87
2025-01,Nifty Oil & Gas,31-01-2025,12.89,1.6,2.8,True,validated,False,2025-01-31,2026-10-04T17:25:45.141993+00:00,https://archives.nseindia.com/content/indices/ind_close_all_31012025.csv,57c2629e79300388d3e871c587180af32b0a5a760d926c1ef947184701b05c87
2025-01,Nifty Healthcare Index,31-01-2025,38.35,5.85,.57,True,validated,False,2025-01-31,2026-10-04T17:25:45.141993+00:00,https://archives.nseindia.com/content/indices/ind_close_all_31012025.csv,57c2629e79300388d3e871c587180af32b0a5a760d926c1ef947184701b05c87
2025-01,Nifty Consumer Durables,31-01-2025,75.27,11.92,.41,True,validated,False,2025-01-31,2026-10-04T17:25:45.141993+00:00,https://archives.nseindia.com/content/indices/ind_close_all_31012025.csv,57c2629e79300388d3e871c587180af32b0a5a760d926c1ef947184701b05c87
2025-02,Nifty 50,28-02-2025,19.67,3.29,1.45,True,validated,False,2025-02-28,2026-10-04T17:25:45.142483+00:00,https://archives.nseindia.com/content/indices/ind_close_all_28022025.csv,a03fcdb6269b58c01f9db32f7c2b8fb601fe1e790b591966cff1fffc3e9e3020
2025-02,Nifty Auto,28-02-2025,19.7,4.2,1.08,True,validated,False,2025-02-28,2026-10-04T17:25:45.142483+00:00,https://archives.nseindia.com/content/indices/ind_close_all_28022025.csv,a03fcdb6269b58c01f9db32f7c2b8fb601fe1e790b591966cff1fffc3e9e3020
2025-02,Nifty Bank,28-02-2025,12.68,2.13,1.03,True,validated,False,2025-02-28,2026-10-04T17:25:45.142483+00:00,https://archives.nseindia.com/content/indices/ind_close_all_28022025.csv,a03fcdb6269b58c01f9db32f7c2b8fb601fe1e790b591966cff1fffc3e9e3020
2025-02,Nifty Financial Services,28-02-2025,15.32,2.78,.95,True,validated,False,2025-02-28,2026-10-04T17:25:45.142483+00:00,https://archives.nseindia.com/content/indices/ind_close_all_28022025.csv,a03fcdb6269b58c01f9db32f7c2b8fb601fe1e790b591966cff1fffc3e9e3020
2025-02,Nifty FMCG,28-02-2025,41.31,9.92,2.14,True,validated,False,2025-02-28,2026-10-04T17:25:45.142483+00:00,https://archives.nseindia.com/content/indices/ind_close_all_28022025.csv,a03fcdb6269b58c01f9db32f7c2b8fb601fe1e790b591966cff1fffc3e9e3020
2025-02,Nifty IT,28-02-2025,28.28,7.72,2.75,True,validated,False,2025-02-28,2026-10-04T17:25:45.142483+00:00,https://archives.nseindia.com/content/indices/ind_close_all_28022025.csv,a03fcdb6269b58c01f9db32f7c2b8fb601fe1e790b591966cff1fffc3e9e3020
2025-02,Nifty Metal,28-02-2025,18.96,2.34,2.41,True,validated,False,2025-02-28,2026-10-04T17:25:45.142483+00:00,https://archives.nseindia.com/content/indices/ind_close_all_28022025.csv,a03fcdb6269b58c01f9db32f7c2b8fb601fe1e790b591966cff1fffc3e9e3020
2025-02,Nifty Pharma,28-02-2025,29.95,4.84,.7,True,validated,False,2025-02-28,2026-10-04T17:25:45.142483+00:00,https://archives.nseindia.com/content/indices/ind_close_all_28022025.csv,a03fcdb6269b58c01f9db32f7c2b8fb601fe1e790b591966cff1fffc3e9e3020
2025-02,Nifty PSU Bank,28-02-2025,5.98,1.1,2.61,True,validated,False,2025-02-28,2026-10-04T17:25:45.142483+00:00,https://archives.nseindia.com/content/indices/ind_close_all_28022025.csv,a03fcdb6269b58c01f9db32f7c2b8fb601fe1e790b591966cff1fffc3e9e3020
2025-02,Nifty Realty,28-02-2025,38.68,4.57,.47,True,validated,False,2025-02-28,2026-10-04T17:25:45.142483+00:00,https://archives.nseindia.com/content/indices/ind_close_all_28022025.csv,a03fcdb6269b58c01f9db32f7c2b8fb601fe1e790b591966cff1fffc3e9e3020
2025-02,Nifty Private Bank,28-02-2025,14.39,2.2,.61,True,validated,False,2025-02-28,2026-10-04T17:25:45.142483+00:00,https://archives.nseindia.com/content/indices/ind_close_all_28022025.csv,a03fcdb6269b58c01f9db32f7c2b8fb601fe1e790b591966cff1fffc3e9e3020
2025-02,Nifty Oil & Gas,28-02-2025,11.74,1.45,3.11,True,validated,False,2025-02-28,2026-10-04T17:25:45.142483+00:00,https://archives.nseindia.com/content/indices/ind_close_all_28022025.csv,a03fcdb6269b58c01f9db32f7c2b8fb601fe1e790b591966cff1fffc3e9e3020
2025-02,Nifty Healthcare Index,28-02-2025,34.21,5.38,.61,True,validated,False,2025-02-28,2026-10-04T17:25:45.142483+00:00,https://archives.nseindia.com/content/indices/ind_close_all_28022025.csv,a03fcdb6269b58c01f9db32f7c2b8fb601fe1e790b591966cff1fffc3e9e3020
2025-02,Nifty Consumer Durables,28-02-2025,68.64,10.93,.42,True,validated,False,2025-02-28,2026-10-04T17:25:45.142483+00:00,https://archives.nseindia.com/content/indices/ind_close_all_28022025.csv,a03fcdb6269b58c01f9db32f7c2b8fb601fe1e790b591966cff1fffc3e9e3020
2025-03,Nifty 50,28-03-2025,21.37,3.48,1.32,True,validated,False,2025-03-28,2026-10-04T17:25:46.145931+00:00,https://archives.nseindia.com/content/indices/ind_close_all_28032025.csv,83eb82badff97256f430d17ca361b3a5abbff4eba2fce3bf584472a617850fb5
2025-03,Nifty Auto,28-03-2025,20.82,4.51,1.03,True,validated,False,2025-03-28,2026-10-04T17:25:46.145931+00:00,https://archives.nseindia.com/content/indices/ind_close_all_28032025.csv,83eb82badff97256f430d17ca361b3a5abbff4eba2fce3bf584472a617850fb5
2025-03,Nifty Bank,28-03-2025,13.18,2.2,1.01,True,validated,False,2025-03-28,2026-10-04T17:25:46.145931+00:00,https://archives.nseindia.com/content/indices/ind_close_all_28032025.csv,83eb82badff97256f430d17ca361b3a5abbff4eba2fce3bf584472a617850fb5
2025-03,Nifty Financial Services,28-03-2025,16.8,2.9,.86,True,validated,False,2025-03-28,2026-10-04T17:25:46.145931+00:00,https://archives.nseindia.com/content/indices/ind_close_all_28032025.csv,83eb82badff97256f430d17ca361b3a5abbff4eba2fce3bf584472a617850fb5
2025-03,Nifty FMCG,28-03-2025,42.81,10.26,2.04,True,validated,False,2025-03-28,2026-10-04T17:25:46.145931+00:00,https://archives.nseindia.com/content/indices/ind_close_all_28032025.csv,83eb82badff97256f430d17ca361b3a5abbff4eba2fce3bf584472a617850fb5
2025-03,Nifty IT,28-03-2025,27.87,7.64,2.81,True,validated,False,2025-03-28,2026-10-04T17:25:46.145931+00:00,https://archives.nseindia.com/content/indices/ind_close_all_28032025.csv,83eb82badff97256f430d17ca361b3a5abbff4eba2fce3bf584472a617850fb5
2025-03,Nifty Metal,28-03-2025,21.16,2.64,2.28,True,validated,False,2025-03-28,2026-10-04T17:25:46.145931+00:00,https://archives.nseindia.com/content/indices/ind_close_all_28032025.csv,83eb82badff97256f430d17ca361b3a5abbff4eba2fce3bf584472a617850fb5
2025-03,Nifty Pharma,28-03-2025,32.02,5.18,.66,True,validated,False,2025-03-28,2026-10-04T17:25:46.145931+00:00,https://archives.nseindia.com/content/indices/ind_close_all_28032025.csv,83eb82badff97256f430d17ca361b3a5abbff4eba2fce3bf584472a617850fb5
2025-03,Nifty PSU Bank,28-03-2025,6.62,1.22,2.36,True,validated,False,2025-03-28,2026-10-04T17:25:46.145931+00:00,https://archives.nseindia.com/content/indices/ind_close_all_28032025.csv,83eb82badff97256f430d17ca361b3a5abbff4eba2fce3bf584472a617850fb5
2025-03,Nifty Realty,28-03-2025,41.08,4.92,.42,True,validated,False,2025-03-28,2026-10-04T17:25:46.145931+00:00,https://archives.nseindia.com/content/indices/ind_close_all_28032025.csv,83eb82badff97256f430d17ca361b3a5abbff4eba2fce3bf584472a617850fb5
2025-03,Nifty Private Bank,28-03-2025,15.41,2.24,.58,True,validated,False,2025-03-28,2026-10-04T17:25:46.145931+00:00,https://archives.nseindia.com/content/indices/ind_close_all_28032025.csv,83eb82badff97256f430d17ca361b3a5abbff4eba2fce3bf584472a617850fb5
2025-03,Nifty Oil & Gas,28-03-2025,12.68,1.58,2.92,True,validated,False,2025-03-28,2026-10-04T17:25:46.145931+00:00,https://archives.nseindia.com/content/indices/ind_close_all_28032025.csv,83eb82badff97256f430d17ca361b3a5abbff4eba2fce3bf584472a617850fb5
2025-03,Nifty Healthcare Index,28-03-2025,37.62,5.87,.54,True,validated,False,2025-03-28,2026-10-04T17:25:46.145931+00:00,https://archives.nseindia.com/content/indices/ind_close_all_28032025.csv,83eb82badff97256f430d17ca361b3a5abbff4eba2fce3bf584472a617850fb5
2025-03,Nifty Consumer Durables,28-03-2025,71.88,14.47,.4,True,validated,False,2025-03-28,2026-10-04T17:25:46.145931+00:00,https://archives.nseindia.com/content/indices/ind_close_all_28032025.csv,83eb82badff97256f430d17ca361b3a5abbff4eba2fce3bf584472a617850fb5
2025-04,Nifty 50,30-04-2025,21.94,3.6,1.29,True,validated,False,2025-04-30,2026-10-04T17:25:45.366829+00:00,https://archives.nseindia.com/content/indices/ind_close_all_30042025.csv,ff12a0bb13de7757aa164a347a14fc705602abad0cc4183970cd988b7ef7e725
2025-04,Nifty Auto,30-04-2025,21.82,4.72,.91,True,validated,False,2025-04-30,2026-10-04T17:25:45.366829+00:00,https://archives.nseindia.com/content/indices/ind_close_all_30042025.csv,ff12a0bb13de7757aa164a347a14fc705602abad0cc4183970cd988b7ef7e725
2025-04,Nifty Bank,30-04-2025,13.97,2.35,.95,True,validated,False,2025-04-30,2026-10-04T17:25:45.366829+00:00,https://archives.nseindia.com/content/indices/ind_close_all_30042025.csv,ff12a0bb13de7757aa164a347a14fc705602abad0cc4183970cd988b7ef7e725
2025-04,Nifty Financial Services,30-04-2025,17.26,3.02,.83,True,validated,False,2025-04-30,2026-10-04T17:25:45.366829+00:00,https://archives.nseindia.com/content/indices/ind_close_all_30042025.csv,ff12a0bb13de7757aa164a347a14fc705602abad0cc4183970cd988b7ef7e725
2025-04,Nifty FMCG,30-04-2025,44.93,10.8,1.95,True,validated,False,2025-04-30,2026-10-04T17:25:45.366829+00:00,https://archives.nseindia.com/content/indices/ind_close_all_30042025.csv,ff12a0bb13de7757aa164a347a14fc705602abad0cc4183970cd988b7ef7e725
2025-04,Nifty IT,30-04-2025,26.85,7.41,3.02,True,validated,False,2025-04-30,2026-10-04T17:25:45.366829+00:00,https://archives.nseindia.com/content/indices/ind_close_all_30042025.csv,ff12a0bb13de7757aa164a347a14fc705602abad0cc4183970cd988b7ef7e725
2025-04,Nifty Metal,30-04-2025,19.93,2.49,2.42,True,validated,False,2025-04-30,2026-10-04T17:25:45.366829+00:00,https://archives.nseindia.com/content/indices/ind_close_all_30042025.csv,ff12a0bb13de7757aa164a347a14fc705602abad0cc4183970cd988b7ef7e725
2025-04,Nifty Pharma,30-04-2025,32.82,5.34,.64,True,validated,False,2025-04-30,2026-10-04T17:25:45.366829+00:00,https://archives.nseindia.com/content/indices/ind_close_all_30042025.csv,ff12a0bb13de7757aa164a347a14fc705602abad0cc4183970cd988b7ef7e725
2025-04,Nifty PSU Bank,30-04-2025,6.92,1.27,2.26,True,validated,False,2025-04-30,2026-10-04T17:25:45.366829+00:00,https://archives.nseindia.com/content/indices/ind_close_all_30042025.csv,ff12a0bb13de7757aa164a347a14fc705602abad0cc4183970cd988b7ef7e725
2025-04,Nifty Realty,30-04-2025,42.99,5.12,.41,True,validated,False,2025-04-30,2026-10-04T17:25:45.366829+00:00,https://archives.nseindia.com/content/indices/ind_close_all_30042025.csv,ff12a0bb13de7757aa164a347a14fc705602abad0cc4183970cd988b7ef7e725
2025-04,Nifty Private Bank,30-04-2025,16.41,2.39,.55,True,validated,False,2025-04-30,2026-10-04T17:25:45.366829+00:00,https://archives.nseindia.com/content/indices/ind_close_all_30042025.csv,ff12a0bb13de7757aa164a347a14fc705602abad0cc4183970cd988b7ef7e725
2025-04,Nifty Oil & Gas,30-04-2025,13.39,1.67,2.75,True,validated,False,2025-04-30,2026-10-04T17:25:45.366829+00:00,https://archives.nseindia.com/content/indices/ind_close_all_30042025.csv,ff12a0bb13de7757aa164a347a14fc705602abad0cc4183970cd988b7ef7e725
2025-04,Nifty Healthcare Index,30-04-2025,38.47,6.03,.52,True,validated,False,2025-04-30,2026-10-04T17:25:45.366829+00:00,https://archives.nseindia.com/content/indices/ind_close_all_30042025.csv,ff12a0bb13de7757aa164a347a14fc705602abad0cc4183970cd988b7ef7e725
2025-04,Nifty Consumer Durables,30-04-2025,74.39,15.06,.38,True,validated,False,2025-04-30,2026-10-04T17:25:45.366829+00:00,https://archives.nseindia.com/content/indices/ind_close_all_30042025.csv,ff12a0bb13de7757aa164a347a14fc705602abad0cc4183970cd988b7ef7e725
2025-05,Nifty 50,30-05-2025,22.32,3.62,1.25,True,validated,False,2025-05-30,2026-10-04T17:25:45.827933+00:00,https://archives.nseindia.com/content/indices/ind_close_all_30052025.csv,ccf430ddeadb732699ca28bebf7e4edab603580d257f5ee50afe380b076d8625
2025-05,Nifty Auto,30-05-2025,24.25,4.94,.93,True,validated,False,2025-05-30,2026-10-04T17:25:45.827933+00:00,https://archives.nseindia.com/content/indices/ind_close_all_30052025.csv,ccf430ddeadb732699ca28bebf7e4edab603580d257f5ee50afe380b076d8625
2025-05,Nifty Bank,30-05-2025,14.63,2.33,.68,True,validated,False,2025-05-30,2026-10-04T17:25:45.827933+00:00,https://archives.nseindia.com/content/indices/ind_close_all_30052025.csv,ccf430ddeadb732699ca28bebf7e4edab603580d257f5ee50afe380b076d8625
2025-05,Nifty Financial Services,30-05-2025,17.51,3,.55,True,validated,False,2025-05-30,2026-10-04T17:25:45.827933+00:00,https://archives.nseindia.com/content/indices/ind_close_all_30052025.csv,ccf430ddeadb732699ca28bebf7e4edab603580d257f5ee50afe380b076d8625
2025-05,Nifty FMCG,30-05-2025,43.7,10.58,2.58,True,validated,False,2025-05-30,2026-10-04T17:25:45.827933+00:00,https://archives.nseindia.com/content/indices/ind_close_all_30052025.csv,ccf430ddeadb732699ca28bebf7e4edab603580d257f5ee50afe380b076d8625
2025-05,Nifty IT,30-05-2025,27.89,7.67,3.03,True,validated,False,2025-05-30,2026-10-04T17:25:45.827933+00:00,https://archives.nseindia.com/content/indices/ind_close_all_30052025.csv,ccf430ddeadb732699ca28bebf7e4edab603580d257f5ee50afe380b076d8625
2025-05,Nifty Metal,30-05-2025,19.64,2.66,1.94,True,validated,False,2025-05-30,2026-10-04T17:25:45.827933+00:00,https://archives.nseindia.com/content/indices/ind_close_all_30052025.csv,ccf430ddeadb732699ca28bebf7e4edab603580d257f5ee50afe380b076d8625
2025-05,Nifty Pharma,30-05-2025,30.7,5.26,.65,True,validated,False,2025-05-30,2026-10-04T17:25:45.827933+00:00,https://archives.nseindia.com/content/indices/ind_close_all_30052025.csv,ccf430ddeadb732699ca28bebf7e4edab603580d257f5ee50afe380b076d8625
2025-05,Nifty PSU Bank,30-05-2025,7.07,1.3,2.21,True,validated,False,2025-05-30,2026-10-04T17:25:45.827933+00:00,https://archives.nseindia.com/content/indices/ind_close_all_30052025.csv,ccf430ddeadb732699ca28bebf7e4edab603580d257f5ee50afe380b076d8625
2025-05,Nifty Realty,30-05-2025,46.62,5.49,.38,True,validated,False,2025-05-30,2026-10-04T17:25:45.827933+00:00,https://archives.nseindia.com/content/indices/ind_close_all_30052025.csv,ccf430ddeadb732699ca28bebf7e4edab603580d257f5ee50afe380b076d8625
2025-05,Nifty Private Bank,30-05-2025,17.6,2.4,.33,True,validated,False,2025-05-30,2026-10-04T17:25:45.827933+00:00,https://archives.nseindia.com/content/indices/ind_close_all_30052025.csv,ccf430ddeadb732699ca28bebf7e4edab603580d257f5ee50afe380b076d8625
2025-05,Nifty Oil & Gas,30-05-2025,13.71,1.7,2.7,True,validated,False,2025-05-30,2026-10-04T17:25:45.827933+00:00,https://archives.nseindia.com/content/indices/ind_close_all_30052025.csv,ccf430ddeadb732699ca28bebf7e4edab603580d257f5ee50afe380b076d8625
2025-05,Nifty Healthcare Index,30-05-2025,36.14,5.96,.53,True,validated,False,2025-05-30,2026-10-04T17:25:45.827933+00:00,https://archives.nseindia.com/content/indices/ind_close_all_30052025.csv,ccf430ddeadb732699ca28bebf7e4edab603580d257f5ee50afe380b076d8625
2025-05,Nifty Consumer Durables,30-05-2025,69.62,15.16,.42,True,validated,False,2025-05-30,2026-10-04T17:25:45.827933+00:00,https://archives.nseindia.com/content/indices/ind_close_all_30052025.csv,ccf430ddeadb732699ca28bebf7e4edab603580d257f5ee50afe380b076d8625
2025-06,Nifty 50,30-06-2025,22.97,3.7,1.24,True,validated,False,2025-06-30,2026-10-04T17:25:45.485517+00:00,https://archives.nseindia.com/content/indices/ind_close_all_30062025.csv,48bf309dec5572d82aa6b705596b748626f54070ebe0d5618163bf33a6a6c6a0
2025-06,Nifty Auto,30-06-2025,24.91,4.71,1.06,True,validated,False,2025-06-30,2026-10-04T17:25:45.485517+00:00,https://archives.nseindia.com/content/indices/ind_close_all_30062025.csv,48bf309dec5572d82aa6b705596b748626f54070ebe0d5618163bf33a6a6c6a0
2025-06,Nifty Bank,30-06-2025,15.19,2.36,.94,True,validated,False,2025-06-30,2026-10-04T17:25:45.485517+00:00,https://archives.nseindia.com/content/indices/ind_close_all_30062025.csv,48bf309dec5572d82aa6b705596b748626f54070ebe0d5618163bf33a6a6c6a0
2025-06,Nifty Financial Services,30-06-2025,18,3.08,.87,True,validated,False,2025-06-30,2026-10-04T17:25:45.485517+00:00,https://archives.nseindia.com/content/indices/ind_close_all_30062025.csv,48bf309dec5572d82aa6b705596b748626f54070ebe0d5618163bf33a6a6c6a0
2025-06,Nifty FMCG,30-06-2025,41.43,10.23,2.02,True,validated,False,2025-06-30,2026-10-04T17:25:45.485517+00:00,https://archives.nseindia.com/content/indices/ind_close_all_30062025.csv,48bf309dec5572d82aa6b705596b748626f54070ebe0d5618163bf33a6a6c6a0
2025-06,Nifty IT,30-06-2025,28.81,7.67,2.62,True,validated,False,2025-06-30,2026-10-04T17:25:45.485517+00:00,https://archives.nseindia.com/content/indices/ind_close_all_30062025.csv,48bf309dec5572d82aa6b705596b748626f54070ebe0d5618163bf33a6a6c6a0
2025-06,Nifty Metal,30-06-2025,19.37,2.67,2.09,True,validated,False,2025-06-30,2026-10-04T17:25:45.485517+00:00,https://archives.nseindia.com/content/indices/ind_close_all_30062025.csv,48bf309dec5572d82aa6b705596b748626f54070ebe0d5618163bf33a6a6c6a0
2025-06,Nifty Pharma,30-06-2025,31.61,5.36,.74,True,validated,False,2025-06-30,2026-10-04T17:25:45.485517+00:00,https://archives.nseindia.com/content/indices/ind_close_all_30062025.csv,48bf309dec5572d82aa6b705596b748626f54070ebe0d5618163bf33a6a6c6a0
2025-06,Nifty PSU Bank,30-06-2025,7.31,1.19,2.53,True,validated,False,2025-06-30,2026-10-04T17:25:45.485517+00:00,https://archives.nseindia.com/content/indices/ind_close_all_30062025.csv,48bf309dec5572d82aa6b705596b748626f54070ebe0d5618163bf33a6a6c6a0
2025-06,Nifty Realty,30-06-2025,49.06,5.63,.25,True,validated,False,2025-06-30,2026-10-04T17:25:45.485517+00:00,https://archives.nseindia.com/content/indices/ind_close_all_30062025.csv,48bf309dec5572d82aa6b705596b748626f54070ebe0d5618163bf33a6a6c6a0
2025-06,Nifty Private Bank,30-06-2025,18.06,2.52,.46,True,validated,False,2025-06-30,2026-10-04T17:25:45.485517+00:00,https://archives.nseindia.com/content/indices/ind_close_all_30062025.csv,48bf309dec5572d82aa6b705596b748626f54070ebe0d5618163bf33a6a6c6a0
2025-06,Nifty Oil & Gas,30-06-2025,14.05,1.75,2.66,True,validated,False,2025-06-30,2026-10-04T17:25:45.485517+00:00,https://archives.nseindia.com/content/indices/ind_close_all_30062025.csv,48bf309dec5572d82aa6b705596b748626f54070ebe0d5618163bf33a6a6c6a0
2025-06,Nifty Healthcare Index,30-06-2025,37.47,6.15,.6,True,validated,False,2025-06-30,2026-10-04T17:25:45.485517+00:00,https://archives.nseindia.com/content/indices/ind_close_all_30062025.csv,48bf309dec5572d82aa6b705596b748626f54070ebe0d5618163bf33a6a6c6a0
2025-06,Nifty Consumer Durables,30-06-2025,69.36,14.66,.27,True,validated,False,2025-06-30,2026-10-04T17:25:45.485517+00:00,https://archives.nseindia.com/content/indices/ind_close_all_30062025.csv,48bf309dec5572d82aa6b705596b748626f54070ebe0d5618163bf33a6a6c6a0
2025-07,Nifty 50,31-07-2025,21.93,3.38,1.38,True,validated,False,2025-07-31,2026-10-04T17:25:45.718625+00:00,https://archives.nseindia.com/content/indices/ind_close_all_31072025.csv,347fa031fa453fd2faa558b37e6c9b797415b36cca2e7bee330a0b30c9eabe36
2025-07,Nifty Auto,31-07-2025,24.73,4.35,1.2,True,validated,False,2025-07-31,2026-10-04T17:25:45.718625+00:00,https://archives.nseindia.com/content/indices/ind_close_all_31072025.csv,347fa031fa453fd2faa558b37e6c9b797415b36cca2e7bee330a0b30c9eabe36
2025-07,Nifty Bank,31-07-2025,15.2,2.16,1.05,True,validated,False,2025-07-31,2026-10-04T17:25:45.718625+00:00,https://archives.nseindia.com/content/indices/ind_close_all_31072025.csv,347fa031fa453fd2faa558b37e6c9b797415b36cca2e7bee330a0b30c9eabe36
2025-07,Nifty Financial Services,31-07-2025,17.59,2.77,.96,True,validated,False,2025-07-31,2026-10-04T17:25:45.718625+00:00,https://archives.nseindia.com/content/indices/ind_close_all_31072025.csv,347fa031fa453fd2faa558b37e6c9b797415b36cca2e7bee330a0b30c9eabe36
2025-07,Nifty FMCG,31-07-2025,42.13,10.66,1.98,True,validated,False,2025-07-31,2026-10-04T17:25:45.718625+00:00,https://archives.nseindia.com/content/indices/ind_close_all_31072025.csv,347fa031fa453fd2faa558b37e6c9b797415b36cca2e7bee330a0b30c9eabe36
2025-07,Nifty IT,31-07-2025,25.49,6.84,3.08,True,validated,False,2025-07-31,2026-10-04T17:25:45.718625+00:00,https://archives.nseindia.com/content/indices/ind_close_all_31072025.csv,347fa031fa453fd2faa558b37e6c9b797415b36cca2e7bee330a0b30c9eabe36
2025-07,Nifty Metal,31-07-2025,18.44,2.59,2.09,True,validated,False,2025-07-31,2026-10-04T17:25:45.718625+00:00,https://archives.nseindia.com/content/indices/ind_close_all_31072025.csv,347fa031fa453fd2faa558b37e6c9b797415b36cca2e7bee330a0b30c9eabe36
2025-07,Nifty Pharma,31-07-2025,32.34,5.04,.82,True,validated,False,2025-07-31,2026-10-04T17:25:45.718625+00:00,https://archives.nseindia.com/content/indices/ind_close_all_31072025.csv,347fa031fa453fd2faa558b37e6c9b797415b36cca2e7bee330a0b30c9eabe36
2025-07,Nifty PSU Bank,31-07-2025,7.02,1.11,2.75,True,validated,False,2025-07-31,2026-10-04T17:25:45.718625+00:00,https://archives.nseindia.com/content/indices/ind_close_all_31072025.csv,347fa031fa453fd2faa558b37e6c9b797415b36cca2e7bee330a0b30c9eabe36
2025-07,Nifty Realty,31-07-2025,44.61,4.53,.3,True,validated,False,2025-07-31,2026-10-04T17:25:45.718625+00:00,https://archives.nseindia.com/content/indices/ind_close_all_31072025.csv,347fa031fa453fd2faa558b37e6c9b797415b36cca2e7bee330a0b30c9eabe36
2025-07,Nifty Private Bank,31-07-2025,18.14,2.19,.54,True,validated,False,2025-07-31,2026-10-04T17:25:45.718625+00:00,https://archives.nseindia.com/content/indices/ind_close_all_31072025.csv,347fa031fa453fd2faa558b37e6c9b797415b36cca2e7bee330a0b30c9eabe36
2025-07,Nifty Oil & Gas,31-07-2025,13.13,1.67,2.53,True,validated,False,2025-07-31,2026-10-04T17:25:45.718625+00:00,https://archives.nseindia.com/content/indices/ind_close_all_31072025.csv,347fa031fa453fd2faa558b37e6c9b797415b36cca2e7bee330a0b30c9eabe36
2025-07,Nifty Healthcare Index,31-07-2025,38.17,5.75,.67,True,validated,False,2025-07-31,2026-10-04T17:25:45.718625+00:00,https://archives.nseindia.com/content/indices/ind_close_all_31072025.csv,347fa031fa453fd2faa558b37e6c9b797415b36cca2e7bee330a0b30c9eabe36
2025-07,Nifty Consumer Durables,31-07-2025,67.99,14.06,.36,True,validated,False,2025-07-31,2026-10-04T17:25:45.718625+00:00,https://archives.nseindia.com/content/indices/ind_close_all_31072025.csv,347fa031fa453fd2faa558b37e6c9b797415b36cca2e7bee330a0b30c9eabe36
2025-08,Nifty 50,29-08-2025,21.46,3.27,1.37,True,validated,False,2025-08-29,2026-10-04T17:25:46.472531+00:00,https://archives.nseindia.com/content/indices/ind_close_all_29082025.csv,167e8e02a90374fecb861724a044ccfad840449773543813208b9a6e9b4a0502
2025-08,Nifty Auto,29-08-2025,25.62,4.49,1.19,True,validated,False,2025-08-29,2026-10-04T17:25:46.472531+00:00,https://archives.nseindia.com/content/indices/ind_close_all_29082025.csv,167e8e02a90374fecb861724a044ccfad840449773543813208b9a6e9b4a0502
2025-08,Nifty Bank,29-08-2025,14.61,1.99,1.11,True,validated,False,2025-08-29,2026-10-04T17:25:46.472531+00:00,https://archives.nseindia.com/content/indices/ind_close_all_29082025.csv,167e8e02a90374fecb861724a044ccfad840449773543813208b9a6e9b4a0502
2025-08,Nifty Financial Services,29-08-2025,16.73,2.65,1.05,True,validated,False,2025-08-29,2026-10-04T17:25:46.472531+00:00,https://archives.nseindia.com/content/indices/ind_close_all_29082025.csv,167e8e02a90374fecb861724a044ccfad840449773543813208b9a6e9b4a0502
2025-08,Nifty FMCG,29-08-2025,42.08,10.67,2.03,True,validated,False,2025-08-29,2026-10-04T17:25:46.472531+00:00,https://archives.nseindia.com/content/indices/ind_close_all_29082025.csv,167e8e02a90374fecb861724a044ccfad840449773543813208b9a6e9b4a0502
2025-08,Nifty IT,29-08-2025,25.41,6.77,3.08,True,validated,False,2025-08-29,2026-10-04T17:25:46.472531+00:00,https://archives.nseindia.com/content/indices/ind_close_all_29082025.csv,167e8e02a90374fecb861724a044ccfad840449773543813208b9a6e9b4a0502
2025-08,Nifty Metal,29-08-2025,17.52,2.41,2.45,True,validated,False,2025-08-29,2026-10-04T17:25:46.472531+00:00,https://archives.nseindia.com/content/indices/ind_close_all_29082025.csv,167e8e02a90374fecb861724a044ccfad840449773543813208b9a6e9b4a0502
2025-08,Nifty Pharma,29-08-2025,31.63,4.7,.72,True,validated,False,2025-08-29,2026-10-04T17:25:46.472531+00:00,https://archives.nseindia.com/content/indices/ind_close_all_29082025.csv,167e8e02a90374fecb861724a044ccfad840449773543813208b9a6e9b4a0502
2025-08,Nifty PSU Bank,29-08-2025,6.96,1.09,2.79,True,validated,False,2025-08-29,2026-10-04T17:25:46.472531+00:00,https://archives.nseindia.com/content/indices/ind_close_all_29082025.csv,167e8e02a90374fecb861724a044ccfad840449773543813208b9a6e9b4a0502
2025-08,Nifty Realty,29-08-2025,41.75,4.07,.32,True,validated,False,2025-08-29,2026-10-04T17:25:46.472531+00:00,https://archives.nseindia.com/content/indices/ind_close_all_29082025.csv,167e8e02a90374fecb861724a044ccfad840449773543813208b9a6e9b4a0502
2025-08,Nifty Private Bank,29-08-2025,17.48,2.01,.58,True,validated,False,2025-08-29,2026-10-04T17:25:46.472531+00:00,https://archives.nseindia.com/content/indices/ind_close_all_29082025.csv,167e8e02a90374fecb861724a044ccfad840449773543813208b9a6e9b4a0502
2025-08,Nifty Oil & Gas,29-08-2025,11.44,1.54,2.39,True,validated,False,2025-08-29,2026-10-04T17:25:46.472531+00:00,https://archives.nseindia.com/content/indices/ind_close_all_29082025.csv,167e8e02a90374fecb861724a044ccfad840449773543813208b9a6e9b4a0502
2025-08,Nifty Healthcare Index,29-08-2025,37.22,5.39,.58,True,validated,False,2025-08-29,2026-10-04T17:25:46.472531+00:00,https://archives.nseindia.com/content/indices/ind_close_all_29082025.csv,167e8e02a90374fecb861724a044ccfad840449773543813208b9a6e9b4a0502
2025-08,Nifty Consumer Durables,29-08-2025,69.54,13.6,.35,True,validated,False,2025-08-29,2026-10-04T17:25:46.472531+00:00,https://archives.nseindia.com/content/indices/ind_close_all_29082025.csv,167e8e02a90374fecb861724a044ccfad840449773543813208b9a6e9b4a0502
2025-09,Nifty 50,30-09-2025,21.76,3.37,1.35,True,validated,False,2025-09-30,2026-10-04T17:25:46.021177+00:00,https://archives.nseindia.com/content/indices/ind_close_all_30092025.csv,9c784930a9c42ddd9298f218faf1d3275698ec88179be1dd5cbd25e19c258b92
2025-09,Nifty Auto,30-09-2025,27.52,4.8,1.12,True,validated,False,2025-09-30,2026-10-04T17:25:46.021177+00:00,https://archives.nseindia.com/content/indices/ind_close_all_30092025.csv,9c784930a9c42ddd9298f218faf1d3275698ec88179be1dd5cbd25e19c258b92
2025-09,Nifty Bank,30-09-2025,15.09,2.06,1.07,True,validated,False,2025-09-30,2026-10-04T17:25:46.021177+00:00,https://archives.nseindia.com/content/indices/ind_close_all_30092025.csv,9c784930a9c42ddd9298f218faf1d3275698ec88179be1dd5cbd25e19c258b92
2025-09,Nifty Financial Services,30-09-2025,17.14,2.71,1,True,validated,False,2025-09-30,2026-10-04T17:25:46.021177+00:00,https://archives.nseindia.com/content/indices/ind_close_all_30092025.csv,9c784930a9c42ddd9298f218faf1d3275698ec88179be1dd5cbd25e19c258b92
2025-09,Nifty FMCG,30-09-2025,40.45,9.86,2.11,True,validated,False,2025-09-30,2026-10-04T17:25:46.021177+00:00,https://archives.nseindia.com/content/indices/ind_close_all_30092025.csv,9c784930a9c42ddd9298f218faf1d3275698ec88179be1dd5cbd25e19c258b92
2025-09,Nifty IT,30-09-2025,24.29,6.3,3.23,True,validated,False,2025-09-30,2026-10-04T17:25:46.021177+00:00,https://archives.nseindia.com/content/indices/ind_close_all_30092025.csv,9c784930a9c42ddd9298f218faf1d3275698ec88179be1dd5cbd25e19c258b92
2025-09,Nifty Metal,30-09-2025,19.2,2.62,1.74,True,validated,False,2025-09-30,2026-10-04T17:25:46.021177+00:00,https://archives.nseindia.com/content/indices/ind_close_all_30092025.csv,9c784930a9c42ddd9298f218faf1d3275698ec88179be1dd5cbd25e19c258b92
2025-09,Nifty Pharma,30-09-2025,33.07,4.64,.71,True,validated,False,2025-09-30,2026-10-04T17:25:46.021177+00:00,https://archives.nseindia.com/content/indices/ind_close_all_30092025.csv,9c784930a9c42ddd9298f218faf1d3275698ec88179be1dd5cbd25e19c258b92
2025-09,Nifty PSU Bank,30-09-2025,7.82,1.23,2.49,True,validated,False,2025-09-30,2026-10-04T17:25:46.021177+00:00,https://archives.nseindia.com/content/indices/ind_close_all_30092025.csv,9c784930a9c42ddd9298f218faf1d3275698ec88179be1dd5cbd25e19c258b92
2025-09,Nifty Realty,30-09-2025,42.51,4.19,.34,True,validated,False,2025-09-30,2026-10-04T17:25:46.021177+00:00,https://archives.nseindia.com/content/indices/ind_close_all_30092025.csv,9c784930a9c42ddd9298f218faf1d3275698ec88179be1dd5cbd25e19c258b92
2025-09,Nifty Private Bank,30-09-2025,17.77,2.04,.57,True,validated,False,2025-09-30,2026-10-04T17:25:46.021177+00:00,https://archives.nseindia.com/content/indices/ind_close_all_30092025.csv,9c784930a9c42ddd9298f218faf1d3275698ec88179be1dd5cbd25e19c258b92
2025-09,Nifty Oil & Gas,30-09-2025,12.04,1.58,2.31,True,validated,False,2025-09-30,2026-10-04T17:25:46.021177+00:00,https://archives.nseindia.com/content/indices/ind_close_all_30092025.csv,9c784930a9c42ddd9298f218faf1d3275698ec88179be1dd5cbd25e19c258b92
2025-09,Nifty Healthcare Index,30-09-2025,37.17,5.27,.59,True,validated,False,2025-09-30,2026-10-04T17:25:46.021177+00:00,https://archives.nseindia.com/content/indices/ind_close_all_30092025.csv,9c784930a9c42ddd9298f218faf1d3275698ec88179be1dd5cbd25e19c258b92
2025-09,Nifty Consumer Durables,30-09-2025,67.54,12.52,.38,True,validated,False,2025-09-30,2026-10-04T17:25:46.021177+00:00,https://archives.nseindia.com/content/indices/ind_close_all_30092025.csv,9c784930a9c42ddd9298f218faf1d3275698ec88179be1dd5cbd25e19c258b92
2025-10,Nifty 50,31-10-2025,22.64,3.52,1.29,True,validated,False,2025-10-31,2026-10-04T17:25:46.109445+00:00,https://archives.nseindia.com/content/indices/ind_close_all_31102025.csv,26e623330c9ddaa0ee3c5cc01d33a7e08517d724ff17aa1fcea91d189ffdefb0
2025-10,Nifty Auto,31-10-2025,27.71,4.85,1.11,True,validated,False,2025-10-31,2026-10-04T17:25:46.109445+00:00,https://archives.nseindia.com/content/indices/ind_close_all_31102025.csv,26e623330c9ddaa0ee3c5cc01d33a7e08517d724ff17aa1fcea91d189ffdefb0
2025-10,Nifty Bank,31-10-2025,16.17,2.17,1.01,True,validated,False,2025-10-31,2026-10-04T17:25:46.109445+00:00,https://archives.nseindia.com/content/indices/ind_close_all_31102025.csv,26e623330c9ddaa0ee3c5cc01d33a7e08517d724ff17aa1fcea91d189ffdefb0
2025-10,Nifty Financial Services,31-10-2025,17.86,2.83,.97,True,validated,False,2025-10-31,2026-10-04T17:25:46.109445+00:00,https://archives.nseindia.com/content/indices/ind_close_all_31102025.csv,26e623330c9ddaa0ee3c5cc01d33a7e08517d724ff17aa1fcea91d189ffdefb0
2025-10,Nifty FMCG,31-10-2025,41.32,10.13,2.04,True,validated,False,2025-10-31,2026-10-04T17:25:46.109445+00:00,https://archives.nseindia.com/content/indices/ind_close_all_31102025.csv,26e623330c9ddaa0ee3c5cc01d33a7e08517d724ff17aa1fcea91d189ffdefb0
2025-10,Nifty IT,31-10-2025,25.31,6.68,3.09,True,validated,False,2025-10-31,2026-10-04T17:25:46.109445+00:00,https://archives.nseindia.com/content/indices/ind_close_all_31102025.csv,26e623330c9ddaa0ee3c5cc01d33a7e08517d724ff17aa1fcea91d189ffdefb0
2025-10,Nifty Metal,31-10-2025,20.03,2.77,1.64,True,validated,False,2025-10-31,2026-10-04T17:25:46.109445+00:00,https://archives.nseindia.com/content/indices/ind_close_all_31102025.csv,26e623330c9ddaa0ee3c5cc01d33a7e08517d724ff17aa1fcea91d189ffdefb0
2025-10,Nifty Pharma,31-10-2025,33.94,4.8,.7,True,validated,False,2025-10-31,2026-10-04T17:25:46.109445+00:00,https://archives.nseindia.com/content/indices/ind_close_all_31102025.csv,26e623330c9ddaa0ee3c5cc01d33a7e08517d724ff17aa1fcea91d189ffdefb0
2025-10,Nifty PSU Bank,31-10-2025,8.38,1.33,2.29,True,validated,False,2025-10-31,2026-10-04T17:25:46.109445+00:00,https://archives.nseindia.com/content/indices/ind_close_all_31102025.csv,26e623330c9ddaa0ee3c5cc01d33a7e08517d724ff17aa1fcea91d189ffdefb0
2025-10,Nifty Realty,31-10-2025,45.02,4.57,.32,True,validated,False,2025-10-31,2026-10-04T17:25:46.109445+00:00,https://archives.nseindia.com/content/indices/ind_close_all_31102025.csv,26e623330c9ddaa0ee3c5cc01d33a7e08517d724ff17aa1fcea91d189ffdefb0
2025-10,Nifty Private Bank,31-10-2025,19.75,2.16,.54,True,validated,False,2025-10-31,2026-10-04T17:25:46.109445+00:00,https://archives.nseindia.com/content/indices/ind_close_all_31102025.csv,26e623330c9ddaa0ee3c5cc01d33a7e08517d724ff17aa1fcea91d189ffdefb0
2025-10,Nifty Oil & Gas,31-10-2025,11.84,1.68,2.17,True,validated,False,2025-10-31,2026-10-04T17:25:46.109445+00:00,https://archives.nseindia.com/content/indices/ind_close_all_31102025.csv,26e623330c9ddaa0ee3c5cc01d33a7e08517d724ff17aa1fcea91d189ffdefb0
2025-10,Nifty Healthcare Index,31-10-2025,38.37,5.48,.57,True,validated,False,2025-10-31,2026-10-04T17:25:46.109445+00:00,https://archives.nseindia.com/content/indices/ind_close_all_31102025.csv,26e623330c9ddaa0ee3c5cc01d33a7e08517d724ff17aa1fcea91d189ffdefb0
2025-10,Nifty Consumer Durables,31-10-2025,67.35,13.02,.38,True,validated,False,2025-10-31,2026-10-04T17:25:46.109445+00:00,https://archives.nseindia.com/content/indices/ind_close_all_31102025.csv,26e623330c9ddaa0ee3c5cc01d33a7e08517d724ff17aa1fcea91d189ffdefb0
2025-11,Nifty 50,28-11-2025,22.81,3.56,1.28,True,validated,False,2025-11-28,2026-10-04T17:25:47.016745+00:00,https://archives.nseindia.com/content/indices/ind_close_all_28112025.csv,2fa7594a6a31361e492a59af6485c9f646bfce7f239dfe3e9c96cb941b41f6ff
2025-11,Nifty Auto,28-11-2025,30.16,4.76,1.13,True,validated,False,2025-11-28,2026-10-04T17:25:47.016745+00:00,https://archives.nseindia.com/content/indices/ind_close_all_28112025.csv,2fa7594a6a31361e492a59af6485c9f646bfce7f239dfe3e9c96cb941b41f6ff
2025-11,Nifty Bank,28-11-2025,16.7,2.26,.98,True,validated,False,2025-11-28,2026-10-04T17:25:47.016745+00:00,https://archives.nseindia.com/content/indices/ind_close_all_28112025.csv,2fa7594a6a31361e492a59af6485c9f646bfce7f239dfe3e9c96cb941b41f6ff
2025-11,Nifty Financial Services,28-11-2025,18.2,2.91,.93,True,validated,False,2025-11-28,2026-10-04T17:25:47.016745+00:00,https://archives.nseindia.com/content/indices/ind_close_all_28112025.csv,2fa7594a6a31361e492a59af6485c9f646bfce7f239dfe3e9c96cb941b41f6ff
2025-11,Nifty FMCG,28-11-2025,40.71,10.02,2,True,validated,False,2025-11-28,2026-10-04T17:25:47.016745+00:00,https://archives.nseindia.com/content/indices/ind_close_all_28112025.csv,2fa7594a6a31361e492a59af6485c9f646bfce7f239dfe3e9c96cb941b41f6ff
2025-11,Nifty IT,28-11-2025,26.49,7,2.98,True,validated,False,2025-11-28,2026-10-04T17:25:47.016745+00:00,https://archives.nseindia.com/content/indices/ind_close_all_28112025.csv,2fa7594a6a31361e492a59af6485c9f646bfce7f239dfe3e9c96cb941b41f6ff
2025-11,Nifty Metal,28-11-2025,18.45,2.68,2.02,True,validated,False,2025-11-28,2026-10-04T17:25:47.016745+00:00,https://archives.nseindia.com/content/indices/ind_close_all_28112025.csv,2fa7594a6a31361e492a59af6485c9f646bfce7f239dfe3e9c96cb941b41f6ff
2025-11,Nifty Pharma,28-11-2025,34.01,4.98,.67,True,validated,False,2025-11-28,2026-10-04T17:25:47.016745+00:00,https://archives.nseindia.com/content/indices/ind_close_all_28112025.csv,2fa7594a6a31361e492a59af6485c9f646bfce7f239dfe3e9c96cb941b41f6ff
2025-11,Nifty PSU Bank,28-11-2025,8.71,1.39,2.2,True,validated,False,2025-11-28,2026-10-04T17:25:47.016745+00:00,https://archives.nseindia.com/content/indices/ind_close_all_28112025.csv,2fa7594a6a31361e492a59af6485c9f646bfce7f239dfe3e9c96cb941b41f6ff
2025-11,Nifty Realty,28-11-2025,41.55,4.36,.33,True,validated,False,2025-11-28,2026-10-04T17:25:47.016745+00:00,https://archives.nseindia.com/content/indices/ind_close_all_28112025.csv,2fa7594a6a31361e492a59af6485c9f646bfce7f239dfe3e9c96cb941b41f6ff
2025-11,Nifty Private Bank,28-11-2025,20.29,2.24,.53,True,validated,False,2025-11-28,2026-10-04T17:25:47.016745+00:00,https://archives.nseindia.com/content/indices/ind_close_all_28112025.csv,2fa7594a6a31361e492a59af6485c9f646bfce7f239dfe3e9c96cb941b41f6ff
2025-11,Nifty Oil & Gas,28-11-2025,11.38,1.68,2.44,True,validated,False,2025-11-28,2026-10-04T17:25:47.016745+00:00,https://archives.nseindia.com/content/indices/ind_close_all_28112025.csv,2fa7594a6a31361e492a59af6485c9f646bfce7f239dfe3e9c96cb941b41f6ff
2025-11,Nifty Healthcare Index,28-11-2025,37.72,5.6,.55,True,validated,False,2025-11-28,2026-10-04T17:25:47.016745+00:00,https://archives.nseindia.com/content/indices/ind_close_all_28112025.csv,2fa7594a6a31361e492a59af6485c9f646bfce7f239dfe3e9c96cb941b41f6ff
2025-11,Nifty Consumer Durables,28-11-2025,65.26,12.78,.37,True,validated,False,2025-11-28,2026-10-04T17:25:47.016745+00:00,https://archives.nseindia.com/content/indices/ind_close_all_28112025.csv,2fa7594a6a31361e492a59af6485c9f646bfce7f239dfe3e9c96cb941b41f6ff
2025-12,Nifty 50,31-12-2025,22.75,3.55,1.28,True,validated,False,2025-12-31,2026-10-04T17:25:46.378467+00:00,https://archives.nseindia.com/content/indices/ind_close_all_31122025.csv,fdb9532652fcc47a10bc4b0729bd69d7c5c4fa4227bdee36176502b6e6609c8b
2025-12,Nifty Auto,31-12-2025,30.61,4.83,1.11,True,validated,False,2025-12-31,2026-10-04T17:25:46.378467+00:00,https://archives.nseindia.com/content/indices/ind_close_all_31122025.csv,fdb9532652fcc47a10bc4b0729bd69d7c5c4fa4227bdee36176502b6e6609c8b
2025-12,Nifty Bank,31-12-2025,16.4,2.19,.98,True,validated,False,2025-12-31,2026-10-04T17:25:46.378467+00:00,https://archives.nseindia.com/content/indices/ind_close_all_31122025.csv,fdb9532652fcc47a10bc4b0729bd69d7c5c4fa4227bdee36176502b6e6609c8b
2025-12,Nifty Financial Services,31-12-2025,17.88,2.91,.84,True,validated,False,2025-12-31,2026-10-04T17:25:46.378467+00:00,https://archives.nseindia.com/content/indices/ind_close_all_31122025.csv,fdb9532652fcc47a10bc4b0729bd69d7c5c4fa4227bdee36176502b6e6609c8b
2025-12,Nifty FMCG,31-12-2025,40.74,10.01,2,True,validated,False,2025-12-31,2026-10-04T17:25:46.378467+00:00,https://archives.nseindia.com/content/indices/ind_close_all_31122025.csv,fdb9532652fcc47a10bc4b0729bd69d7c5c4fa4227bdee36176502b6e6609c8b
2025-12,Nifty IT,31-12-2025,26.65,7.04,2.96,True,validated,False,2025-12-31,2026-10-04T17:25:46.378467+00:00,https://archives.nseindia.com/content/indices/ind_close_all_31122025.csv,fdb9532652fcc47a10bc4b0729bd69d7c5c4fa4227bdee36176502b6e6609c8b
2025-12,Nifty Metal,31-12-2025,19.91,2.91,1.63,True,validated,False,2025-12-31,2026-10-04T17:25:46.378467+00:00,https://archives.nseindia.com/content/indices/ind_close_all_31122025.csv,fdb9532652fcc47a10bc4b0729bd69d7c5c4fa4227bdee36176502b6e6609c8b
2025-12,Nifty Pharma,31-12-2025,33.57,4.92,.68,True,validated,False,2025-12-31,2026-10-04T17:25:46.378467+00:00,https://archives.nseindia.com/content/indices/ind_close_all_31122025.csv,fdb9532652fcc47a10bc4b0729bd69d7c5c4fa4227bdee36176502b6e6609c8b
2025-12,Nifty PSU Bank,31-12-2025,8.75,1.4,2.19,True,validated,False,2025-12-31,2026-10-04T17:25:46.378467+00:00,https://archives.nseindia.com/content/indices/ind_close_all_31122025.csv,fdb9532652fcc47a10bc4b0729bd69d7c5c4fa4227bdee36176502b6e6609c8b
2025-12,Nifty Realty,31-12-2025,40.46,4.25,.34,True,validated,False,2025-12-31,2026-10-04T17:25:46.378467+00:00,https://archives.nseindia.com/content/indices/ind_close_all_31122025.csv,fdb9532652fcc47a10bc4b0729bd69d7c5c4fa4227bdee36176502b6e6609c8b
2025-12,Nifty Private Bank,31-12-2025,20.14,2.27,.54,True,validated,False,2025-12-31,2026-10-04T17:25:46.378467+00:00,https://archives.nseindia.com/content/indices/ind_close_all_31122025.csv,fdb9532652fcc47a10bc4b0729bd69d7c5c4fa4227bdee36176502b6e6609c8b
2025-12,Nifty Oil & Gas,31-12-2025,11.33,1.68,2.78,True,validated,False,2025-12-31,2026-10-04T17:25:46.378467+00:00,https://archives.nseindia.com/content/indices/ind_close_all_31122025.csv,fdb9532652fcc47a10bc4b0729bd69d7c5c4fa4227bdee36176502b6e6609c8b
2025-12,Nifty Healthcare Index,31-12-2025,36.72,5.46,.57,True,validated,False,2025-12-31,2026-10-04T17:25:46.378467+00:00,https://archives.nseindia.com/content/indices/ind_close_all_31122025.csv,fdb9532652fcc47a10bc4b0729bd69d7c5c4fa4227bdee36176502b6e6609c8b
2025-12,Nifty Consumer Durables,31-12-2025,61.25,11.52,.4,True,validated,False,2025-12-31,2026-10-04T17:25:46.378467+00:00,https://archives.nseindia.com/content/indices/ind_close_all_31122025.csv,fdb9532652fcc47a10bc4b0729bd69d7c5c4fa4227bdee36176502b6e6609c8b
2026-01,Nifty 50,30-01-2026,22.04,3.44,1.3,True,validated,False,2026-01-30,2026-10-04T17:25:46.810254+00:00,https://archives.nseindia.com/content/indices/ind_close_all_30012026.csv,8c275e5bf62c5d4efe61efa38f4b22bb34456fff29b8cee512bfb9e01e8a5ddb
2026-01,Nifty Auto,30-01-2026,28.91,4.59,1.18,True,validated,False,2026-01-30,2026-10-04T17:25:46.810254+00:00,https://archives.nseindia.com/content/indices/ind_close_all_30012026.csv,8c275e5bf62c5d4efe61efa38f4b22bb34456fff29b8cee512bfb9e01e8a5ddb
2026-01,Nifty Bank,30-01-2026,16.22,2.13,.98,True,validated,False,2026-01-30,2026-10-04T17:25:46.810254+00:00,https://archives.nseindia.com/content/indices/ind_close_all_30012026.csv,8c275e5bf62c5d4efe61efa38f4b22bb34456fff29b8cee512bfb9e01e8a5ddb
2026-01,Nifty Financial Services,30-01-2026,17.63,2.88,.85,True,validated,False,2026-01-30,2026-10-04T17:25:46.810254+00:00,https://archives.nseindia.com/content/indices/ind_close_all_30012026.csv,8c275e5bf62c5d4efe61efa38f4b22bb34456fff29b8cee512bfb9e01e8a5ddb
2026-01,Nifty FMCG,30-01-2026,37.4,9.24,2.2,True,validated,False,2026-01-30,2026-10-04T17:25:46.810254+00:00,https://archives.nseindia.com/content/indices/ind_close_all_30012026.csv,8c275e5bf62c5d4efe61efa38f4b22bb34456fff29b8cee512bfb9e01e8a5ddb
2026-01,Nifty IT,30-01-2026,27.03,7.06,2.8,True,validated,False,2026-01-30,2026-10-04T17:25:46.810254+00:00,https://archives.nseindia.com/content/indices/ind_close_all_30012026.csv,8c275e5bf62c5d4efe61efa38f4b22bb34456fff29b8cee512bfb9e01e8a5ddb
2026-01,Nifty Metal,30-01-2026,20.63,3.08,1.55,True,validated,False,2026-01-30,2026-10-04T17:25:46.810254+00:00,https://archives.nseindia.com/content/indices/ind_close_all_30012026.csv,8c275e5bf62c5d4efe61efa38f4b22bb34456fff29b8cee512bfb9e01e8a5ddb
2026-01,Nifty Pharma,30-01-2026,33.1,4.73,.7,True,validated,False,2026-01-30,2026-10-04T17:25:46.810254+00:00,https://archives.nseindia.com/content/indices/ind_close_all_30012026.csv,8c275e5bf62c5d4efe61efa38f4b22bb34456fff29b8cee512bfb9e01e8a5ddb
2026-01,Nifty PSU Bank,30-01-2026,9.11,1.47,2.13,True,validated,False,2026-01-30,2026-10-04T17:25:46.810254+00:00,https://archives.nseindia.com/content/indices/ind_close_all_30012026.csv,8c275e5bf62c5d4efe61efa38f4b22bb34456fff29b8cee512bfb9e01e8a5ddb
2026-01,Nifty Realty,30-01-2026,35.68,3.79,.38,True,validated,False,2026-01-30,2026-10-04T17:25:46.810254+00:00,https://archives.nseindia.com/content/indices/ind_close_all_30012026.csv,8c275e5bf62c5d4efe61efa38f4b22bb34456fff29b8cee512bfb9e01e8a5ddb
2026-01,Nifty Private Bank,30-01-2026,20.03,2.25,.55,True,validated,False,2026-01-30,2026-10-04T17:25:46.810254+00:00,https://archives.nseindia.com/content/indices/ind_close_all_30012026.csv,8c275e5bf62c5d4efe61efa38f4b22bb34456fff29b8cee512bfb9e01e8a5ddb
2026-01,Nifty Oil & Gas,30-01-2026,10.51,1.62,2.73,True,validated,False,2026-01-30,2026-10-04T17:25:46.810254+00:00,https://archives.nseindia.com/content/indices/ind_close_all_30012026.csv,8c275e5bf62c5d4efe61efa38f4b22bb34456fff29b8cee512bfb9e01e8a5ddb
2026-01,Nifty Healthcare Index,30-01-2026,35.99,5.21,.6,True,validated,False,2026-01-30,2026-10-04T17:25:46.810254+00:00,https://archives.nseindia.com/content/indices/ind_close_all_30012026.csv,8c275e5bf62c5d4efe61efa38f4b22bb34456fff29b8cee512bfb9e01e8a5ddb
2026-01,Nifty Consumer Durables,30-01-2026,57.22,10.77,.43,True,validated,False,2026-01-30,2026-10-04T17:25:46.810254+00:00,https://archives.nseindia.com/content/indices/ind_close_all_30012026.csv,8c275e5bf62c5d4efe61efa38f4b22bb34456fff29b8cee512bfb9e01e8a5ddb
2026-02,Nifty 50,27-02-2026,22.03,3.42,1.24,True,validated,False,2026-02-27,2026-10-04T17:25:47.007133+00:00,https://archives.nseindia.com/content/indices/ind_close_all_27022026.csv,bf55aefbc9953ca372886689c7d48717dc632682282c6603d924fab437058366
2026-02,Nifty Auto,27-02-2026,33.29,4.83,1.13,True,validated,False,2026-02-27,2026-10-04T17:25:47.007133+00:00,https://archives.nseindia.com/content/indices/ind_close_all_27022026.csv,bf55aefbc9953ca372886689c7d48717dc632682282c6603d924fab437058366
2026-02,Nifty Bank,27-02-2026,16.21,2.11,.97,True,validated,False,2026-02-27,2026-10-04T17:25:47.007133+00:00,https://archives.nseindia.com/content/indices/ind_close_all_27022026.csv,bf55aefbc9953ca372886689c7d48717dc632682282c6603d924fab437058366
2026-02,Nifty Financial Services,27-02-2026,17.8,2.94,.84,True,validated,False,2026-02-27,2026-10-04T17:25:47.007133+00:00,https://archives.nseindia.com/content/indices/ind_close_all_27022026.csv,bf55aefbc9953ca372886689c7d48717dc632682282c6603d924fab437058366
2026-02,Nifty FMCG,27-02-2026,36.89,9.16,1.61,True,validated,False,2026-02-27,2026-10-04T17:25:47.007133+00:00,https://archives.nseindia.com/content/indices/ind_close_all_27022026.csv,bf55aefbc9953ca372886689c7d48717dc632682282c6603d924fab437058366
2026-02,Nifty IT,27-02-2026,21.74,5.68,3.46,True,validated,False,2026-02-27,2026-10-04T17:25:47.007133+00:00,https://archives.nseindia.com/content/indices/ind_close_all_27022026.csv,bf55aefbc9953ca372886689c7d48717dc632682282c6603d924fab437058366
2026-02,Nifty Metal,27-02-2026,20.76,3.19,1.5,True,validated,False,2026-02-27,2026-10-04T17:25:47.007133+00:00,https://archives.nseindia.com/content/indices/ind_close_all_27022026.csv,bf55aefbc9953ca372886689c7d48717dc632682282c6603d924fab437058366
2026-02,Nifty Pharma,27-02-2026,34.35,5,.69,True,validated,False,2026-02-27,2026-10-04T17:25:47.007133+00:00,https://archives.nseindia.com/content/indices/ind_close_all_27022026.csv,bf55aefbc9953ca372886689c7d48717dc632682282c6603d924fab437058366
2026-02,Nifty PSU Bank,27-02-2026,9.74,1.61,1.95,True,validated,False,2026-02-27,2026-10-04T17:25:47.007133+00:00,https://archives.nseindia.com/content/indices/ind_close_all_27022026.csv,bf55aefbc9953ca372886689c7d48717dc632682282c6603d924fab437058366
2026-02,Nifty Realty,27-02-2026,35.16,3.78,.38,True,validated,False,2026-02-27,2026-10-04T17:25:47.007133+00:00,https://archives.nseindia.com/content/indices/ind_close_all_27022026.csv,bf55aefbc9953ca372886689c7d48717dc632682282c6603d924fab437058366
2026-02,Nifty Private Bank,27-02-2026,20.04,2.26,.54,True,validated,False,2026-02-27,2026-10-04T17:25:47.007133+00:00,https://archives.nseindia.com/content/indices/ind_close_all_27022026.csv,bf55aefbc9953ca372886689c7d48717dc632682282c6603d924fab437058366
2026-02,Nifty Oil & Gas,27-02-2026,10.36,1.67,2.11,True,validated,False,2026-02-27,2026-10-04T17:25:47.007133+00:00,https://archives.nseindia.com/content/indices/ind_close_all_27022026.csv,bf55aefbc9953ca372886689c7d48717dc632682282c6603d924fab437058366
2026-02,Nifty Healthcare Index,27-02-2026,37.77,5.58,.57,True,validated,False,2026-02-27,2026-10-04T17:25:47.007133+00:00,https://archives.nseindia.com/content/indices/ind_close_all_27022026.csv,bf55aefbc9953ca372886689c7d48717dc632682282c6603d924fab437058366
2026-02,Nifty Consumer Durables,27-02-2026,59.81,11.78,.39,True,validated,False,2026-02-27,2026-10-04T17:25:47.007133+00:00,https://archives.nseindia.com/content/indices/ind_close_all_27022026.csv,bf55aefbc9953ca372886689c7d48717dc632682282c6603d924fab437058366
2026-03,Nifty 50,30-03-2026,19.62,3.05,1.39,True,validated,False,2026-03-30,2026-10-04T17:25:47.084008+00:00,https://archives.nseindia.com/content/indices/ind_close_all_30032026.csv,251525859c448dd911073f95db447f21495b1cb422b93558f226f3135e6f9cf9
2026-03,Nifty Auto,30-03-2026,28.1,4.07,1.34,True,validated,False,2026-03-30,2026-10-04T17:25:47.084008+00:00,https://archives.nseindia.com/content/indices/ind_close_all_30032026.csv,251525859c448dd911073f95db447f21495b1cb422b93558f226f3135e6f9cf9
2026-03,Nifty Bank,30-03-2026,13.38,1.71,1.17,True,validated,False,2026-03-30,2026-10-04T17:25:47.084008+00:00,https://archives.nseindia.com/content/indices/ind_close_all_30032026.csv,251525859c448dd911073f95db447f21495b1cb422b93558f226f3135e6f9cf9
2026-03,Nifty Financial Services,30-03-2026,15.35,2.51,.98,True,validated,False,2026-03-30,2026-10-04T17:25:47.084008+00:00,https://archives.nseindia.com/content/indices/ind_close_all_30032026.csv,251525859c448dd911073f95db447f21495b1cb422b93558f226f3135e6f9cf9
2026-03,Nifty FMCG,30-03-2026,32.56,8.02,1.81,True,validated,False,2026-03-30,2026-10-04T17:25:47.084008+00:00,https://archives.nseindia.com/content/indices/ind_close_all_30032026.csv,251525859c448dd911073f95db447f21495b1cb422b93558f226f3135e6f9cf9
2026-03,Nifty IT,30-03-2026,20.64,5.39,3.64,True,validated,False,2026-03-30,2026-10-04T17:25:47.084008+00:00,https://archives.nseindia.com/content/indices/ind_close_all_30032026.csv,251525859c448dd911073f95db447f21495b1cb422b93558f226f3135e6f9cf9
2026-03,Nifty Metal,30-03-2026,18.89,2.9,1.79,True,validated,False,2026-03-30,2026-10-04T17:25:47.084008+00:00,https://archives.nseindia.com/content/indices/ind_close_all_30032026.csv,251525859c448dd911073f95db447f21495b1cb422b93558f226f3135e6f9cf9
2026-03,Nifty Pharma,30-03-2026,33.28,4.85,.71,True,validated,False,2026-03-30,2026-10-04T17:25:47.084008+00:00,https://archives.nseindia.com/content/indices/ind_close_all_30032026.csv,251525859c448dd911073f95db447f21495b1cb422b93558f226f3135e6f9cf9
2026-03,Nifty PSU Bank,30-03-2026,7.76,1.28,2.46,True,validated,False,2026-03-30,2026-10-04T17:25:47.084008+00:00,https://archives.nseindia.com/content/indices/ind_close_all_30032026.csv,251525859c448dd911073f95db447f21495b1cb422b93558f226f3135e6f9cf9
2026-03,Nifty Realty,30-03-2026,30.8,3.12,.46,True,validated,False,2026-03-30,2026-10-04T17:25:47.084008+00:00,https://archives.nseindia.com/content/indices/ind_close_all_30032026.csv,251525859c448dd911073f95db447f21495b1cb422b93558f226f3135e6f9cf9
2026-03,Nifty Private Bank,30-03-2026,16.86,1.92,.67,True,validated,False,2026-03-30,2026-10-04T17:25:47.084008+00:00,https://archives.nseindia.com/content/indices/ind_close_all_30032026.csv,251525859c448dd911073f95db447f21495b1cb422b93558f226f3135e6f9cf9
2026-03,Nifty Oil & Gas,30-03-2026,9,1.47,2.45,True,validated,False,2026-03-30,2026-10-04T17:25:47.084008+00:00,https://archives.nseindia.com/content/indices/ind_close_all_30032026.csv,251525859c448dd911073f95db447f21495b1cb422b93558f226f3135e6f9cf9
2026-03,Nifty Healthcare Index,30-03-2026,36.07,5.33,.6,True,validated,False,2026-03-30,2026-10-04T17:25:47.084008+00:00,https://archives.nseindia.com/content/indices/ind_close_all_30032026.csv,251525859c448dd911073f95db447f21495b1cb422b93558f226f3135e6f9cf9
2026-03,Nifty Consumer Durables,30-03-2026,53.19,10.79,.43,True,validated,False,2026-03-30,2026-10-04T17:25:47.084008+00:00,https://archives.nseindia.com/content/indices/ind_close_all_30032026.csv,251525859c448dd911073f95db447f21495b1cb422b93558f226f3135e6f9cf9
2026-04,Nifty 50,30-04-2026,20.94,3.29,1.3,True,validated,False,2026-04-30,2026-10-04T17:25:47.123464+00:00,https://archives.nseindia.com/content/indices/ind_close_all_30042026.csv,e5f696b8110b60574a4a08d1a820bb921a1f4c44d0e6aa736eb59518dde6efe5
2026-04,Nifty Auto,30-04-2026,30.73,4.44,1.23,True,validated,False,2026-04-30,2026-10-04T17:25:47.123464+00:00,https://archives.nseindia.com/content/indices/ind_close_all_30042026.csv,e5f696b8110b60574a4a08d1a820bb921a1f4c44d0e6aa736eb59518dde6efe5
2026-04,Nifty Bank,30-04-2026,13.95,1.87,1.07,True,validated,False,2026-04-30,2026-10-04T17:25:47.123464+00:00,https://archives.nseindia.com/content/indices/ind_close_all_30042026.csv,e5f696b8110b60574a4a08d1a820bb921a1f4c44d0e6aa736eb59518dde6efe5
2026-04,Nifty Financial Services,30-04-2026,16.71,2.76,.89,True,validated,False,2026-04-30,2026-10-04T17:25:47.123464+00:00,https://archives.nseindia.com/content/indices/ind_close_all_30042026.csv,e5f696b8110b60574a4a08d1a820bb921a1f4c44d0e6aa736eb59518dde6efe5
2026-04,Nifty FMCG,30-04-2026,36.33,9,1.62,True,validated,False,2026-04-30,2026-10-04T17:25:47.123464+00:00,https://archives.nseindia.com/content/indices/ind_close_all_30042026.csv,e5f696b8110b60574a4a08d1a820bb921a1f4c44d0e6aa736eb59518dde6efe5
2026-04,Nifty IT,30-04-2026,20.15,5.44,3.66,True,validated,False,2026-04-30,2026-10-04T17:25:47.123464+00:00,https://archives.nseindia.com/content/indices/ind_close_all_30042026.csv,e5f696b8110b60574a4a08d1a820bb921a1f4c44d0e6aa736eb59518dde6efe5
2026-04,Nifty Metal,30-04-2026,21.83,3.36,1.59,True,validated,False,2026-04-30,2026-10-04T17:25:47.123464+00:00,https://archives.nseindia.com/content/indices/ind_close_all_30042026.csv,e5f696b8110b60574a4a08d1a820bb921a1f4c44d0e6aa736eb59518dde6efe5
2026-04,Nifty Pharma,30-04-2026,34.83,5.07,.68,True,validated,False,2026-04-30,2026-10-04T17:25:47.123464+00:00,https://archives.nseindia.com/content/indices/ind_close_all_30042026.csv,e5f696b8110b60574a4a08d1a820bb921a1f4c44d0e6aa736eb59518dde6efe5
2026-04,Nifty PSU Bank,30-04-2026,8.3,1.37,2.28,True,validated,False,2026-04-30,2026-10-04T17:25:47.123464+00:00,https://archives.nseindia.com/content/indices/ind_close_all_30042026.csv,e5f696b8110b60574a4a08d1a820bb921a1f4c44d0e6aa736eb59518dde6efe5
2026-04,Nifty Realty,30-04-2026,36.87,3.8,.37,True,validated,False,2026-04-30,2026-10-04T17:25:47.123464+00:00,https://archives.nseindia.com/content/indices/ind_close_all_30042026.csv,e5f696b8110b60574a4a08d1a820bb921a1f4c44d0e6aa736eb59518dde6efe5
2026-04,Nifty Private Bank,30-04-2026,17.44,2.09,.62,True,validated,False,2026-04-30,2026-10-04T17:25:47.123464+00:00,https://archives.nseindia.com/content/indices/ind_close_all_30042026.csv,e5f696b8110b60574a4a08d1a820bb921a1f4c44d0e6aa736eb59518dde6efe5
2026-04,Nifty Oil & Gas,30-04-2026,9.74,1.59,2.27,True,validated,False,2026-04-30,2026-10-04T17:25:47.123464+00:00,https://archives.nseindia.com/content/indices/ind_close_all_30042026.csv,e5f696b8110b60574a4a08d1a820bb921a1f4c44d0e6aa736eb59518dde6efe5
2026-04,Nifty Healthcare Index,30-04-2026,37.89,5.6,.57,True,validated,False,2026-04-30,2026-10-04T17:25:47.123464+00:00,https://archives.nseindia.com/content/indices/ind_close_all_30042026.csv,e5f696b8110b60574a4a08d1a820bb921a1f4c44d0e6aa736eb59518dde6efe5
2026-04,Nifty Consumer Durables,30-04-2026,59.18,12.18,.38,True,validated,False,2026-04-30,2026-10-04T17:25:47.123464+00:00,https://archives.nseindia.com/content/indices/ind_close_all_30042026.csv,e5f696b8110b60574a4a08d1a820bb921a1f4c44d0e6aa736eb59518dde6efe5
2026-05,Nifty 50,29-05-2026,20.27,3.21,1.35,True,validated,False,2026-05-29,2026-10-04T17:25:47.772127+00:00,https://archives.nseindia.com/content/indices/ind_close_all_29052026.csv,7c3c581f37719fcb3d5027b35cd5a2b4ef4b494dd882326e0aacbf3342945ff2
2026-05,Nifty Auto,29-05-2026,30.43,4.51,1.3,True,validated,False,2026-05-29,2026-10-04T17:25:47.772127+00:00,https://archives.nseindia.com/content/indices/ind_close_all_29052026.csv,7c3c581f37719fcb3d5027b35cd5a2b4ef4b494dd882326e0aacbf3342945ff2
2026-05,Nifty Bank,29-05-2026,13.69,1.85,1.1,True,validated,False,2026-05-29,2026-10-04T17:25:47.772127+00:00,https://archives.nseindia.com/content/indices/ind_close_all_29052026.csv,7c3c581f37719fcb3d5027b35cd5a2b4ef4b494dd882326e0aacbf3342945ff2
2026-05,Nifty Financial Services,29-05-2026,16.32,2.72,.9,True,validated,False,2026-05-29,2026-10-04T17:25:47.772127+00:00,https://archives.nseindia.com/content/indices/ind_close_all_29052026.csv,7c3c581f37719fcb3d5027b35cd5a2b4ef4b494dd882326e0aacbf3342945ff2
2026-05,Nifty FMCG,29-05-2026,34.04,8.55,.91,True,validated,False,2026-05-29,2026-10-04T17:25:47.772127+00:00,https://archives.nseindia.com/content/indices/ind_close_all_29052026.csv,7c3c581f37719fcb3d5027b35cd5a2b4ef4b494dd882326e0aacbf3342945ff2
2026-05,Nifty IT,29-05-2026,19.79,5.4,3.88,True,validated,False,2026-05-29,2026-10-04T17:25:47.772127+00:00,https://archives.nseindia.com/content/indices/ind_close_all_29052026.csv,7c3c581f37719fcb3d5027b35cd5a2b4ef4b494dd882326e0aacbf3342945ff2
2026-05,Nifty Metal,29-05-2026,20.06,3.52,1.53,True,validated,False,2026-05-29,2026-10-04T17:25:47.772127+00:00,https://archives.nseindia.com/content/indices/ind_close_all_29052026.csv,7c3c581f37719fcb3d5027b35cd5a2b4ef4b494dd882326e0aacbf3342945ff2
2026-05,Nifty Pharma,29-05-2026,37.61,5.31,.67,True,validated,False,2026-05-29,2026-10-04T17:25:47.772127+00:00,https://archives.nseindia.com/content/indices/ind_close_all_29052026.csv,7c3c581f37719fcb3d5027b35cd5a2b4ef4b494dd882326e0aacbf3342945ff2
2026-05,Nifty PSU Bank,29-05-2026,7.91,1.3,2.38,True,validated,False,2026-05-29,2026-10-04T17:25:47.772127+00:00,https://archives.nseindia.com/content/indices/ind_close_all_29052026.csv,7c3c581f37719fcb3d5027b35cd5a2b4ef4b494dd882326e0aacbf3342945ff2
2026-05,Nifty Realty,29-05-2026,34.32,3.75,.38,True,validated,False,2026-05-29,2026-10-04T17:25:47.772127+00:00,https://archives.nseindia.com/content/indices/ind_close_all_29052026.csv,7c3c581f37719fcb3d5027b35cd5a2b4ef4b494dd882326e0aacbf3342945ff2
2026-05,Nifty Private Bank,29-05-2026,17.3,2.09,.61,True,validated,False,2026-05-29,2026-10-04T17:25:47.772127+00:00,https://archives.nseindia.com/content/indices/ind_close_all_29052026.csv,7c3c581f37719fcb3d5027b35cd5a2b4ef4b494dd882326e0aacbf3342945ff2
2026-05,Nifty Oil & Gas,29-05-2026,8.99,1.55,2.32,True,validated,False,2026-05-29,2026-10-04T17:25:47.772127+00:00,https://archives.nseindia.com/content/indices/ind_close_all_29052026.csv,7c3c581f37719fcb3d5027b35cd5a2b4ef4b494dd882326e0aacbf3342945ff2
2026-05,Nifty Healthcare Index,29-05-2026,40.28,5.77,.56,True,validated,False,2026-05-29,2026-10-04T17:25:47.772127+00:00,https://archives.nseindia.com/content/indices/ind_close_all_29052026.csv,7c3c581f37719fcb3d5027b35cd5a2b4ef4b494dd882326e0aacbf3342945ff2
2026-05,Nifty Consumer Durables,29-05-2026,62.03,11.24,.4,True,validated,False,2026-05-29,2026-10-04T17:25:47.772127+00:00,https://archives.nseindia.com/content/indices/ind_close_all_29052026.csv,7c3c581f37719fcb3d5027b35cd5a2b4ef4b494dd882326e0aacbf3342945ff2
2026-06,Nifty 50,30-06-2026,20.58,3.12,1.24,True,validated,False,2026-06-30,2026-10-04T17:25:47.311751+00:00,https://archives.nseindia.com/content/indices/ind_close_all_30062026.csv,0c5866bad9e96e6cc711fbe08eb1a384c10f8c9b46e76572ed5ddda5b71942a0
2026-06,Nifty Auto,30-06-2026,30.55,4.58,1.1,True,validated,False,2026-06-30,2026-10-04T17:25:47.311751+00:00,https://archives.nseindia.com/content/indices/ind_close_all_30062026.csv,0c5866bad9e96e6cc711fbe08eb1a384c10f8c9b46e76572ed5ddda5b71942a0
2026-06,Nifty Bank,30-06-2026,14.46,1.85,.8,True,validated,False,2026-06-30,2026-10-04T17:25:47.311751+00:00,https://archives.nseindia.com/content/indices/ind_close_all_30062026.csv,0c5866bad9e96e6cc711fbe08eb1a384c10f8c9b46e76572ed5ddda5b71942a0
2026-06,Nifty Financial Services,30-06-2026,16.97,2.69,.94,True,validated,False,2026-06-30,2026-10-04T17:25:47.311751+00:00,https://archives.nseindia.com/content/indices/ind_close_all_30062026.csv,0c5866bad9e96e6cc711fbe08eb1a384c10f8c9b46e76572ed5ddda5b71942a0
2026-06,Nifty FMCG,30-06-2026,33.57,8.43,.93,True,validated,False,2026-06-30,2026-10-04T17:25:47.311751+00:00,https://archives.nseindia.com/content/indices/ind_close_all_30062026.csv,0c5866bad9e96e6cc711fbe08eb1a384c10f8c9b46e76572ed5ddda5b71942a0
2026-06,Nifty IT,30-06-2026,17.26,4.72,3.48,True,validated,False,2026-06-30,2026-10-04T17:25:47.311751+00:00,https://archives.nseindia.com/content/indices/ind_close_all_30062026.csv,0c5866bad9e96e6cc711fbe08eb1a384c10f8c9b46e76572ed5ddda5b71942a0
2026-06,Nifty Metal,30-06-2026,16.69,2.77,1.69,True,validated,False,2026-06-30,2026-10-04T17:25:47.311751+00:00,https://archives.nseindia.com/content/indices/ind_close_all_30062026.csv,0c5866bad9e96e6cc711fbe08eb1a384c10f8c9b46e76572ed5ddda5b71942a0
2026-06,Nifty Pharma,30-06-2026,38.69,5.31,.62,True,validated,False,2026-06-30,2026-10-04T17:25:47.311751+00:00,https://archives.nseindia.com/content/indices/ind_close_all_30062026.csv,0c5866bad9e96e6cc711fbe08eb1a384c10f8c9b46e76572ed5ddda5b71942a0
2026-06,Nifty PSU Bank,30-06-2026,8.14,1.2,1.02,True,validated,False,2026-06-30,2026-10-04T17:25:47.311751+00:00,https://archives.nseindia.com/content/indices/ind_close_all_30062026.csv,0c5866bad9e96e6cc711fbe08eb1a384c10f8c9b46e76572ed5ddda5b71942a0
2026-06,Nifty Realty,30-06-2026,36.49,3.93,.36,True,validated,False,2026-06-30,2026-10-04T17:25:47.311751+00:00,https://archives.nseindia.com/content/indices/ind_close_all_30062026.csv,0c5866bad9e96e6cc711fbe08eb1a384c10f8c9b46e76572ed5ddda5b71942a0
2026-06,Nifty Private Bank,30-06-2026,18.21,2.18,.67,True,validated,False,2026-06-30,2026-10-04T17:25:47.311751+00:00,https://archives.nseindia.com/content/indices/ind_close_all_30062026.csv,0c5866bad9e96e6cc711fbe08eb1a384c10f8c9b46e76572ed5ddda5b71942a0
2026-06,Nifty Oil & Gas,30-06-2026,8.76,1.5,2.49,True,validated,False,2026-06-30,2026-10-04T17:25:47.311751+00:00,https://archives.nseindia.com/content/indices/ind_close_all_30062026.csv,0c5866bad9e96e6cc711fbe08eb1a384c10f8c9b46e76572ed5ddda5b71942a0
2026-06,Nifty Healthcare Index,30-06-2026,41.81,5.86,.51,True,validated,False,2026-06-30,2026-10-04T17:25:47.311751+00:00,https://archives.nseindia.com/content/indices/ind_close_all_30062026.csv,0c5866bad9e96e6cc711fbe08eb1a384c10f8c9b46e76572ed5ddda5b71942a0
2026-06,Nifty Consumer Durables,30-06-2026,65.56,11.74,.36,True,validated,False,2026-06-30,2026-10-04T17:25:47.311751+00:00,https://archives.nseindia.com/content/indices/ind_close_all_30062026.csv,0c5866bad9e96e6cc711fbe08eb1a384c10f8c9b46e76572ed5ddda5b71942a0
2026-07,Nifty 50,31-07-2026,20.78,2.99,1.22,True,validated,False,2026-07-31,2026-10-04T17:25:47.390357+00:00,https://archives.nseindia.com/content/indices/ind_close_all_31072026.csv,7fc62673ea2c7bee0993f9ef2a32c51b12c7b529bddac4d3c1eee9d8bdda4488
2026-07,Nifty Auto,31-07-2026,32.52,4.48,1.13,True,validated,False,2026-07-31,2026-10-04T17:25:47.390357+00:00,https://archives.nseindia.com/content/indices/ind_close_all_31072026.csv,7fc62673ea2c7bee0993f9ef2a32c51b12c7b529bddac4d3c1eee9d8bdda4488
2026-07,Nifty Bank,31-07-2026,13.61,1.75,.66,True,validated,False,2026-07-31,2026-10-04T17:25:47.390357+00:00,https://archives.nseindia.com/content/indices/ind_close_all_31072026.csv,7fc62673ea2c7bee0993f9ef2a32c51b12c7b529bddac4d3c1eee9d8bdda4488
2026-07,Nifty Financial Services,31-07-2026,16.53,2.51,.95,True,validated,False,2026-07-31,2026-10-04T17:25:47.390357+00:00,https://archives.nseindia.com/content/indices/ind_close_all_31072026.csv,7fc62673ea2c7bee0993f9ef2a32c51b12c7b529bddac4d3c1eee9d8bdda4488
2026-07,Nifty FMCG,31-07-2026,33.52,8.21,1.11,True,validated,False,2026-07-31,2026-10-04T17:25:47.390357+00:00,https://archives.nseindia.com/content/indices/ind_close_all_31072026.csv,7fc62673ea2c7bee0993f9ef2a32c51b12c7b529bddac4d3c1eee9d8bdda4488
2026-07,Nifty IT,31-07-2026,19.61,5.43,2.6,True,validated,False,2026-07-31,2026-10-04T17:25:47.390357+00:00,https://archives.nseindia.com/content/indices/ind_close_all_31072026.csv,7fc62673ea2c7bee0993f9ef2a32c51b12c7b529bddac4d3c1eee9d8bdda4488
2026-07,Nifty Metal,31-07-2026,16.54,2.66,1.79,True,validated,False,2026-07-31,2026-10-04T17:25:47.390357+00:00,https://archives.nseindia.com/content/indices/ind_close_all_31072026.csv,7fc62673ea2c7bee0993f9ef2a32c51b12c7b529bddac4d3c1eee9d8bdda4488
2026-07,Nifty Pharma,31-07-2026,42.93,5.12,.52,True,validated,False,2026-07-31,2026-10-04T17:25:47.390357+00:00,https://archives.nseindia.com/content/indices/ind_close_all_31072026.csv,7fc62673ea2c7bee0993f9ef2a32c51b12c7b529bddac4d3c1eee9d8bdda4488
2026-07,Nifty PSU Bank,31-07-2026,7.59,1.16,.76,True,validated,False,2026-07-31,2026-10-04T17:25:47.390357+00:00,https://archives.nseindia.com/content/indices/ind_close_all_31072026.csv,7fc62673ea2c7bee0993f9ef2a32c51b12c7b529bddac4d3c1eee9d8bdda4488
2026-07,Nifty Realty,31-07-2026,37.73,4.02,.46,True,validated,False,2026-07-31,2026-10-04T17:25:47.390357+00:00,https://archives.nseindia.com/content/indices/ind_close_all_31072026.csv,7fc62673ea2c7bee0993f9ef2a32c51b12c7b529bddac4d3c1eee9d8bdda4488
2026-07,Nifty Private Bank,31-07-2026,17.15,2.02,.6,True,validated,False,2026-07-31,2026-10-04T17:25:47.390357+00:00,https://archives.nseindia.com/content/indices/ind_close_all_31072026.csv,7fc62673ea2c7bee0993f9ef2a32c51b12c7b529bddac4d3c1eee9d8bdda4488
2026-07,Nifty Oil & Gas,31-07-2026,10.81,1.52,2.25,True,validated,False,2026-07-31,2026-10-04T17:25:47.390357+00:00,https://archives.nseindia.com/content/indices/ind_close_all_31072026.csv,7fc62673ea2c7bee0993f9ef2a32c51b12c7b529bddac4d3c1eee9d8bdda4488
2026-07,Nifty Healthcare Index,31-07-2026,45.6,5.56,.46,True,validated,False,2026-07-31,2026-10-04T17:25:47.390357+00:00,https://archives.nseindia.com/content/indices/ind_close_all_31072026.csv,7fc62673ea2c7bee0993f9ef2a32c51b12c7b529bddac4d3c1eee9d8bdda4488
2026-07,Nifty Consumer Durables,31-07-2026,72.41,12.47,.37,True,validated,False,2026-07-31,2026-10-04T17:25:47.390357+00:00,https://archives.nseindia.com/content/indices/ind_close_all_31072026.csv,7fc62673ea2c7bee0993f9ef2a32c51b12c7b529bddac4d3c1eee9d8bdda4488
2026-08,Nifty 50,31-08-2026,20.36,2.92,1.17,True,validated,False,2026-08-31,2026-10-04T17:25:47.411899+00:00,https://archives.nseindia.com/content/indices/ind_close_all_31082026.csv,fa17c80312dfa3e591a141c142c6706b2275781f627363a38a344ea55a0a85f7
2026-08,Nifty Auto,31-08-2026,33.51,4.4,1.01,True,validated,False,2026-08-31,2026-10-04T17:25:47.411899+00:00,https://archives.nseindia.com/content/indices/ind_close_all_31082026.csv,fa17c80312dfa3e591a141c142c6706b2275781f627363a38a344ea55a0a85f7
2026-08,Nifty Bank,31-08-2026,13.73,1.74,.68,True,validated,False,2026-08-31,2026-10-04T17:25:47.411899+00:00,https://archives.nseindia.com/content/indices/ind_close_all_31082026.csv,fa17c80312dfa3e591a141c142c6706b2275781f627363a38a344ea55a0a85f7
2026-08,Nifty Financial Services,31-08-2026,16.13,2.43,.95,True,validated,False,2026-08-31,2026-10-04T17:25:47.411899+00:00,https://archives.nseindia.com/content/indices/ind_close_all_31082026.csv,fa17c80312dfa3e591a141c142c6706b2275781f627363a38a344ea55a0a85f7
2026-08,Nifty FMCG,31-08-2026,31.93,7.68,1.03,True,validated,False,2026-08-31,2026-10-04T17:25:47.411899+00:00,https://archives.nseindia.com/content/indices/ind_close_all_31082026.csv,fa17c80312dfa3e591a141c142c6706b2275781f627363a38a344ea55a0a85f7
2026-08,Nifty IT,31-08-2026,19.9,5.49,2.57,True,validated,False,2026-08-31,2026-10-04T17:25:47.411899+00:00,https://archives.nseindia.com/content/indices/ind_close_all_31082026.csv,fa17c80312dfa3e591a141c142c6706b2275781f627363a38a344ea55a0a85f7
2026-08,Nifty Metal,31-08-2026,16.06,2.71,1.28,True,validated,False,2026-08-31,2026-10-04T17:25:47.411899+00:00,https://archives.nseindia.com/content/indices/ind_close_all_31082026.csv,fa17c80312dfa3e591a141c142c6706b2275781f627363a38a344ea55a0a85f7
2026-08,Nifty Pharma,31-08-2026,42.09,5.11,.52,True,validated,False,2026-08-31,2026-10-04T17:25:47.411899+00:00,https://archives.nseindia.com/content/indices/ind_close_all_31082026.csv,fa17c80312dfa3e591a141c142c6706b2275781f627363a38a344ea55a0a85f7
2026-08,Nifty PSU Bank,31-08-2026,7.75,1.19,.74,True,validated,False,2026-08-31,2026-10-04T17:25:47.411899+00:00,https://archives.nseindia.com/content/indices/ind_close_all_31082026.csv,fa17c80312dfa3e591a141c142c6706b2275781f627363a38a344ea55a0a85f7
2026-08,Nifty Realty,31-08-2026,38.4,3.95,.47,True,validated,False,2026-08-31,2026-10-04T17:25:47.411899+00:00,https://archives.nseindia.com/content/indices/ind_close_all_31082026.csv,fa17c80312dfa3e591a141c142c6706b2275781f627363a38a344ea55a0a85f7
2026-08,Nifty Private Bank,31-08-2026,17.44,2.01,.62,True,validated,False,2026-08-31,2026-10-04T17:25:47.411899+00:00,https://archives.nseindia.com/content/indices/ind_close_all_31082026.csv,fa17c80312dfa3e591a141c142c6706b2275781f627363a38a344ea55a0a85f7
2026-08,Nifty Oil & Gas,31-08-2026,10.99,1.37,1.79,True,validated,False,2026-08-31,2026-10-04T17:25:47.411899+00:00,https://archives.nseindia.com/content/indices/ind_close_all_31082026.csv,fa17c80312dfa3e591a141c142c6706b2275781f627363a38a344ea55a0a85f7
2026-08,Nifty Healthcare Index,31-08-2026,44.39,5.49,.46,True,validated,False,2026-08-31,2026-10-04T17:25:47.411899+00:00,https://archives.nseindia.com/content/indices/ind_close_all_31082026.csv,fa17c80312dfa3e591a141c142c6706b2275781f627363a38a344ea55a0a85f7
2026-08,Nifty Consumer Durables,31-08-2026,65.84,12.46,.35,True,validated,False,2026-08-31,2026-10-04T17:25:47.411899+00:00,https://archives.nseindia.com/content/indices/ind_close_all_31082026.csv,fa17c80312dfa3e591a141c142c6706b2275781f627363a38a344ea55a0a85f7
2026-09,Nifty 50,30-09-2026,19.36,2.78,1.22,True,validated,False,2026-09-30,2026-10-04T17:25:47.581857+00:00,https://archives.nseindia.com/content/indices/ind_close_all_30092026.csv,7b3d0e049ca855bbe51f9e0a8afce106bfd0fef927122b60db46a5572183dcae
2026-09,Nifty Auto,30-09-2026,30.56,4.11,1.11,True,validated,False,2026-09-30,2026-10-04T17:25:47.581857+00:00,https://archives.nseindia.com/content/indices/ind_close_all_30092026.csv,7b3d0e049ca855bbe51f9e0a8afce106bfd0fef927122b60db46a5572183dcae
2026-09,Nifty Bank,30-09-2026,12.95,1.65,.72,True,validated,False,2026-09-30,2026-10-04T17:25:47.581857+00:00,https://archives.nseindia.com/content/indices/ind_close_all_30092026.csv,7b3d0e049ca855bbe51f9e0a8afce106bfd0fef927122b60db46a5572183dcae
2026-09,Nifty Financial Services,30-09-2026,15.11,2.28,1.01,True,validated,False,2026-09-30,2026-10-04T17:25:47.581857+00:00,https://archives.nseindia.com/content/indices/ind_close_all_30092026.csv,7b3d0e049ca855bbe51f9e0a8afce106bfd0fef927122b60db46a5572183dcae
2026-09,Nifty FMCG,30-09-2026,30.87,7.39,1.06,True,validated,False,2026-09-30,2026-10-04T17:25:47.581857+00:00,https://archives.nseindia.com/content/indices/ind_close_all_30092026.csv,7b3d0e049ca855bbe51f9e0a8afce106bfd0fef927122b60db46a5572183dcae
2026-09,Nifty IT,30-09-2026,17.43,4.85,2.89,True,validated,False,2026-09-30,2026-10-04T17:25:47.581857+00:00,https://archives.nseindia.com/content/indices/ind_close_all_30092026.csv,7b3d0e049ca855bbe51f9e0a8afce106bfd0fef927122b60db46a5572183dcae
2026-09,Nifty Metal,30-09-2026,16.74,2.71,1.43,True,validated,False,2026-09-30,2026-10-04T17:25:47.581857+00:00,https://archives.nseindia.com/content/indices/ind_close_all_30092026.csv,7b3d0e049ca855bbe51f9e0a8afce106bfd0fef927122b60db46a5572183dcae
2026-09,Nifty Pharma,30-09-2026,40.9,4.98,.54,True,validated,False,2026-09-30,2026-10-04T17:25:47.581857+00:00,https://archives.nseindia.com/content/indices/ind_close_all_30092026.csv,7b3d0e049ca855bbe51f9e0a8afce106bfd0fef927122b60db46a5572183dcae
2026-09,Nifty PSU Bank,30-09-2026,7.22,1.11,.8,True,validated,False,2026-09-30,2026-10-04T17:25:47.581857+00:00,https://archives.nseindia.com/content/indices/ind_close_all_30092026.csv,7b3d0e049ca855bbe51f9e0a8afce106bfd0fef927122b60db46a5572183dcae
2026-09,Nifty Realty,30-09-2026,35.88,3.7,.49,True,validated,False,2026-09-30,2026-10-04T17:25:47.581857+00:00,https://archives.nseindia.com/content/indices/ind_close_all_30092026.csv,7b3d0e049ca855bbe51f9e0a8afce106bfd0fef927122b60db46a5572183dcae
2026-09,Nifty Private Bank,30-09-2026,16.49,1.91,.68,True,validated,False,2026-09-30,2026-10-04T17:25:47.581857+00:00,https://archives.nseindia.com/content/indices/ind_close_all_30092026.csv,7b3d0e049ca855bbe51f9e0a8afce106bfd0fef927122b60db46a5572183dcae
2026-09,Nifty Oil & Gas,30-09-2026,10.58,1.31,1.84,True,validated,False,2026-09-30,2026-10-04T17:25:47.581857+00:00,https://archives.nseindia.com/content/indices/ind_close_all_30092026.csv,7b3d0e049ca855bbe51f9e0a8afce106bfd0fef927122b60db46a5572183dcae
2026-09,Nifty Healthcare Index,30-09-2026,42.02,5.33,.48,True,validated,False,2026-09-30,2026-10-04T17:25:47.581857+00:00,https://archives.nseindia.com/content/indices/ind_close_all_30092026.csv,7b3d0e049ca855bbe51f9e0a8afce106bfd0fef927122b60db46a5572183dcae
2026-09,Nifty Consumer Durables,30-09-2026,58.85,9.44,.41,True,validated,False,2026-09-30,2026-10-04T17:25:47.581857+00:00,https://archives.nseindia.com/content/indices/ind_close_all_30092026.csv,7b3d0e049ca855bbe51f9e0a8afce106bfd0fef927122b60db46a5572183dcae
2026-10,Nifty 50,01-10-2026,19.19,2.75,1.23,True,validated,True,2026-10-01,2026-10-04T17:25:48.391777+00:00,https://archives.nseindia.com/content/indices/ind_close_all_01102026.csv,b79b5e5c401578b41b44f7bad032e4865a3cd9aa7475a527766c06d134d3b85d
2026-10,Nifty Auto,01-10-2026,29.5,3.97,1.15,True,validated,True,2026-10-01,2026-10-04T17:25:48.391777+00:00,https://archives.nseindia.com/content/indices/ind_close_all_01102026.csv,b79b5e5c401578b41b44f7bad032e4865a3cd9aa7475a527766c06d134d3b85d
2026-10,Nifty Bank,01-10-2026,12.91,1.64,.73,True,validated,True,2026-10-01,2026-10-04T17:25:48.391777+00:00,https://archives.nseindia.com/content/indices/ind_close_all_01102026.csv,b79b5e5c401578b41b44f7bad032e4865a3cd9aa7475a527766c06d134d3b85d
2026-10,Nifty Financial Services,01-10-2026,15.05,2.27,1.01,True,validated,True,2026-10-01,2026-10-04T17:25:48.391777+00:00,https://archives.nseindia.com/content/indices/ind_close_all_01102026.csv,b79b5e5c401578b41b44f7bad032e4865a3cd9aa7475a527766c06d134d3b85d
2026-10,Nifty FMCG,01-10-2026,30.37,7.27,1.08,True,validated,True,2026-10-01,2026-10-04T17:25:48.391777+00:00,https://archives.nseindia.com/content/indices/ind_close_all_01102026.csv,b79b5e5c401578b41b44f7bad032e4865a3cd9aa7475a527766c06d134d3b85d
2026-10,Nifty IT,01-10-2026,17.8,4.96,2.83,True,validated,True,2026-10-01,2026-10-04T17:25:48.391777+00:00,https://archives.nseindia.com/content/indices/ind_close_all_01102026.csv,b79b5e5c401578b41b44f7bad032e4865a3cd9aa7475a527766c06d134d3b85d
2026-10,Nifty Metal,01-10-2026,16.34,2.65,1.47,True,validated,True,2026-10-01,2026-10-04T17:25:48.391777+00:00,https://archives.nseindia.com/content/indices/ind_close_all_01102026.csv,b79b5e5c401578b41b44f7bad032e4865a3cd9aa7475a527766c06d134d3b85d
2026-10,Nifty Pharma,01-10-2026,40.7,4.95,.54,True,validated,True,2026-10-01,2026-10-04T17:25:48.391777+00:00,https://archives.nseindia.com/content/indices/ind_close_all_01102026.csv,b79b5e5c401578b41b44f7bad032e4865a3cd9aa7475a527766c06d134d3b85d
2026-10,Nifty PSU Bank,01-10-2026,7.15,1.1,.81,True,validated,True,2026-10-01,2026-10-04T17:25:48.391777+00:00,https://archives.nseindia.com/content/indices/ind_close_all_01102026.csv,b79b5e5c401578b41b44f7bad032e4865a3cd9aa7475a527766c06d134d3b85d
2026-10,Nifty Realty,01-10-2026,35.36,3.65,.5,True,validated,True,2026-10-01,2026-10-04T17:25:48.391777+00:00,https://archives.nseindia.com/content/indices/ind_close_all_01102026.csv,b79b5e5c401578b41b44f7bad032e4865a3cd9aa7475a527766c06d134d3b85d
2026-10,Nifty Private Bank,01-10-2026,16.49,1.91,.68,True,validated,True,2026-10-01,2026-10-04T17:25:48.391777+00:00,https://archives.nseindia.com/content/indices/ind_close_all_01102026.csv,b79b5e5c401578b41b44f7bad032e4865a3cd9aa7475a527766c06d134d3b85d
2026-10,Nifty Oil & Gas,01-10-2026,10.44,1.29,1.88,True,validated,True,2026-10-01,2026-10-04T17:25:48.391777+00:00,https://archives.nseindia.com/content/indices/ind_close_all_01102026.csv,b79b5e5c401578b41b44f7bad032e4865a3cd9aa7475a527766c06d134d3b85d
2026-10,Nifty Healthcare Index,01-10-2026,41.91,5.32,.48,True,validated,True,2026-10-01,2026-10-04T17:25:48.391777+00:00,https://archives.nseindia.com/content/indices/ind_close_all_01102026.csv,b79b5e5c401578b41b44f7bad032e4865a3cd9aa7475a527766c06d134d3b85d
2026-10,Nifty Consumer Durables,01-10-2026,57.73,9.26,.42,True,validated,True,2026-10-01,2026-10-04T17:25:48.391777+00:00,https://archives.nseindia.com/content/indices/ind_close_all_01102026.csv,b79b5e5c401578b41b44f7bad032e4865a3cd9aa7475a527766c06d134d3b85d
